MID,ORDERID,TXNID,TXNAMOUNT,CURRENCY,TXNDATE,PAYMENTMODE,GATEWAYNAME,BANKNAME,BANKTXNID,STATUS,RESPCODE,RESPMSG,CHECKSUMHASH,CHANNEL,_payerHandle,_customerId
VYOMDEMO0001234567,ORD_VYOM_001834,202604091335031455DBF9980EB6,400.00,INR,2026-04-09 13:35:03.0,PPI,WALLET,WALLET,273622225529975,TXN_SUCCESS,01,Txn Success,eUTOUoEZY8Q0j4QhTbWapTz/+TJKqXkFwr54mnRWCdo=,DYNAMIC_QR,cust_a2033d34f3,C0129
VYOMDEMO0001234567,ORD_VYOM_002220,20260410081149483FBBFAB6468A,190.00,INR,2026-04-10 08:11:49.0,DC,ICICI,ICICI,908686029193544,TXN_SUCCESS,01,Txn Success,pMHFy93rQF41vOruaq4tHYXfF0sxNBz6UuUzSlYbjDU=,DYNAMIC_QR,cust_ddefc75e9e,C0254
VYOMDEMO0001234567,ORD_VYOM_002283,20260411135654D8551325556755,100.00,INR,2026-04-11 13:56:54.0,PPI,WALLET,WALLET,948135512793074,TXN_SUCCESS,01,Txn Success,vBCzSzg56pVl0UqJJBqU7FM1yctmcyQ8DFDyU6dIAcs=,DYNAMIC_QR,cust_5a68152c59,C0319
VYOMDEMO0001234567,ORD_VYOM_000230,202604111640098873E586CA7F75,300.00,INR,2026-04-11 16:40:09.0,PPI,WALLET,WALLET,236184297487911,TXN_SUCCESS,01,Txn Success,ugUxH1FX2CzfVdyoKJIsVMfSdWjavCzDXaTteOwCaWs=,DYNAMIC_QR,cust_ca9b9b6adf,C0011
VYOMDEMO0001234567,ORD_VYOM_002256,2026041213015937F3E03C14EED9,140.00,INR,2026-04-12 13:01:59.0,UPI,UPI,Paytm Payments Bank,319186366638244,TXN_FAILURE,810,Payment failed due to a technical error.,df7iu1SYA12Xz3yLvJoYxY9Vq5ii3Hnw+Bi5edrGayg=,DYNAMIC_QR,cust_76eaae70ce,C0291
VYOMDEMO0001234567,ORD_VYOM_002030,20260412190720D632DF71A6DC6F,440.00,INR,2026-04-12 19:07:20.0,UPI,UPI,Paytm Payments Bank,944453508666767,TXN_SUCCESS,01,Txn Success,gb7Nk+mWgtJ7NoF/xIGXnnZurfnZ1D2MCRtVvsziFi8=,DYNAMIC_QR,cust_a3cf8e4c75,C0167
VYOMDEMO0001234567,ORD_VYOM_002285,20260412202430FF3A5D017C9DED,250.00,INR,2026-04-12 20:24:30.0,CC,HDFC,HDFC,705132972616183,TXN_SUCCESS,01,Txn Success,ERYRSJmD0wbdnG98CrpoHMEtgiqThySaVT6kYB/ZmAs=,DYNAMIC_QR,cust_cda5e42c11,C0321
VYOMDEMO0001234567,ORD_VYOM_001390,2026041409100517641E35C8CA88,250.00,INR,2026-04-14 09:10:05.0,UPI,UPI,Paytm Payments Bank,263525197970515,TXN_SUCCESS,01,Txn Success,frjcG0UDZCBZ3smYviRCm8G09E1kHlrc0oyjNKEVh/E=,DYNAMIC_QR,cust_63b68fdde8,C0064
VYOMDEMO0001234567,ORD_VYOM_001630,2026041411123402564DD692D195,250.00,INR,2026-04-14 11:12:34.0,UPI,UPI,Paytm Payments Bank,399440487814065,TXN_SUCCESS,01,Txn Success,Swt9qfV1NQlyXefl8MkUqfMXsdE+gxfImYydZUF01vw=,DYNAMIC_QR,cust_fb813d4ecf,C0091
VYOMDEMO0001234567,ORD_VYOM_002098,20260415170001A57EC5D55AB434,240.00,INR,2026-04-15 17:00:01.0,UPI,UPI,Paytm Payments Bank,698379937901048,TXN_SUCCESS,01,Txn Success,mLHOk9QuwQELZ+ujUCcOGUrhCqlHIzlkZaR60+BcXyM=,DYNAMIC_QR,cust_870942d0e6,C0181
VYOMDEMO0001234567,ORD_VYOM_001642,20260416202001E2EBDE9346D291,200.00,INR,2026-04-16 20:20:01.0,UPI,UPI,Paytm Payments Bank,567735552780398,TXN_SUCCESS,01,Txn Success,qvJJwHAGVcAsaxX8MPondvRSGIW3QiHKj59uSvzpRmY=,DYNAMIC_QR,cust_3e84afa8ec,C0094
VYOMDEMO0001234567,ORD_VYOM_002059,20260417194001E784A86990FEFD,340.00,INR,2026-04-17 19:40:01.0,CC,HDFC,HDFC,968772847921194,TXN_SUCCESS,01,Txn Success,5KoPAzsXrhbHK/jsiSw45AwCrfybLhis6YrSGwxtzPY=,DYNAMIC_QR,cust_4d15446b2c,C0173
VYOMDEMO0001234567,ORD_VYOM_000939,20260417194640344423D5D37FA9,310.00,INR,2026-04-17 19:46:40.0,UPI,UPI,Paytm Payments Bank,347322406830674,TXN_SUCCESS,01,Txn Success,lW0SaY2//nmWlPwFHDGULth2LNJAh9t2o955CB7rH3Y=,DYNAMIC_QR,cust_d544bf3b16,C0045
VYOMDEMO0001234567,ORD_VYOM_001483,2026041811485973DADC46D2CE63,300.00,INR,2026-04-18 11:48:59.0,UPI,UPI,Paytm Payments Bank,38180660457013,TXN_SUCCESS,01,Txn Success,w+ZCbC0NpHjEXGfPSz8tPHY8WR+RiNiuNL73+Wktqa0=,DYNAMIC_QR,cust_6549be84fc,C0070
VYOMDEMO0001234567,ORD_VYOM_001666,20260418182924E74282D1FCD8C3,300.00,INR,2026-04-18 18:29:24.0,UPI,UPI,Paytm Payments Bank,697826978079319,TXN_SUCCESS,01,Txn Success,+z8CPgVT+n8Dl5lHeYdI4gOaNU0Dx2LGX9P3XZMhd9o=,DYNAMIC_QR,cust_727cd2c5c9,C0098
VYOMDEMO0001234567,ORD_VYOM_002068,20260419195033E15470A419395C,240.00,INR,2026-04-19 19:50:33.0,UPI,UPI,Paytm Payments Bank,643767510687151,TXN_SUCCESS,01,Txn Success,+gjzwbQiRQCwCGYh4v2Cfi6pQ/NCKpsLCFc9/5uV7uA=,DYNAMIC_QR,cust_e15240849f,C0175
VYOMDEMO0001234567,ORD_VYOM_001946,202604192009576A97185C34A685,220.00,INR,2026-04-19 20:09:57.0,UPI,UPI,Paytm Payments Bank,751486618287350,TXN_SUCCESS,01,Txn Success,EHd45oj10a9iLpspMQKvfOZQOXp8ij1PDlsjDQ/vuOM=,DYNAMIC_QR,cust_0137d9f5bc,C0151
VYOMDEMO0001234567,ORD_VYOM_001874,20260419202408600FA47E1197DC,120.00,INR,2026-04-19 20:24:08.0,UPI,UPI,Paytm Payments Bank,831856803588267,TXN_SUCCESS,01,Txn Success,5iC5A9YMK8OUnSkAyC6/C716JhMVm6dthAu1p6hqAMg=,DYNAMIC_QR,cust_9be65df5a3,C0136
VYOMDEMO0001234567,ORD_VYOM_002188,20260420144603305A4ECA8BC760,310.00,INR,2026-04-20 14:46:03.0,UPI,UPI,Paytm Payments Bank,251550727893131,TXN_SUCCESS,01,Txn Success,D8/sYERb/A/EBCwPu6EjoEBKtW0T3sRVKP1Fwtv9m1U=,DYNAMIC_QR,cust_e5b7a0019f,C0222
VYOMDEMO0001234567,ORD_VYOM_002088,2026042018464106AB39C7E34C4F,300.00,INR,2026-04-20 18:46:41.0,UPI,UPI,Paytm Payments Bank,786593482541876,TXN_SUCCESS,01,Txn Success,pSvma96a7JDmMR396iqci3oGzE13NHjvYA/eMO06LL4=,DYNAMIC_QR,cust_fdf604a395,C0180
VYOMDEMO0001234567,ORD_VYOM_000231,2026042109020038FE1347140001,450.00,INR,2026-04-21 09:02:00.0,PPI,WALLET,WALLET,912467666900141,TXN_SUCCESS,01,Txn Success,N6yKluJBC5YA5nA8nrH6XqRLbtUI7I5X9OZMPoTcmRQ=,DYNAMIC_QR,cust_ca9b9b6adf,C0011
VYOMDEMO0001234567,ORD_VYOM_000711,20260421133800B45057EDCBAA45,350.00,INR,2026-04-21 13:38:00.0,CC,HDFC,HDFC,519136193480346,TXN_SUCCESS,01,Txn Success,0MODlQl7gi33Zba6t6YqhUyb4tnBEAtf0JwxEkedYPY=,DYNAMIC_QR,cust_37d415cd87,C0035
VYOMDEMO0001234567,ORD_VYOM_002288,20260421183527DC67BF7E12215F,100.00,INR,2026-04-21 18:35:27.0,CC,HDFC,HDFC,903023319103185,TXN_SUCCESS,01,Txn Success,l1odULRwLM3zaaEGWSEGDjerMILzCzSPi/Ue5uk/S6c=,DYNAMIC_QR,cust_57b8431780,C0324
VYOMDEMO0001234567,ORD_VYOM_002175,20260421194407667DFFE1176EF8,50.00,INR,2026-04-21 19:44:07.0,UPI,UPI,Paytm Payments Bank,86189155896716,TXN_SUCCESS,01,Txn Success,d4a6pN7bnYDmdGEJFyk5Bm3XshMpcRzbyjHtoJr5xqU=,DYNAMIC_QR,cust_21998522c4,C0209
VYOMDEMO0001234567,ORD_VYOM_001391,202604221735163CF5B117242F3E,150.00,INR,2026-04-22 17:35:16.0,UPI,UPI,Paytm Payments Bank,205678457724822,TXN_SUCCESS,01,Txn Success,wjAjBHn6k5bWuKTl08MW4/uQp6d+nMb+jGbbjfTOeV4=,DYNAMIC_QR,cust_63b68fdde8,C0064
VYOMDEMO0001234567,ORD_VYOM_002294,20260423094437153D0C912FBD88,100.00,INR,2026-04-23 09:44:37.0,PPI,WALLET,WALLET,737510619750268,TXN_SUCCESS,01,Txn Success,I75UtpKnPpwjw9FcJPgS/askEHJiheGykmk02QIR5gU=,DYNAMIC_QR,cust_4e803fd1e8,C0330
VYOMDEMO0001234567,ORD_VYOM_002223,20260423114151D33B422B01FE82,90.00,INR,2026-04-23 11:41:51.0,UPI,UPI,Paytm Payments Bank,330771159336867,TXN_SUCCESS,01,Txn Success,qwjpA3yazzqeQvh9m0+GgB+Tm1rmBCQHEG+q+e8z5L0=,DYNAMIC_QR,cust_11747df54f,C0257
VYOMDEMO0001234567,ORD_VYOM_001343,2026042314340319F8994E17AEF2,180.00,INR,2026-04-23 14:34:03.0,PPI,WALLET,WALLET,995216847124984,TXN_SUCCESS,01,Txn Success,oH8YVrFUBFV9i1wdoxGYirpuyro3BsJs26joxRLPB1E=,DYNAMIC_QR,cust_2f66dd2f4f,C0062
VYOMDEMO0001234567,ORD_VYOM_000173,202604231858295A0A2B76310FB3,360.00,INR,2026-04-23 18:58:29.0,UPI,UPI,Paytm Payments Bank,414268260953664,TXN_SUCCESS,01,Txn Success,xNPZ3LDZmAH5hsidb2X1K5bTV5jYSYrjJ35BSy7WJEE=,DYNAMIC_QR,cust_24551de984,C0009
VYOMDEMO0001234567,ORD_VYOM_002246,202604240832179F2399AC3FDA5E,140.00,INR,2026-04-24 08:32:17.0,UPI,UPI,Paytm Payments Bank,797087950615723,TXN_SUCCESS,01,Txn Success,uiX0yxo1s++HD/GfN0vhx/O5JYvMtEQBMdsQKld6JQM=,DYNAMIC_QR,cust_b0a5d8859d,C0280
VYOMDEMO0001234567,ORD_VYOM_000940,20260424212231194529E2A7E818,500.00,INR,2026-04-24 21:22:31.0,DC,ICICI,ICICI,710524333415019,TXN_SUCCESS,01,Txn Success,Uf+Ji8QdtE4U+NvHvsx1TnCoXzKk0OAY5A8ZGXf7Kn4=,DYNAMIC_QR,cust_d544bf3b16,C0045
VYOMDEMO0001234567,ORD_VYOM_000232,202604251047478BD5F5BB614E68,400.00,INR,2026-04-25 10:47:47.0,CC,HDFC,HDFC,429818734477150,TXN_SUCCESS,01,Txn Success,BQm98S/7nfmdQgVTMjECVA495GD4HHAeWrIOEX42WlA=,DYNAMIC_QR,cust_ca9b9b6adf,C0011
VYOMDEMO0001234567,ORD_VYOM_002137,2026042608014188D975A4B57D24,500.00,INR,2026-04-26 08:01:41.0,UPI,UPI,Paytm Payments Bank,970507830491796,TXN_SUCCESS,01,Txn Success,04k+cMDXcVOe4caLq8E7nIZprE9/Zzy2UzBbZXYu3CA=,DYNAMIC_QR,cust_0753906ee5,C0189
VYOMDEMO0001234567,ORD_VYOM_001370,20260426125226B7D1C88544129F,300.00,INR,2026-04-26 12:52:26.0,UPI,UPI,Paytm Payments Bank,488606819460759,TXN_SUCCESS,01,Txn Success,vjS5z5xRjUOYu3Y/NCi4z2RvQ1bFtjDEo/LPv+5gRP4=,DYNAMIC_QR,cust_6e5ea23889,C0063
VYOMDEMO0001234567,ORD_VYOM_001484,202604262000153ECB25AA6FCC7A,680.00,INR,2026-04-26 20:00:15.0,DC,ICICI,ICICI,17956723116151,TXN_SUCCESS,01,Txn Success,PWWJGhNanoofXBULoCd45hQV/BmVB78dQq2mCa8/E0Y=,DYNAMIC_QR,cust_6549be84fc,C0070
VYOMDEMO0001234567,ORD_VYOM_001344,202604270910070EA019CEFBC04F,280.00,INR,2026-04-27 09:10:07.0,UPI,UPI,Paytm Payments Bank,600204898038580,TXN_SUCCESS,01,Txn Success,jRx/jjB4qtoDHrzy+6ily9Dg/k6zZFCNuU1dStUebwY=,DYNAMIC_QR,cust_2f66dd2f4f,C0062
VYOMDEMO0001234567,ORD_VYOM_001690,202604270948501CFEB3D3D58B14,220.00,INR,2026-04-27 09:48:50.0,UPI,UPI,Paytm Payments Bank,67039585907759,TXN_SUCCESS,01,Txn Success,awYkRDGtTgHkDu1ttsFH+91wYpOW/zbJXqkGDuHeb8A=,DYNAMIC_QR,cust_e5084e5c52,C0102
VYOMDEMO0001234567,ORD_VYOM_000233,20260427181612498F0C932C0933,270.00,INR,2026-04-27 18:16:12.0,UPI,UPI,Paytm Payments Bank,522985995054542,TXN_SUCCESS,01,Txn Success,jNKyIh3PkRBV2CHGDZOcZyXCBGZBrgmbN70sHbGGrwo=,DYNAMIC_QR,cust_ca9b9b6adf,C0011
VYOMDEMO0001234567,ORD_VYOM_001835,20260427185304C393F896B9954D,250.00,INR,2026-04-27 18:53:04.0,UPI,UPI,Paytm Payments Bank,103984696179015,TXN_SUCCESS,01,Txn Success,LKic5Rif2vZT4BzkHgkmuNQuWb19NkVrPLopxt4/7Qs=,DYNAMIC_QR,cust_a2033d34f3,C0129
VYOMDEMO0001234567,ORD_VYOM_002213,20260427195235BA5E2FAC92C108,160.00,INR,2026-04-27 19:52:35.0,CC,HDFC,HDFC,785503157917100,TXN_SUCCESS,01,Txn Success,GUgNFiUx0x1DMUAOIBQq5yJaToQnzyqY8Uh0tlLDWfA=,DYNAMIC_QR,cust_f62e8c9c0c,C0247
VYOMDEMO0001234567,ORD_VYOM_001744,20260427210449C16F4BD985CA0E,200.00,INR,2026-04-27 21:04:49.0,UPI,UPI,Paytm Payments Bank,749740070394717,TXN_SUCCESS,01,Txn Success,/+nSn7PMny3l/4dnTwtv4qF2N47JWSwdm8jAM2r37dU=,DYNAMIC_QR,cust_160019570b,C0112
VYOMDEMO0001234567,ORD_VYOM_001392,2026042809091931897F51E68B80,400.00,INR,2026-04-28 09:09:19.0,CC,HDFC,HDFC,389743287438742,TXN_SUCCESS,01,Txn Success,oavdCogcm4IEKDLwp1yFxtUnCKDB90E5CAPiWA8hgdw=,DYNAMIC_QR,cust_63b68fdde8,C0064
VYOMDEMO0001234567,ORD_VYOM_001485,2026042809495309CAC9A4C1DC37,390.00,INR,2026-04-28 09:49:53.0,UPI,UPI,Paytm Payments Bank,960109982870458,TXN_SUCCESS,01,Txn Success,gqFgCHGlnDUXnmMQum5FmRRxpb81VtRvjmxoeGr4AmE=,DYNAMIC_QR,cust_6549be84fc,C0070
VYOMDEMO0001234567,ORD_VYOM_001162,202604281836430F40CD23F26AAB,370.00,INR,2026-04-28 18:36:43.0,UPI,UPI,Paytm Payments Bank,459619004665812,TXN_SUCCESS,01,Txn Success,fhcQ9xv6vaKaw49lBiNd7XhU//F8qPcCFTJEGF2avaA=,DYNAMIC_QR,cust_5cd1790ef5,C0054
VYOMDEMO0001234567,ORD_VYOM_002218,20260428202647FEAC1A12C438D8,140.00,INR,2026-04-28 20:26:47.0,DC,ICICI,ICICI,18500368658628,TXN_SUCCESS,01,Txn Success,RCJo/uXjUQxn8z6quwWs2+P/Ct6YNwHrdim0CYphV+c=,DYNAMIC_QR,cust_c4e6c7a50f,C0252
VYOMDEMO0001234567,ORD_VYOM_000941,20260429092440BB8029D75ED4A1,410.00,INR,2026-04-29 09:24:40.0,DC,ICICI,ICICI,589011910707416,TXN_SUCCESS,01,Txn Success,MrdYP+aAlANlNiunoouY6CIyLIJjLNHL301cdupabRo=,DYNAMIC_QR,cust_d544bf3b16,C0045
VYOMDEMO0001234567,ORD_VYOM_002268,2026042910364858926C2637D85A,230.00,INR,2026-04-29 10:36:48.0,UPI,UPI,Paytm Payments Bank,849108698328089,TXN_SUCCESS,01,Txn Success,Tkf+/2U/WU+TaAc1jKfk5dz2lbW/j9yr0//FQUOLONY=,DYNAMIC_QR,cust_faed7b7b9b,C0303
VYOMDEMO0001234567,ORD_VYOM_001393,2026042914000708EA470AB127E4,300.00,INR,2026-04-29 14:00:07.0,UPI,UPI,Paytm Payments Bank,872392219861733,TXN_SUCCESS,01,Txn Success,yLOKeaux03vHcmGr4DG8dGaJE6LXsYMD3/JzID0/KX8=,DYNAMIC_QR,cust_63b68fdde8,C0064
VYOMDEMO0001234567,ORD_VYOM_001773,2026042920043824D6CC07390265,200.00,INR,2026-04-29 20:04:38.0,DC,ICICI,ICICI,812154273777581,TXN_SUCCESS,01,Txn Success,PbrzP3rZtqFSlN9yIGRQiLSVVXL2fTDHdNvdGn2srrg=,DYNAMIC_QR,cust_020257eebe,C0116
VYOMDEMO0001234567,ORD_VYOM_000234,2026042920593552F66D1C9B4B56,220.00,INR,2026-04-29 20:59:35.0,PPI,WALLET,WALLET,223449750932107,TXN_SUCCESS,01,Txn Success,d4KRyaD79wdeOYZd9dXOCDS9uL8AtUqCMhiQipfQt2Y=,DYNAMIC_QR,cust_ca9b9b6adf,C0011
VYOMDEMO0001234567,ORD_VYOM_001371,202604301035429AC3BED032D6BE,400.00,INR,2026-04-30 10:35:42.0,PPI,WALLET,WALLET,546453559706452,TXN_SUCCESS,01,Txn Success,CEDhbbBVTgclpPNKyzyNWF8kyrHqwkuB4QMYY+J50hI=,DYNAMIC_QR,cust_6e5ea23889,C0063
VYOMDEMO0001234567,ORD_VYOM_000174,20260430144011DBC21A2334A63F,300.00,INR,2026-04-30 14:40:11.0,UPI,UPI,Paytm Payments Bank,652287915790565,TXN_SUCCESS,01,Txn Success,trTTFqajK+4oZ0srEpFP9blHqiqVzEivq3YAgLZwARU=,DYNAMIC_QR,cust_24551de984,C0009
VYOMDEMO0001234567,ORD_VYOM_002277,202604301923426B269376A00234,200.00,INR,2026-04-30 19:23:42.0,UPI,UPI,Paytm Payments Bank,475896638905954,TXN_SUCCESS,01,Txn Success,b+wetUjK5zkzncfa8zgb+9/4eHB3M0G9H8gddeYXoig=,DYNAMIC_QR,cust_998a423407,C0313
VYOMDEMO0001234567,ORD_VYOM_001979,202605010943283CDC754B321218,250.00,INR,2026-05-01 09:43:28.0,PPI,WALLET,WALLET,763071410985973,TXN_SUCCESS,01,Txn Success,+fosHykx6+eTBrLZHDf1ONRghhQ/upb+Dv04S6t6QRs=,DYNAMIC_QR,cust_5669b8558f,C0158
VYOMDEMO0001234567,ORD_VYOM_002214,20260501094831208FF05354BD53,230.00,INR,2026-05-01 09:48:31.0,UPI,UPI,Paytm Payments Bank,363148806470952,TXN_SUCCESS,01,Txn Success,jvqfTxjbO3UeNSzOiFmYojmpRR2bF+KaHNYHI6beALc=,DYNAMIC_QR,cust_be9be15d4d,C0248
VYOMDEMO0001234567,ORD_VYOM_001829,20260501102843D77FBD0EEBB213,150.00,INR,2026-05-01 10:28:43.0,PPI,WALLET,WALLET,38648565148264,TXN_SUCCESS,01,Txn Success,xUPFauDjSbU4ILYYR0BNOUZH+q2orK3ZleFgDGUw58w=,DYNAMIC_QR,cust_1dd4421c42,C0128
VYOMDEMO0001234567,ORD_VYOM_002251,202605011036111436B0860ED15B,150.00,INR,2026-05-01 10:36:11.0,UPI,UPI,Paytm Payments Bank,364298560328133,TXN_SUCCESS,01,Txn Success,WWurVkOV8O9yQjaYjWBkbSv3wHfPkc68b6/Jgyu0xPQ=,DYNAMIC_QR,cust_8ac523dab5,C0285
VYOMDEMO0001234567,ORD_VYOM_002020,202605011425251C6844ECFEBE9C,250.00,INR,2026-05-01 14:25:25.0,UPI,UPI,Paytm Payments Bank,145770878713011,TXN_SUCCESS,01,Txn Success,dfJlASbnNdR6ZqUa4r376tE13hGqyI5jHNxtakuNq38=,DYNAMIC_QR,cust_b4af432e1d,C0166
VYOMDEMO0001234567,ORD_VYOM_001319,20260501174653CB0094F463481D,360.00,INR,2026-05-01 17:46:53.0,UPI,UPI,Paytm Payments Bank,769649716862094,TXN_SUCCESS,01,Txn Success,DA2Irtx0rEttRuxb5Z9ABMirHseqYVk3citpzt8xGKM=,DYNAMIC_QR,cust_33de551bb3,C0061
VYOMDEMO0001234567,ORD_VYOM_001345,20260502084153A6D4BF73A16240,300.00,INR,2026-05-02 08:41:53.0,DC,ICICI,ICICI,658051638284273,TXN_SUCCESS,01,Txn Success,ClmEbNRYSwAyGXbLNGB6QIaSW4vP+pP/ct4Kzdp5Z2U=,DYNAMIC_QR,cust_2f66dd2f4f,C0062
VYOMDEMO0001234567,ORD_VYOM_000712,2026050211151235F9D841FA2D52,590.00,INR,2026-05-02 11:15:12.0,PPI,WALLET,WALLET,141529271771356,TXN_SUCCESS,01,Txn Success,OFeLYqlag8y68+xlvs7Mr47SCstsU4SVz+KmTeT7kQw=,DYNAMIC_QR,cust_37d415cd87,C0035
VYOMDEMO0001234567,ORD_VYOM_002271,202605021521401798560E0B33C3,220.00,INR,2026-05-02 15:21:40.0,CC,HDFC,HDFC,759047593391279,TXN_SUCCESS,01,Txn Success,yOV4/sUe6hctl9Apt/fx4VOX8aGZj9AJW9y3N58um38=,DYNAMIC_QR,cust_d84952ca48,C0307
VYOMDEMO0001234567,ORD_VYOM_000053,20260502155855C1EB258C93BC67,460.00,INR,2026-05-02 15:58:55.0,PPI,WALLET,WALLET,460470779268329,TXN_SUCCESS,01,Txn Success,GQAp8ViA4bZWHrpXRIWZDC7vOxU7WqVKmv6JCQ8GXpw=,DYNAMIC_QR,cust_23bc5b213e,C0004
VYOMDEMO0001234567,ORD_VYOM_002198,202605021828273231ED200806B9,120.00,INR,2026-05-02 18:28:27.0,UPI,UPI,Paytm Payments Bank,161326340513353,TXN_SUCCESS,01,Txn Success,KAWsgGuxjKZpEIdjdYXuOAZX5mLTcAgKZ+M2ElPZ8Tc=,DYNAMIC_QR,cust_7613722097,C0232
VYOMDEMO0001234567,ORD_VYOM_002257,20260503094347A20AF0A1BE4635,80.00,INR,2026-05-03 09:43:47.0,UPI,UPI,Paytm Payments Bank,836537434215253,TXN_SUCCESS,01,Txn Success,ykRZSQ2/JU665w05x8jVDlU4S5s8mkf8FhsYKofchrY=,DYNAMIC_QR,cust_8da346b40b,C0292
VYOMDEMO0001234567,ORD_VYOM_001723,20260503205759766DAE580FD2B0,100.00,INR,2026-05-03 20:57:59.0,CC,HDFC,HDFC,944545206790864,TXN_SUCCESS,01,Txn Success,+/xbNE7IhjOvXCOt8l3Ag6UDwTbfX3B3r1qPURdQigo=,DYNAMIC_QR,cust_69691cd29b,C0108
VYOMDEMO0001234567,ORD_VYOM_001394,202605032155301426A598138C5F,420.00,INR,2026-05-03 21:55:30.0,UPI,UPI,Paytm Payments Bank,276259744526319,TXN_SUCCESS,01,Txn Success,H9HJTgXAfKdgIOSv8oeznH2yUBxuI56U4NdeYBNYLmU=,DYNAMIC_QR,cust_63b68fdde8,C0064
VYOMDEMO0001234567,ORD_VYOM_002089,202605041001039C60D2261C99C7,200.00,INR,2026-05-04 10:01:03.0,UPI,UPI,Paytm Payments Bank,844440222787569,TXN_SUCCESS,01,Txn Success,RcQosQQm/Vm/7KqE8UMVnseG4Uzi6QCFMNQWCBOgDNo=,DYNAMIC_QR,cust_fdf604a395,C0180
VYOMDEMO0001234567,ORD_VYOM_000235,2026050417212212CC85FFADC506,350.00,INR,2026-05-04 17:21:22.0,UPI,UPI,Paytm Payments Bank,281296491177800,TXN_SUCCESS,01,Txn Success,viKqiElHrEax35pgZGQpISgzKiKZZbMwOJ4lNEyC9mU=,DYNAMIC_QR,cust_ca9b9b6adf,C0011
VYOMDEMO0001234567,ORD_VYOM_001462,202605041844324BE28215EB3B26,450.00,INR,2026-05-04 18:44:32.0,UPI,UPI,Paytm Payments Bank,505220336994185,TXN_SUCCESS,01,Txn Success,GWu82lgXTZLSBYRzUewt2Dw3ADy1zYys0T1eeXUTxaA=,DYNAMIC_QR,cust_2775c4cf89,C0069
VYOMDEMO0001234567,ORD_VYOM_000942,20260504202856FD1ADAEE211EED,360.00,INR,2026-05-04 20:28:56.0,UPI,UPI,Paytm Payments Bank,788595011001574,TXN_SUCCESS,01,Txn Success,8OMi04N83OFQuaqDtVAO0LhkGeWAXE79RF/HVvH0Fuw=,DYNAMIC_QR,cust_d544bf3b16,C0045
VYOMDEMO0001234567,ORD_VYOM_001015,20260504211549C7DBBE95B74782,550.00,INR,2026-05-04 21:15:49.0,UPI,UPI,Paytm Payments Bank,408688581578222,TXN_SUCCESS,01,Txn Success,oQ9OiZcNl/zERPILIuEHU10+6xwsoAcqHc6UVTHBgqU=,DYNAMIC_QR,cust_c3657372a9,C0048
VYOMDEMO0001234567,ORD_VYOM_001899,20260505090804BE3DE9FD44D2D9,250.00,INR,2026-05-05 09:08:04.0,UPI,UPI,Paytm Payments Bank,337588015235247,TXN_FAILURE,810,Payment failed due to a technical error.,Zm7GlzMoPbfxlURRIQOPD0gxC6CiLNWj3BgFBGxm8ks=,DYNAMIC_QR,cust_eb1e645a35,C0141
VYOMDEMO0001234567,ORD_VYOM_001163,20260505091039F7AB4D01C8554C,380.00,INR,2026-05-05 09:10:39.0,PPI,WALLET,WALLET,57732062911197,TXN_SUCCESS,01,Txn Success,InvTAGAUAFAljWOFK3mDgoQTeflemYQVWLJGdG23syk=,DYNAMIC_QR,cust_5cd1790ef5,C0054
VYOMDEMO0001234567,ORD_VYOM_001763,202605051706308AB335C03737B0,120.00,INR,2026-05-05 17:06:30.0,DC,ICICI,ICICI,759552689302634,TXN_SUCCESS,01,Txn Success,plLYV7tIyT/GqPoZcy4gj3vSET4Ap+qkwVjqhZVXh+I=,DYNAMIC_QR,cust_b789d332da,C0114
VYOMDEMO0001234567,ORD_VYOM_001875,202605052147214F9956949D843D,300.00,INR,2026-05-05 21:47:21.0,PPI,WALLET,WALLET,287506525942960,TXN_SUCCESS,01,Txn Success,VE2Djp75Eqa60hNzh6FU+xnScoX51+BycAmIDNMJ6yk=,DYNAMIC_QR,cust_9be65df5a3,C0136
VYOMDEMO0001234567,ORD_VYOM_001346,20260506114042D1274406BB1E33,220.00,INR,2026-05-06 11:40:42.0,UPI,UPI,Paytm Payments Bank,358515394161838,TXN_SUCCESS,01,Txn Success,WCmuDSFTBqGEHnRdPPppR7iJGIl+1qCrBIl9XYqkopU=,DYNAMIC_QR,cust_2f66dd2f4f,C0062
VYOMDEMO0001234567,ORD_VYOM_000106,20260506170023E4049BC1F1E057,400.00,INR,2026-05-06 17:00:23.0,CC,HDFC,HDFC,719923554535678,TXN_SUCCESS,01,Txn Success,/TCPxB/JdB2dJwd6/qBkoX1HxiKfwRUDomgMLQ7qj90=,DYNAMIC_QR,cust_4b7feffc40,C0006
VYOMDEMO0001234567,ORD_VYOM_002275,20260506172853E12685EDA78384,120.00,INR,2026-05-06 17:28:53.0,UPI,UPI,Paytm Payments Bank,972291569604533,TXN_SUCCESS,01,Txn Success,DkLd+WLSZjLqDFhuyQMFdXI2JtgysQgJ2lHAjWBKNBg=,DYNAMIC_QR,cust_27cee13b22,C0311
VYOMDEMO0001234567,ORD_VYOM_000742,202605062028408DA75AD8100873,400.00,INR,2026-05-06 20:28:40.0,UPI,UPI,Paytm Payments Bank,446034811496189,TXN_SUCCESS,01,Txn Success,dAQ1slPuL/13OUcu/WKicP/Od8IvOIvUVTLT+g04Zwg=,DYNAMIC_QR,cust_9a8d00481d,C0037
VYOMDEMO0001234567,ORD_VYOM_001016,20260507082632B989CBA008097F,300.00,INR,2026-05-07 08:26:32.0,PPI,WALLET,WALLET,466535321823915,TXN_SUCCESS,01,Txn Success,pT5ogSGF9QvRdA0JhJJXs86EKX8kaDJ/OTpN7iIUBXU=,DYNAMIC_QR,cust_c3657372a9,C0048
VYOMDEMO0001234567,ORD_VYOM_000383,20260507104330A4FF85E0ADECD2,260.00,INR,2026-05-07 10:43:30.0,CC,HDFC,HDFC,362334223088539,TXN_SUCCESS,01,Txn Success,gTdqqlChW4UyG8mBIew/Iz6PSpHrMLKen4IzPnu3tsw=,DYNAMIC_QR,cust_1758aa28d3,C0018
VYOMDEMO0001234567,ORD_VYOM_001486,202605071105229F92A15C13611E,270.00,INR,2026-05-07 11:05:22.0,UPI,UPI,Paytm Payments Bank,635311762293106,TXN_SUCCESS,01,Txn Success,fFoqYFFH3ps4NsuiSY24iOR/LzqP9iht1ha2/+qaPn0=,DYNAMIC_QR,cust_6549be84fc,C0070
VYOMDEMO0001234567,ORD_VYOM_001947,202605071122335D79ACA0BF2036,150.00,INR,2026-05-07 11:22:33.0,PPI,WALLET,WALLET,809333358533043,TXN_SUCCESS,01,Txn Success,+oMXxBbetj8VjreGjNYn3IVpxvFGLqQIs1/677WQrjI=,DYNAMIC_QR,cust_0137d9f5bc,C0151
VYOMDEMO0001234567,ORD_VYOM_001930,20260507172519457EA76DFF97DB,220.00,INR,2026-05-07 17:25:19.0,UPI,UPI,Paytm Payments Bank,404073900123179,TXN_SUCCESS,01,Txn Success,UGBskcXYaTO0yso+tV0bWbvJO41avyqRCt9GkkEeTqg=,DYNAMIC_QR,cust_84f1d1e80b,C0149
VYOMDEMO0001234567,ORD_VYOM_002272,202605071853519037C04B1B29DE,120.00,INR,2026-05-07 18:53:51.0,PPI,WALLET,WALLET,685489872037902,TXN_SUCCESS,01,Txn Success,+RRNvafsUY+p8/pkRVg5m4Wj6mCUVafNL0h2j6ukpKE=,DYNAMIC_QR,cust_dc75be1d9b,C0308
VYOMDEMO0001234567,ORD_VYOM_000175,2026050719315058947B675F2B81,350.00,INR,2026-05-07 19:31:50.0,UPI,UPI,Paytm Payments Bank,676536963188695,TXN_SUCCESS,01,Txn Success,IC9NvUDnnHNJ/qgnPbEnS0BMEmwGHBPyuLuthU/aU5k=,DYNAMIC_QR,cust_24551de984,C0009
VYOMDEMO0001234567,ORD_VYOM_001320,20260507211214136CB2AE326019,400.00,INR,2026-05-07 21:12:14.0,UPI,UPI,Paytm Payments Bank,470113472739659,TXN_SUCCESS,01,Txn Success,yjWgDN/YkdMnKN1ZwDScuIZ3O9Aeji+nwC9WR0m9qDI=,DYNAMIC_QR,cust_33de551bb3,C0061
VYOMDEMO0001234567,ORD_VYOM_000236,202605080931280A56679917D8D9,250.00,INR,2026-05-08 09:31:28.0,PPI,WALLET,WALLET,442553281032954,TXN_SUCCESS,01,Txn Success,7WCm6gEHzeViruuhA5ik1Z2GQY6jh71Azr1rVFkoHMg=,DYNAMIC_QR,cust_ca9b9b6adf,C0011
VYOMDEMO0001234567,ORD_VYOM_000743,20260508102101145EB8DD891393,350.00,INR,2026-05-08 10:21:01.0,UPI,UPI,Paytm Payments Bank,208015156659288,TXN_SUCCESS,01,Txn Success,5lcSiK/X/E4E65aU8oaGKlwH2PVOW3kOszzFTC2K1IM=,DYNAMIC_QR,cust_9a8d00481d,C0037
VYOMDEMO0001234567,ORD_VYOM_001372,20260508195123C144E65427A13C,250.00,INR,2026-05-08 19:51:23.0,DC,ICICI,ICICI,29102492129443,TXN_SUCCESS,01,Txn Success,GQ3mFBPy9bbuEn337jAT2QQv+5P0nmU6gWIXmxdEOEg=,DYNAMIC_QR,cust_6e5ea23889,C0063
VYOMDEMO0001234567,ORD_VYOM_001724,202605082049370950DF2785E957,160.00,INR,2026-05-08 20:49:37.0,DC,ICICI,ICICI,354991037331571,TXN_SUCCESS,01,Txn Success,jsTf7D087K6vzW1d57+KvfU3OYoFRIr3j7r4t6aJ3JE=,DYNAMIC_QR,cust_69691cd29b,C0108
VYOMDEMO0001234567,ORD_VYOM_001463,20260509111044FF29E0A45CC96D,320.00,INR,2026-05-09 11:10:44.0,UPI,UPI,Paytm Payments Bank,713951356974261,TXN_SUCCESS,01,Txn Success,zMGhOBcA+MBUrQ65ZrkET2Vg6KaPThi1dnjNeftq93Q=,DYNAMIC_QR,cust_2775c4cf89,C0069
VYOMDEMO0001234567,ORD_VYOM_001631,20260509120439656C50763684EC,260.00,INR,2026-05-09 12:04:39.0,PPI,WALLET,WALLET,777047409523055,TXN_SUCCESS,01,Txn Success,4kf80MZRtTCCGhheO5NKXYf8zEd0nCSltTgv9IQjpSE=,DYNAMIC_QR,cust_fb813d4ecf,C0091
VYOMDEMO0001234567,ORD_VYOM_002274,20260509155833BE20463605335D,220.00,INR,2026-05-09 15:58:33.0,UPI,UPI,Paytm Payments Bank,980513159927159,TXN_SUCCESS,01,Txn Success,Pz/nY8qvwYdl11xzyZ+BIE1VyIUuVPxUuQSsXPXRXfw=,DYNAMIC_QR,cust_a6143841a6,C0310
VYOMDEMO0001234567,ORD_VYOM_001395,202605091640341F9B75937549CB,400.00,INR,2026-05-09 16:40:34.0,UPI,UPI,Paytm Payments Bank,218413004280626,TXN_SUCCESS,01,Txn Success,QTc+2O5Za51/PaiQ6sx5Sr8KndTUZPcoHtrrQxSqozo=,DYNAMIC_QR,cust_63b68fdde8,C0064
VYOMDEMO0001234567,ORD_VYOM_002189,202605091649113DA7335371A7F5,260.00,INR,2026-05-09 16:49:11.0,UPI,UPI,Paytm Payments Bank,193703987647438,TXN_SUCCESS,01,Txn Success,DKaSZ9lbzjIsvezw93K7JVpxvjwZm9pv88e7p8xTOkk=,DYNAMIC_QR,cust_c7f5fe5b5a,C0223
VYOMDEMO0001234567,ORD_VYOM_002069,20260509183615C0EA6048DFF585,320.00,INR,2026-05-09 18:36:15.0,CC,HDFC,HDFC,21374432396141,TXN_SUCCESS,01,Txn Success,TGameRECxG6ywHvVrUwfc3nNwHZetbHOv39IPgKYi3s=,DYNAMIC_QR,cust_e15240849f,C0175
VYOMDEMO0001234567,ORD_VYOM_001862,202605091847403951A54702E5A1,290.00,INR,2026-05-09 18:47:40.0,UPI,UPI,Paytm Payments Bank,50233357846887,TXN_SUCCESS,01,Txn Success,zDxNkUcrIiWtCQKt7M0r2pPjXHSfdmNJ7TdFuWN0x0A=,DYNAMIC_QR,cust_c60462553f,C0134
VYOMDEMO0001234567,ORD_VYOM_002176,202605100801009FCFDA4F3AB99A,120.00,INR,2026-05-10 08:01:00.0,CC,HDFC,HDFC,33174173634511,TXN_SUCCESS,01,Txn Success,if6seqKmoVJSAIGS7HfB5vnP7u5IvGRWrfNy/1ShNPs=,DYNAMIC_QR,cust_3b07e06066,C0210
VYOMDEMO0001234567,ORD_VYOM_000030,2026051008025312E9B6F4EACB44,350.00,INR,2026-05-10 08:02:53.0,UPI,UPI,Paytm Payments Bank,818272610418644,TXN_FAILURE,227,Your payment has been declined by your bank.,V02Z8DOD+Xp5Pu4zkOZRxJvEfb8IOMQx6Qt3sEJABdY=,DYNAMIC_QR,cust_c4796bc897,C0003
VYOMDEMO0001234567,ORD_VYOM_000943,20260510100237EA3C5DBF0BBC31,400.00,INR,2026-05-10 10:02:37.0,CC,HDFC,HDFC,489058766879139,TXN_SUCCESS,01,Txn Success,8puc3wLGxUPj+ttwdUNkYcLBcfOC/vWS9pYCjWH72jU=,DYNAMIC_QR,cust_d544bf3b16,C0045
VYOMDEMO0001234567,ORD_VYOM_002060,20260510103153DA1C4E093786B3,420.00,INR,2026-05-10 10:31:53.0,DC,ICICI,ICICI,179879116466858,TXN_SUCCESS,01,Txn Success,BvIvKJrLfqI2/ce7z1o1plSIcNv/IjLJgQ2cChL2TXU=,DYNAMIC_QR,cust_4d15446b2c,C0173
VYOMDEMO0001234567,ORD_VYOM_002099,2026051019412860DB7482CB93FD,260.00,INR,2026-05-10 19:41:28.0,UPI,UPI,Paytm Payments Bank,997916182023483,TXN_SUCCESS,01,Txn Success,M7T8W+4Llfb5Qm4D1XBweAWqvcBMYc8M8qaz1gcRm18=,DYNAMIC_QR,cust_870942d0e6,C0181
VYOMDEMO0001234567,ORD_VYOM_001667,202605102045284934C924EC6418,440.00,INR,2026-05-10 20:45:28.0,PPI,WALLET,WALLET,398290733956884,TXN_SUCCESS,01,Txn Success,zCT5uQMMSmtoe7ykrVRAuD5LQ88m4uDrpNLkAYa1hnc=,DYNAMIC_QR,cust_727cd2c5c9,C0098
VYOMDEMO0001234567,ORD_VYOM_001017,202605102056292C7EFD7647CF65,450.00,INR,2026-05-10 20:56:29.0,PPI,WALLET,WALLET,257314450386839,TXN_SUCCESS,01,Txn Success,3FzKRF2kk06wdwG/3llOLxw2Y4VqAXkgFbwUBuVZbvY=,DYNAMIC_QR,cust_c3657372a9,C0048
VYOMDEMO0001234567,ORD_VYOM_000237,202605111027103415DC2A0E1DA1,410.00,INR,2026-05-11 10:27:10.0,UPI,UPI,Paytm Payments Bank,384706540787261,TXN_SUCCESS,01,Txn Success,FpOkvEd6uSJKD1nzYpro1pHwt/BbMrKPm4rGZyaGSTo=,DYNAMIC_QR,cust_ca9b9b6adf,C0011
VYOMDEMO0001234567,ORD_VYOM_002276,20260511192448DAFF36931EF5DE,80.00,INR,2026-05-11 19:24:48.0,UPI,UPI,Paytm Payments Bank,672755325482098,TXN_SUCCESS,01,Txn Success,wAtbcJiSXJBrU8ekbZB6+dFtHp9gRV0iV8FbxRaiIjE=,DYNAMIC_QR,cust_38abd13d69,C0312
VYOMDEMO0001234567,ORD_VYOM_002261,202605111927198379D6D3783464,270.00,INR,2026-05-11 19:27:19.0,UPI,UPI,Paytm Payments Bank,849271980771057,TXN_SUCCESS,01,Txn Success,ets7Qzp2wnW7zmOA1Ca7MvYjYrRrQMu+68ke9Gy6lQU=,DYNAMIC_QR,cust_1aff0a776e,C0296
VYOMDEMO0001234567,ORD_VYOM_002278,20260512080309EFD6FFC9E784AF,400.00,INR,2026-05-12 08:03:09.0,UPI,UPI,Paytm Payments Bank,993247706482963,TXN_SUCCESS,01,Txn Success,u6Wj37pSBAueKpHVnbk5sQzugbtAM6UDeFU7Mhf9NwQ=,DYNAMIC_QR,cust_001ff3eddf,C0314
VYOMDEMO0001234567,ORD_VYOM_000744,2026051208174866B251482F0F9D,470.00,INR,2026-05-12 08:17:48.0,UPI,UPI,Paytm Payments Bank,507551400781723,TXN_SUCCESS,01,Txn Success,7W290wU2CyalI+l8TxfjLlQZXutk1aF6bizDFPuHsKE=,DYNAMIC_QR,cust_9a8d00481d,C0037
VYOMDEMO0001234567,ORD_VYOM_001048,202605120847073B2B8CB72C7135,320.00,INR,2026-05-12 08:47:07.0,UPI,UPI,Paytm Payments Bank,323800335274771,TXN_SUCCESS,01,Txn Success,WOor7GTK34Z8qrcjFMNPjWEgu5SmPY1VeAKn7I5oNYM=,DYNAMIC_QR,cust_fc7659f04d,C0049
VYOMDEMO0001234567,ORD_VYOM_001164,20260512105916BAF2C70D837CC1,300.00,INR,2026-05-12 10:59:16.0,DC,ICICI,ICICI,537689682252367,TXN_SUCCESS,01,Txn Success,3sCFp/jhbejmEcbA4pzdcVfZtDrqBVOhsbtdtAAIH9E=,DYNAMIC_QR,cust_5cd1790ef5,C0054
VYOMDEMO0001234567,ORD_VYOM_001836,202605121819498D50F2038CB083,300.00,INR,2026-05-12 18:19:49.0,UPI,UPI,Paytm Payments Bank,804448452056580,TXN_SUCCESS,01,Txn Success,FhPhy6NbhPsDkWzuLZ7UyvwS+XFF7BfRmSKobK62YGk=,DYNAMIC_QR,cust_a2033d34f3,C0129
VYOMDEMO0001234567,ORD_VYOM_000054,20260512210649B28F806D864F06,380.00,INR,2026-05-12 21:06:49.0,PPI,WALLET,WALLET,225756190037594,PENDING,400,Transaction is pending confirmation.,NUSUV02k3mt8BeEFwpCUdpPqnvShgArTb23zq0cPtss=,DYNAMIC_QR,cust_23bc5b213e,C0004
VYOMDEMO0001234567,ORD_VYOM_000107,20260512214949AD24B50E80605A,480.00,INR,2026-05-12 21:49:49.0,CC,HDFC,HDFC,777770294781371,TXN_SUCCESS,01,Txn Success,yKD8Kn24UzwPBNhFFQ1CjJ4oGwCqt8puuGFn5LNh0gA=,DYNAMIC_QR,cust_4b7feffc40,C0006
VYOMDEMO0001234567,ORD_VYOM_000384,2026051318575506D08C6C7B93CE,200.00,INR,2026-05-13 18:57:55.0,DC,ICICI,ICICI,304487482842846,TXN_SUCCESS,01,Txn Success,uwvz3sqMmw2NPmRlxhct778DmUh92xGikKnRyTqprn8=,DYNAMIC_QR,cust_1758aa28d3,C0018
VYOMDEMO0001234567,ORD_VYOM_001487,202605131958585346D82E0EE046,190.00,INR,2026-05-13 19:58:58.0,DC,ICICI,ICICI,693158502538799,TXN_SUCCESS,01,Txn Success,FK7/+Mk6cNI2G6q75LEY0Pfea+s6dDioi2FYurR9Vuw=,DYNAMIC_QR,cust_6549be84fc,C0070
VYOMDEMO0001234567,ORD_VYOM_001018,20260513205327DEC73E877A9F9B,380.00,INR,2026-05-13 20:53:27.0,PPI,WALLET,WALLET,199467710141146,TXN_SUCCESS,01,Txn Success,W/OWE+OIn7nAGvpppwclASatJw49+Sp7rPzbQolUpG4=,DYNAMIC_QR,cust_c3657372a9,C0048
VYOMDEMO0001234567,ORD_VYOM_001396,20260513210436CEFCCBA75D0D5F,340.00,INR,2026-05-13 21:04:36.0,UPI,UPI,Paytm Payments Bank,377008740882938,TXN_SUCCESS,01,Txn Success,fP62QcHg2HAaQjOnW2a6l5jSNMrDiXrjUFnjrXLVdbE=,DYNAMIC_QR,cust_63b68fdde8,C0064
VYOMDEMO0001234567,ORD_VYOM_000529,20260514083106CA3291D0921037,400.00,INR,2026-05-14 08:31:06.0,PPI,WALLET,WALLET,162751835612897,TXN_SUCCESS,01,Txn Success,0EfVrp+A/Dt8hcL8pkiNEhCCcnmSLOWxFdS41wYLzYU=,DYNAMIC_QR,cust_41941dbbd4,C0026
VYOMDEMO0001234567,ORD_VYOM_000713,202605140853532310A0701E16E4,450.00,INR,2026-05-14 08:53:53.0,UPI,UPI,Paytm Payments Bank,916317468474337,TXN_SUCCESS,01,Txn Success,HTKCy3ph747POg9hFyJ+T+SPPdxmVzATSFxEuXTQmPo=,DYNAMIC_QR,cust_37d415cd87,C0035
VYOMDEMO0001234567,ORD_VYOM_001733,20260514093118527053EF1C794D,250.00,INR,2026-05-14 09:31:18.0,UPI,UPI,Paytm Payments Bank,322613390197486,TXN_SUCCESS,01,Txn Success,blKzkD8Wp6EUn7+50XGELedAicd+nJgDtPYiydFpOfk=,DYNAMIC_QR,cust_9e0f68731d,C0109
VYOMDEMO0001234567,ORD_VYOM_000176,20260514123024F19623499D37C4,400.00,INR,2026-05-14 12:30:24.0,UPI,UPI,Paytm Payments Bank,381309777056998,TXN_FAILURE,810,Payment failed due to a technical error.,ZNj2tThFvY0ay1KCfxuMechea9kJTRPdckCF+/Jj+e0=,DYNAMIC_QR,cust_24551de984,C0009
VYOMDEMO0001234567,ORD_VYOM_000879,202605141852006F7D8EB6A57573,300.00,INR,2026-05-14 18:52:00.0,CC,HDFC,HDFC,901342843436576,TXN_SUCCESS,01,Txn Success,2nmP2nV2hfEeoQmP4cl/hbyryZ71YUjwBWUU6sAgBM0=,DYNAMIC_QR,cust_20281afbd7,C0043
VYOMDEMO0001234567,ORD_VYOM_001980,202605141910568C03ACE4931E19,150.00,INR,2026-05-14 19:10:56.0,UPI,UPI,Paytm Payments Bank,463535166863538,TXN_SUCCESS,01,Txn Success,ikFmnTrKjOj0B/RZFrg3shPXmre4hgKqntOebrhnEx0=,DYNAMIC_QR,cust_5669b8558f,C0158
VYOMDEMO0001234567,ORD_VYOM_001446,202605141917096F611E2067944F,440.00,INR,2026-05-14 19:17:09.0,PPI,WALLET,WALLET,499455901681961,TXN_SUCCESS,01,Txn Success,utcbL9ANHgclLiwsI7ECfD9Wt0scEbMl1dSIMnOen6Q=,DYNAMIC_QR,cust_f5144e6e67,C0068
VYOMDEMO0001234567,ORD_VYOM_001347,20260514194426B8FA854128719E,250.00,INR,2026-05-14 19:44:26.0,UPI,UPI,Paytm Payments Bank,7951393680788,TXN_SUCCESS,01,Txn Success,A2Ql9fUDj0hOkUEw0P+RNLCmKtp1Vpi3hE9PGHJ2IAw=,DYNAMIC_QR,cust_2f66dd2f4f,C0062
VYOMDEMO0001234567,ORD_VYOM_000586,2026051419554212E65A7289706B,380.00,INR,2026-05-14 19:55:42.0,UPI,UPI,Paytm Payments Bank,196739205839221,TXN_SUCCESS,01,Txn Success,0D8eA9wODFR1uVslKfiUWWDoxA9CdnkhXZLUHL/1xw8=,DYNAMIC_QR,cust_106abbb9b5,C0029
VYOMDEMO0001234567,ORD_VYOM_002253,202605142037230C371382DD74B8,80.00,INR,2026-05-14 20:37:23.0,CC,HDFC,HDFC,823802887659449,TXN_SUCCESS,01,Txn Success,ihQesz0M/8ZkodOtja7Q94XsMlx4XnKc3nI1HSMBY4I=,DYNAMIC_QR,cust_d0f1cda1c8,C0287
VYOMDEMO0001234567,ORD_VYOM_000031,20260515094509B630B6EB04A57D,460.00,INR,2026-05-15 09:45:09.0,UPI,UPI,Paytm Payments Bank,335623677995653,TXN_SUCCESS,01,Txn Success,CQLGAifBPc1ZrVM9eGzstsK0mkDiNsK2oqf4CDEbiYw=,DYNAMIC_QR,cust_c4796bc897,C0003
VYOMDEMO0001234567,ORD_VYOM_001910,2026051510091327C9ED600276CD,360.00,INR,2026-05-15 10:09:13.0,DC,ICICI,ICICI,772860309485393,TXN_SUCCESS,01,Txn Success,nQ5079VYR+mYbQd60KQ1yF/Z/cs/UJ+JT0uRC4MrKXo=,DYNAMIC_QR,cust_5f6c8a8dea,C0144
VYOMDEMO0001234567,ORD_VYOM_001691,20260515165921230D728DF2B3D7,260.00,INR,2026-05-15 16:59:21.0,PPI,WALLET,WALLET,9192845662066,TXN_SUCCESS,01,Txn Success,IpPtxE6ymppgGOq1+lxQTwYmyxZDJbSz8MHJ8PhXzYA=,DYNAMIC_QR,cust_e5084e5c52,C0102
VYOMDEMO0001234567,ORD_VYOM_000944,202605151750503070ED56B789AA,360.00,INR,2026-05-15 17:50:50.0,UPI,UPI,Paytm Payments Bank,302210213140785,TXN_SUCCESS,01,Txn Success,0XfDt1Ji3AJUR3zeg8XC4jaOwayJITGHo0XkH7Ry/Fo=,DYNAMIC_QR,cust_d544bf3b16,C0045
VYOMDEMO0001234567,ORD_VYOM_001643,20260515185643B315ACF8854E89,200.00,INR,2026-05-15 18:56:43.0,CC,HDFC,HDFC,798731235062228,TXN_SUCCESS,01,Txn Success,rQpl5c/ENE8LlcLRspww8B+UANxyY8upiz5oXtaSjOM=,DYNAMIC_QR,cust_3e84afa8ec,C0094
VYOMDEMO0001234567,ORD_VYOM_002289,202605151901267434FD284D0A30,200.00,INR,2026-05-15 19:01:26.0,CC,HDFC,HDFC,692398426060379,TXN_SUCCESS,01,Txn Success,c8KJGjPwo3a+MLlTU5DlPXpuWSxdT6ICc1aU+b5WXOE=,DYNAMIC_QR,cust_39f221fb2e,C0325
VYOMDEMO0001234567,ORD_VYOM_001321,20260515202059721D278C8A9FD4,420.00,INR,2026-05-15 20:20:59.0,UPI,UPI,Paytm Payments Bank,350750143208432,TXN_SUCCESS,01,Txn Success,C0j7wDOMl7DP8Dxx8qhTeI6T+LlybIUhGiZ43b1jmvw=,DYNAMIC_QR,cust_33de551bb3,C0061
VYOMDEMO0001234567,ORD_VYOM_001373,202605160922473DF120E8FA77B7,200.00,INR,2026-05-16 09:22:47.0,PPI,WALLET,WALLET,119549472258609,TXN_SUCCESS,01,Txn Success,yEZLsKMAtZW2gDoJdMKjG4tqy5P5aOJOdVfVF80KD/M=,DYNAMIC_QR,cust_6e5ea23889,C0063
VYOMDEMO0001234567,ORD_VYOM_002138,20260516095249BC9FCDEA798CDA,220.00,INR,2026-05-16 09:52:49.0,UPI,UPI,Paytm Payments Bank,89871160023023,TXN_SUCCESS,01,Txn Success,rPo/wLn2pDIS16UUIrnCZCX1RZmjhmTLQuyHWUnbL8Y=,DYNAMIC_QR,cust_0753906ee5,C0189
VYOMDEMO0001234567,ORD_VYOM_002031,20260516095411A1C500AE692D7F,260.00,INR,2026-05-16 09:54:11.0,UPI,UPI,Paytm Payments Bank,964677446007629,TXN_SUCCESS,01,Txn Success,zoQY4EIQCmAojRANdzVkVeZ4rqfFE0yxeJJE/ZcM/LM=,DYNAMIC_QR,cust_a3cf8e4c75,C0167
VYOMDEMO0001234567,ORD_VYOM_002269,20260516111424A76E4A083A3DA7,330.00,INR,2026-05-16 11:14:24.0,UPI,UPI,Paytm Payments Bank,549572454205654,TXN_SUCCESS,01,Txn Success,iYk/R5xQ6tWnAiIK2b3yPS+weDO4TE7MVSAsUGxOPxs=,DYNAMIC_QR,cust_e91a9dffe7,C0304
VYOMDEMO0001234567,ORD_VYOM_000177,2026051616014395BE45F2093D47,300.00,INR,2026-05-16 16:01:43.0,UPI,UPI,Paytm Payments Bank,401533714397860,TXN_SUCCESS,01,Txn Success,xitqFUsY7RpBOqQGygIvPq40Pmblnmug5Zzg/QskNXI=,DYNAMIC_QR,cust_24551de984,C0009
VYOMDEMO0001234567,ORD_VYOM_001855,202605161605469F46A50BAD4960,240.00,INR,2026-05-16 16:05:46.0,UPI,UPI,Paytm Payments Bank,927050486570443,TXN_SUCCESS,01,Txn Success,Wn+23mYVJUPHTIL6iyvmOMUxjlfBKZYOO7GAotOWxIA=,DYNAMIC_QR,cust_0394d626dc,C0133
VYOMDEMO0001234567,ORD_VYOM_000238,20260516181753035BEEEC97CD7F,240.00,INR,2026-05-16 18:17:53.0,UPI,UPI,Paytm Payments Bank,210715204376303,TXN_SUCCESS,01,Txn Success,yxe7X46Y6bN3FaQIKtqIBVFHmAwNK5XvnYM1DojN4UU=,DYNAMIC_QR,cust_ca9b9b6adf,C0011
VYOMDEMO0001234567,ORD_VYOM_001774,20260516191202F53982FCDCF3BD,100.00,INR,2026-05-16 19:12:02.0,CC,HDFC,HDFC,874072695528342,TXN_SUCCESS,01,Txn Success,x4cfiopdwHmGI36DdJbjfVpyo6/jeEmjMl5bvSSkL8c=,DYNAMIC_QR,cust_020257eebe,C0116
VYOMDEMO0001234567,ORD_VYOM_000055,20260516192548AF4E1C73FF58B4,540.00,INR,2026-05-16 19:25:48.0,UPI,UPI,Paytm Payments Bank,218781275391587,TXN_SUCCESS,01,Txn Success,6Njr1GwiXRe3bHJ5Mibn8obGhZfAXD0aVKxlhCGr7/k=,DYNAMIC_QR,cust_23bc5b213e,C0004
VYOMDEMO0001234567,ORD_VYOM_001989,20260516203426F9BF268D59F580,160.00,INR,2026-05-16 20:34:26.0,UPI,UPI,Paytm Payments Bank,495912813997623,TXN_FAILURE,411,Invalid Amount sent to Paytm,uHY+zSTVTmXKSkALxehdK8lBUIKyGYhfrzxMlOawdD4=,DYNAMIC_QR,cust_6acbbf9b37,C0159
VYOMDEMO0001234567,ORD_VYOM_001165,2026051710462278330393F54CAC,450.00,INR,2026-05-17 10:46:22.0,UPI,UPI,Paytm Payments Bank,595536422498060,TXN_SUCCESS,01,Txn Success,x6sYbTdenPHuF/kWyZ5ayNN/+iIp6k1UiJR2QL4WDNQ=,DYNAMIC_QR,cust_5cd1790ef5,C0054
VYOMDEMO0001234567,ORD_VYOM_002244,20260517105633580B2385C5E473,100.00,INR,2026-05-17 10:56:33.0,CC,HDFC,HDFC,38777454492465,TXN_SUCCESS,01,Txn Success,f18bmi2nBydjeBt4andR/mhgFJzFw8YgesRKLx4VkjY=,DYNAMIC_QR,cust_f86e194772,C0278
VYOMDEMO0001234567,ORD_VYOM_001348,20260517110537C687FFBDED8051,300.00,INR,2026-05-17 11:05:37.0,DC,ICICI,ICICI,307487637803223,TXN_SUCCESS,01,Txn Success,vRvHF9m8G83sPeBrv9LV4VW4yNTgG2txgtx3HEEJOIo=,DYNAMIC_QR,cust_2f66dd2f4f,C0062
VYOMDEMO0001234567,ORD_VYOM_002247,20260517115913DBB373A79F209E,280.00,INR,2026-05-17 11:59:13.0,UPI,UPI,Paytm Payments Bank,351564013772329,TXN_SUCCESS,01,Txn Success,OVO/rXYisDESBqA/YYfxl88JT09LMFZSGrCffne3FdQ=,DYNAMIC_QR,cust_f796dc2452,C0281
VYOMDEMO0001234567,ORD_VYOM_002216,20260517144121C17D49C892DDBE,120.00,INR,2026-05-17 14:41:21.0,DC,ICICI,ICICI,72304855483731,TXN_SUCCESS,01,Txn Success,v9jAfD/wOPJkYVhvtxy9nLXx+RqFuEg9LuNxO+vJ7I8=,DYNAMIC_QR,cust_6e668ea65e,C0250
VYOMDEMO0001234567,ORD_VYOM_000201,20260517180021D6E5DED3BA1F63,350.00,INR,2026-05-17 18:00:21.0,UPI,UPI,Paytm Payments Bank,788135041766516,TXN_SUCCESS,01,Txn Success,/SGfwdcjKHDpLdLfZxBV30qLBZAszj/0eCnncQl77uw=,DYNAMIC_QR,cust_785ff6e6b2,C0010
VYOMDEMO0001234567,ORD_VYOM_002267,20260517190449ABBC31CF883C39,120.00,INR,2026-05-17 19:04:49.0,CC,HDFC,HDFC,640377678348013,TXN_SUCCESS,01,Txn Success,zI/dpYUED9nba7af7UfSmK/z6vkm8IfRIwWDFGEhKtQ=,DYNAMIC_QR,cust_284a78c9c7,C0302
VYOMDEMO0001234567,ORD_VYOM_001019,202605172058246E0446CA556BF5,450.00,INR,2026-05-17 20:58:24.0,UPI,UPI,Paytm Payments Bank,170909604752278,TXN_SUCCESS,01,Txn Success,AE0zjelIniYHDDcdep+b4bwEmS+86yvmhs310hPOt80=,DYNAMIC_QR,cust_c3657372a9,C0048
VYOMDEMO0001234567,ORD_VYOM_002111,2026051808003215E0492868CB06,220.00,INR,2026-05-18 08:00:32.0,UPI,UPI,Paytm Payments Bank,170378882942850,TXN_SUCCESS,01,Txn Success,yNyUwdZv/bTEc1tuXBxNsJPC15R5xEE1SboP4zjyLck=,DYNAMIC_QR,cust_d086bba453,C0184
VYOMDEMO0001234567,ORD_VYOM_001049,202605180804327BF1F630F9DEC6,250.00,INR,2026-05-18 08:04:32.0,PPI,WALLET,WALLET,448831479665713,TXN_SUCCESS,01,Txn Success,A+HkJUpAa+w2BYY1QUo/W0OgYDvpQDvtalVhvjPt+Iw=,DYNAMIC_QR,cust_fc7659f04d,C0049
VYOMDEMO0001234567,ORD_VYOM_001702,202605180915166E775CC1F232EB,240.00,INR,2026-05-18 09:15:16.0,UPI,UPI,Paytm Payments Bank,256127505309554,TXN_FAILURE,227,Your payment has been declined by your bank.,/CJicEe3G+vodYM/RQcAw0DqAR71QlJ4atKQn+C/a+k=,DYNAMIC_QR,cust_86651a9c66,C0104
VYOMDEMO0001234567,ORD_VYOM_001091,20260518172336607272FB139F8D,320.00,INR,2026-05-18 17:23:36.0,PPI,WALLET,WALLET,251279790053195,TXN_SUCCESS,01,Txn Success,TyltZgbDGGmBqsZl7wIuQ3L8PR8/r0jSCiITiNfHmKM=,DYNAMIC_QR,cust_daf1fef437,C0051
VYOMDEMO0001234567,ORD_VYOM_002241,2026051819001907169D528AB822,210.00,INR,2026-05-18 19:00:19.0,UPI,UPI,Paytm Payments Bank,751975756925834,TXN_SUCCESS,01,Txn Success,a1him0fY0wViPoyweXZziGAz1DvIXyvWHG+o3tMsdog=,DYNAMIC_QR,cust_6ce8d3a605,C0275
VYOMDEMO0001234567,ORD_VYOM_001464,202605182015501441EB7E1CBE3A,400.00,INR,2026-05-18 20:15:50.0,PPI,WALLET,WALLET,160782694970876,TXN_SUCCESS,01,Txn Success,ZYayih0X+xhVnK9dc2kF47HMjK4aDRiT6tB6+Bdp+kQ=,DYNAMIC_QR,cust_2775c4cf89,C0069
VYOMDEMO0001234567,ORD_VYOM_002021,2026051915491449CEAED07A5B7A,320.00,INR,2026-05-19 15:49:14.0,UPI,UPI,Paytm Payments Bank,912075861532682,TXN_SUCCESS,01,Txn Success,GcxNnHWSWtIbaCN4zTD+2soxuB1bU7/sEs+g3QoA21g=,DYNAMIC_QR,cust_b4af432e1d,C0166
VYOMDEMO0001234567,ORD_VYOM_000587,20260519194443B0A32890473367,260.00,INR,2026-05-19 19:44:43.0,CC,HDFC,HDFC,679388138262212,TXN_SUCCESS,01,Txn Success,x+PjH4MCIl4JGp5HaNWdMnFtcToZ7FIQJuYrtiBThsE=,DYNAMIC_QR,cust_106abbb9b5,C0029
VYOMDEMO0001234567,ORD_VYOM_001632,20260519203658669F93053D8E03,200.00,INR,2026-05-19 20:36:58.0,UPI,UPI,Paytm Payments Bank,909179559782868,TXN_SUCCESS,01,Txn Success,ydyHcvk6Q4IaVPuLqK8fxLbd2j7MSmXc9JZPQjhkqy0=,DYNAMIC_QR,cust_fb813d4ecf,C0091
VYOMDEMO0001234567,ORD_VYOM_001580,20260520081149251C30C8BA2675,240.00,INR,2026-05-20 08:11:49.0,UPI,UPI,Paytm Payments Bank,700707322556262,TXN_SUCCESS,01,Txn Success,+6VUbfXf3zFKuX0wgI0ntpH+Uv/aIfqVlOc80bBUYoY=,DYNAMIC_QR,cust_caabbd1275,C0080
VYOMDEMO0001234567,ORD_VYOM_001937,2026052010165570BD3A5270F735,200.00,INR,2026-05-20 10:16:55.0,UPI,UPI,Paytm Payments Bank,719108971153265,TXN_SUCCESS,01,Txn Success,HrEqVJ86t3+CIMasSO6XPyRGuu4BoJBO2KLibnEG+BM=,DYNAMIC_QR,cust_ae8f8ca329,C0150
VYOMDEMO0001234567,ORD_VYOM_001488,202605201644343E107D537CD6EC,200.00,INR,2026-05-20 16:44:34.0,UPI,UPI,Paytm Payments Bank,393622258416364,TXN_SUCCESS,01,Txn Success,RdWRGmkLSWQ9jy04C8P6rFguLvHByspJauFYPDmvpI8=,DYNAMIC_QR,cust_6549be84fc,C0070
VYOMDEMO0001234567,ORD_VYOM_000056,20260520193537D45E67F056722A,360.00,INR,2026-05-20 19:35:37.0,UPI,UPI,Paytm Payments Bank,147685512451039,TXN_SUCCESS,01,Txn Success,B5/ltdFhhmcpuNSDGnwUabHQ8NdMDGIBv9A3JoCCN3Y=,DYNAMIC_QR,cust_23bc5b213e,C0004
VYOMDEMO0001234567,ORD_VYOM_000880,2026052019390953ED19A92CF09C,200.00,INR,2026-05-20 19:39:09.0,CC,HDFC,HDFC,247309120951476,TXN_SUCCESS,01,Txn Success,kY0VmHRpLW03X7XDlaGZz17Hi91JyO6BG4QqJr/0xx0=,DYNAMIC_QR,cust_20281afbd7,C0043
VYOMDEMO0001234567,ORD_VYOM_001795,20260520211418D22D22D0C8BA2F,250.00,INR,2026-05-20 21:14:18.0,CC,HDFC,HDFC,30782967796052,TXN_SUCCESS,01,Txn Success,baRAyZnjaOLXtLPic31/aRX/TY7rWHOGW5QVRzP5Ajs=,DYNAMIC_QR,cust_d1e31bd680,C0120
VYOMDEMO0001234567,ORD_VYOM_001611,20260521080714E68829FA218C89,200.00,INR,2026-05-21 08:07:14.0,UPI,UPI,Paytm Payments Bank,634221437668330,TXN_SUCCESS,01,Txn Success,fGTJuAhS9bTZ4BKl2WonATq3hKln/kxstZ/8JBLtHgA=,DYNAMIC_QR,cust_e457527155,C0086
VYOMDEMO0001234567,ORD_VYOM_002265,20260521083528FA5989BEF98126,80.00,INR,2026-05-21 08:35:28.0,PPI,WALLET,WALLET,344492177306884,TXN_SUCCESS,01,Txn Success,ktImcgLivE9cjBJV7hFY3WqDEbVqRrWXNdW8uf1JwVQ=,DYNAMIC_QR,cust_1a8c23bdd6,C0300
VYOMDEMO0001234567,ORD_VYOM_000945,20260521091839F6AEC20D7F1816,450.00,INR,2026-05-21 09:18:39.0,PPI,WALLET,WALLET,601746457263220,TXN_SUCCESS,01,Txn Success,mGy9GwTFJrvd/Wa0fYlgU26of3ERK+rqkmJ374Cld78=,DYNAMIC_QR,cust_d544bf3b16,C0045
VYOMDEMO0001234567,ORD_VYOM_000714,202605210920203CFCCC9CA684FA,330.00,INR,2026-05-21 09:20:20.0,DC,ICICI,ICICI,232334495913715,TXN_SUCCESS,01,Txn Success,hvF2kXZTmoSonLV+4o5pyySY6YfkYq0gBGrWLMFVr2c=,DYNAMIC_QR,cust_37d415cd87,C0035
VYOMDEMO0001234567,ORD_VYOM_000881,202605210929594434874C193A5B,510.00,INR,2026-05-21 09:29:59.0,UPI,UPI,Paytm Payments Bank,189462380705783,TXN_SUCCESS,01,Txn Success,QQqf/vRnsXLNDvmXYaGw1x0dvSWeBKE12RxqfkwB7c8=,DYNAMIC_QR,cust_20281afbd7,C0043
VYOMDEMO0001234567,ORD_VYOM_001322,20260521094824561B6B2DD496E6,140.00,INR,2026-05-21 09:48:24.0,DC,ICICI,ICICI,195889559225402,TXN_SUCCESS,01,Txn Success,ZDuk1+kgKWdzDZuoVFyYrfLECj1l6yMkBbVPPWiLaX0=,DYNAMIC_QR,cust_33de551bb3,C0061
VYOMDEMO0001234567,ORD_VYOM_002090,20260521114915848BC6E9D5480D,150.00,INR,2026-05-21 11:49:15.0,PPI,WALLET,WALLET,864664160128431,TXN_SUCCESS,01,Txn Success,MDzyW2uo14P3eRk+vSTyQbqnGewpQlJ5z1hL59N0P0A=,DYNAMIC_QR,cust_fdf604a395,C0180
VYOMDEMO0001234567,ORD_VYOM_000239,20260521171141EB1DAE76589986,400.00,INR,2026-05-21 17:11:41.0,UPI,UPI,Paytm Payments Bank,268561944621996,TXN_SUCCESS,01,Txn Success,ddD+OcPNFDbd29QXqv5cb2W1q1j0ixB8Yk2Opk6fzB0=,DYNAMIC_QR,cust_ca9b9b6adf,C0011
VYOMDEMO0001234567,ORD_VYOM_002006,2026052119043359E48E212D6F3A,100.00,INR,2026-05-21 19:04:33.0,DC,ICICI,ICICI,134122264831143,TXN_FAILURE,810,Payment failed due to a technical error.,KCNGRnnwA5Nn7ZAsHCu63uI41qB2NWfs1ZNRjROIl+Y=,DYNAMIC_QR,cust_1a6a0727b9,C0164
VYOMDEMO0001234567,ORD_VYOM_001675,2026052120294837F9E04AB4EAAF,170.00,INR,2026-05-21 20:29:48.0,UPI,UPI,Paytm Payments Bank,164753364072595,TXN_SUCCESS,01,Txn Success,q6HNFf8RyucZMzbDdSZN1PdL6uGFJaBkKo5fLSXbffI=,DYNAMIC_QR,cust_db670996ed,C0099
VYOMDEMO0001234567,ORD_VYOM_000032,20260521204231C2FA64148DF99A,370.00,INR,2026-05-21 20:42:31.0,UPI,UPI,Paytm Payments Bank,617181051536039,TXN_SUCCESS,01,Txn Success,zIQ1dv2mf7N0wbeiZ0tLT5kXqeaI9v0pC/TaO7nKh6g=,DYNAMIC_QR,cust_c4796bc897,C0003
VYOMDEMO0001234567,ORD_VYOM_002295,20260522084915C705546C4A531F,300.00,INR,2026-05-22 08:49:15.0,PPI,WALLET,WALLET,220159552173259,TXN_FAILURE,810,Payment failed due to a technical error.,I4QXbP3eXSeUBO7IbC5p83Xur9hn9fRBC2Ivqm5Uzyo=,DYNAMIC_QR,cust_0cdd77f75e,C0331
VYOMDEMO0001234567,ORD_VYOM_000202,20260522090852292B2B530D86D9,500.00,INR,2026-05-22 09:08:52.0,CC,HDFC,HDFC,305486109343525,TXN_SUCCESS,01,Txn Success,jCFgKJSI1YkcXH+Y/b8a7+R3yPzTCqLL++cTJhIzOBQ=,DYNAMIC_QR,cust_785ff6e6b2,C0010
VYOMDEMO0001234567,ORD_VYOM_000108,2026052209592631D1EFDCD41C8D,500.00,INR,2026-05-22 09:59:26.0,CC,HDFC,HDFC,370881669606681,TXN_SUCCESS,01,Txn Success,vCX6olPVrmB/Ig52wnukNNPV3Bix++smFxIShCtWF/s=,DYNAMIC_QR,cust_4b7feffc40,C0006
VYOMDEMO0001234567,ORD_VYOM_001397,20260522111452F03095CD2C94C3,360.00,INR,2026-05-22 11:14:52.0,UPI,UPI,Paytm Payments Bank,859657673305929,TXN_SUCCESS,01,Txn Success,v/3BajnsWWod19IcMsAK6L2xrLzytTGrI/Ljh564nh8=,DYNAMIC_QR,cust_63b68fdde8,C0064
VYOMDEMO0001234567,ORD_VYOM_001349,2026052216584001910EC8893C15,300.00,INR,2026-05-22 16:58:40.0,UPI,UPI,Paytm Payments Bank,645317091728469,TXN_SUCCESS,01,Txn Success,b6kYepsQl7YlYR3ZzRzBJD+c6mhoq3KR8ePyYye32v8=,DYNAMIC_QR,cust_2f66dd2f4f,C0062
VYOMDEMO0001234567,ORD_VYOM_001020,20260522202137639B3276190218,350.00,INR,2026-05-22 20:21:37.0,PPI,WALLET,WALLET,453800775268111,TXN_SUCCESS,01,Txn Success,OpBKWeX9i/J5EG+mirSSoA21bVjYF3BhztIPSSZ6Gow=,DYNAMIC_QR,cust_c3657372a9,C0048
VYOMDEMO0001234567,ORD_VYOM_000745,202605222148178D00A3CF0777CF,320.00,INR,2026-05-22 21:48:17.0,UPI,UPI,Paytm Payments Bank,159233113929558,TXN_SUCCESS,01,Txn Success,bAl5Elxkg+I0gs1LpuPdxhutRws2gKgERqh97A3l0ts=,DYNAMIC_QR,cust_9a8d00481d,C0037
VYOMDEMO0001234567,ORD_VYOM_000178,20260523092432CFD484C2E1706A,300.00,INR,2026-05-23 09:24:32.0,DC,ICICI,ICICI,459380454643553,TXN_SUCCESS,01,Txn Success,P95a7vrCOTBQJt4hUdCfory2KXwNcScr0ykq7BWW4vE=,DYNAMIC_QR,cust_24551de984,C0009
VYOMDEMO0001234567,ORD_VYOM_001166,20260523122622DFAAEF1A6F8BEC,330.00,INR,2026-05-23 12:26:22.0,DC,ICICI,ICICI,90690546807863,TXN_SUCCESS,01,Txn Success,CuEXfBFVqMd/r7k+ufvJM6HL0keOjXZRVrwzZu61E68=,DYNAMIC_QR,cust_5cd1790ef5,C0054
VYOMDEMO0001234567,ORD_VYOM_000360,2026052319124812667748AFC4E7,360.00,INR,2026-05-23 19:12:48.0,DC,ICICI,ICICI,460379081144232,TXN_SUCCESS,01,Txn Success,lghdjBtp0NeQ4pLP0n6T3LgazNipBxhAbVJEUhhyJno=,DYNAMIC_QR,cust_8fe3b75ae8,C0017
VYOMDEMO0001234567,ORD_VYOM_000530,20260523192110B76599F2110585,260.00,INR,2026-05-23 19:21:10.0,PPI,WALLET,WALLET,432669909550667,TXN_SUCCESS,01,Txn Success,Qy4+WqOFfRsrkqb2QVYaqwXsvM+AKiVL2j2i40geTlc=,DYNAMIC_QR,cust_41941dbbd4,C0026
VYOMDEMO0001234567,ORD_VYOM_001050,20260523193438D793FCA0F3E3B9,340.00,INR,2026-05-23 19:34:38.0,UPI,UPI,Paytm Payments Bank,931480412088704,TXN_SUCCESS,01,Txn Success,f2n3VcguuIKg5NRgX4yZHlboZI5vzvVQk+yIluPfhuY=,DYNAMIC_QR,cust_fc7659f04d,C0049
VYOMDEMO0001234567,ORD_VYOM_000816,202605232008406CF23F3214DB4B,260.00,INR,2026-05-23 20:08:40.0,UPI,UPI,Paytm Payments Bank,551665680789449,TXN_SUCCESS,01,Txn Success,lfnlYOa6SIuuRTC7UaH6Sjp6p/bq7YRh879xl5+dFro=,DYNAMIC_QR,cust_8f7c742c92,C0040
VYOMDEMO0001234567,ORD_VYOM_001785,20260523214142B470CF4D9E9100,300.00,INR,2026-05-23 21:41:42.0,DC,ICICI,ICICI,763624370807702,TXN_SUCCESS,01,Txn Success,cOGTdYa064VCAzD3pO3CrH1R3ofcxcNqkginWI9B1bw=,DYNAMIC_QR,cust_a2e7f35d30,C0117
VYOMDEMO0001234567,ORD_VYOM_001447,2026052408000823225F66A2D64F,500.00,INR,2026-05-24 08:00:08.0,UPI,UPI,Paytm Payments Bank,16806969258970,TXN_SUCCESS,01,Txn Success,U/XDPq46rgpwcKuve6Xxi+r6a5v6ZgmCxMDkV9mmq9U=,DYNAMIC_QR,cust_f5144e6e67,C0068
VYOMDEMO0001234567,ORD_VYOM_001092,20260524092255E0D7B5DF8DA560,440.00,INR,2026-05-24 09:22:55.0,PPI,WALLET,WALLET,618059867553284,TXN_SUCCESS,01,Txn Success,rZuK9pTEfG+ES7PNEFf9FTmbGgFIFVsXqncwlnIXtYc=,DYNAMIC_QR,cust_daf1fef437,C0051
VYOMDEMO0001234567,ORD_VYOM_002185,20260524092401C937A04D07F884,250.00,INR,2026-05-24 09:24:01.0,CC,HDFC,HDFC,796526500426,TXN_SUCCESS,01,Txn Success,5iErGOLGzMm8aMTTZYGddBnPcxUZxJUGWlKMYCfb6IM=,DYNAMIC_QR,cust_d0bda24576,C0219
VYOMDEMO0001234567,ORD_VYOM_002245,20260524094734F0667557B5697C,200.00,INR,2026-05-24 09:47:34.0,CC,HDFC,HDFC,739241210370030,TXN_SUCCESS,01,Txn Success,OE2g8Ra9WIgL3aj0wnJCugV9tUyLl4Qrs9ti56pFdIA=,DYNAMIC_QR,cust_ac9db71bc3,C0279
VYOMDEMO0001234567,ORD_VYOM_001754,20260524100318D48905AD1F022C,480.00,INR,2026-05-24 10:03:18.0,CC,HDFC,HDFC,878059321902932,TXN_SUCCESS,01,Txn Success,Ysm1380I1u+3mXvuqcVsq+Tdco0LIC4PtCISPWUsSak=,DYNAMIC_QR,cust_2454d761f6,C0113
VYOMDEMO0001234567,ORD_VYOM_002195,202605241242445B1B172B98C888,100.00,INR,2026-05-24 12:42:44.0,DC,ICICI,ICICI,128367856616687,TXN_SUCCESS,01,Txn Success,WUbvA0N6htf7LmqZU2ko8/HFiFXSF/R+uMS7taAl5Bg=,DYNAMIC_QR,cust_d440646795,C0229
VYOMDEMO0001234567,ORD_VYOM_000385,2026052417432043FF9DB2D79736,250.00,INR,2026-05-24 17:43:20.0,UPI,UPI,Paytm Payments Bank,290934262320718,TXN_SUCCESS,01,Txn Success,ldk1yyR2qDB9rmfX5a24K1Sv2E2nSu1BV6z5aWv6Qi8=,DYNAMIC_QR,cust_1758aa28d3,C0018
VYOMDEMO0001234567,ORD_VYOM_001900,202605241750077BB78976F12C77,310.00,INR,2026-05-24 17:50:07.0,CC,HDFC,HDFC,720258725010446,TXN_SUCCESS,01,Txn Success,1qsJ4L2QISgaF/pcotNWY6efoLKu9DMuI/AwzEAVDFM=,DYNAMIC_QR,cust_eb1e645a35,C0141
VYOMDEMO0001234567,ORD_VYOM_001745,202605241940021F05176ACE9BCF,80.00,INR,2026-05-24 19:40:02.0,UPI,UPI,Paytm Payments Bank,845681674768847,TXN_SUCCESS,01,Txn Success,zxmK3rLh4SS6leQb15Ke5LG9W1RnMuhOcUNvTBR/QvY=,DYNAMIC_QR,cust_160019570b,C0112
VYOMDEMO0001234567,ORD_VYOM_000817,20260524201245A48EBA22C0EF6C,250.00,INR,2026-05-24 20:12:45.0,UPI,UPI,Paytm Payments Bank,609512421035142,TXN_SUCCESS,01,Txn Success,a4L+XFjyQE6Dv266vNfv55Gz9R121OwcOkAlyXDgoWw=,DYNAMIC_QR,cust_8f7c742c92,C0040
VYOMDEMO0001234567,ORD_VYOM_001489,202605250854249F816D58683BEB,400.00,INR,2026-05-25 08:54:24.0,CC,HDFC,HDFC,972844529426262,TXN_SUCCESS,01,Txn Success,Zq5zdpQUMVJSTpH35szaTjUetS1tnxKwFeXPH4qoWy4=,DYNAMIC_QR,cust_6549be84fc,C0070
VYOMDEMO0001234567,ORD_VYOM_001137,202605250929464EC5AA3784573C,390.00,INR,2026-05-25 09:29:46.0,PPI,WALLET,WALLET,629063823489326,TXN_SUCCESS,01,Txn Success,UV0NEIY49uRG5rkJfV4nxU4OpJYiX8Fh8efAXSfjZkI=,DYNAMIC_QR,cust_82cd81d65f,C0053
VYOMDEMO0001234567,ORD_VYOM_001557,20260525093641B407AEDC293CCF,200.00,INR,2026-05-25 09:36:41.0,PPI,WALLET,WALLET,40480168171375,TXN_SUCCESS,01,Txn Success,AeWoUsyLBYAzdt9jhVgtYMRCWQCLnLK0HMmgWHm+Dek=,DYNAMIC_QR,cust_c46ad3a524,C0076
VYOMDEMO0001234567,ORD_VYOM_000588,202605250952015636BB865807C1,270.00,INR,2026-05-25 09:52:01.0,UPI,UPI,Paytm Payments Bank,737234878507905,TXN_SUCCESS,01,Txn Success,voPJkbLxsUjRu8eQownOnswvD9eZ5imkQFCAVxL5Wto=,DYNAMIC_QR,cust_106abbb9b5,C0029
VYOMDEMO0001234567,ORD_VYOM_000847,20260525161424BFE1D1C01842FF,310.00,INR,2026-05-25 16:14:24.0,PPI,WALLET,WALLET,485179795901517,TXN_SUCCESS,01,Txn Success,k3O7tq3Eqd4Wd0bIm5cf31XbPUa9roAbIah81Wmvdyk=,DYNAMIC_QR,cust_d212ee719a,C0041
VYOMDEMO0001234567,ORD_VYOM_001668,20260525195936BEBC7FA2DCE861,300.00,INR,2026-05-25 19:59:36.0,PPI,WALLET,WALLET,880939666379875,TXN_SUCCESS,01,Txn Success,NGB+mgvcmLKLKtEzslGNPq41FV9mqlnMi3SLRuRTDXo=,DYNAMIC_QR,cust_727cd2c5c9,C0098
VYOMDEMO0001234567,ORD_VYOM_000946,202605252000297EAFEF483F7C8A,450.00,INR,2026-05-25 20:00:29.0,UPI,UPI,Paytm Payments Bank,775860464445770,TXN_SUCCESS,01,Txn Success,5ArsotZFM+JwTuyg/Q5nTxAK0fZPVgxcxn0TWMkqHE4=,DYNAMIC_QR,cust_d544bf3b16,C0045
VYOMDEMO0001234567,ORD_VYOM_001837,2026052608132798EC47EC595293,250.00,INR,2026-05-26 08:13:27.0,UPI,UPI,Paytm Payments Bank,986820527963344,TXN_SUCCESS,01,Txn Success,GgpsWtvsBJZ3cbDW1fq4HfJLkLhU7zfKxEfuFhv8md4=,DYNAMIC_QR,cust_a2033d34f3,C0129
VYOMDEMO0001234567,ORD_VYOM_000203,202605260907597F75A715ED0A70,430.00,INR,2026-05-26 09:07:59.0,CC,HDFC,HDFC,289935635820039,TXN_SUCCESS,01,Txn Success,txMMvjLlrUIl6KjD8cbAhfNXO/vJrtgMITK+6M9zdbY=,DYNAMIC_QR,cust_785ff6e6b2,C0010
VYOMDEMO0001234567,ORD_VYOM_000818,2026052609460902178CF0776130,290.00,INR,2026-05-26 09:46:09.0,UPI,UPI,Paytm Payments Bank,539139543352910,TXN_SUCCESS,01,Txn Success,70+0GswF09EIsho4ZY/aYziCtHsjo25oqnnb0M2O3pc=,DYNAMIC_QR,cust_8f7c742c92,C0040
VYOMDEMO0001234567,ORD_VYOM_001051,202605261032479CE355072DFCE7,280.00,INR,2026-05-26 10:32:47.0,UPI,UPI,Paytm Payments Bank,217171552299348,TXN_SUCCESS,01,Txn Success,Guxntc2sjHvE6yrt8xR8EkKOp9bcpIlYytUBL8Pv7Ms=,DYNAMIC_QR,cust_fc7659f04d,C0049
VYOMDEMO0001234567,ORD_VYOM_000129,202605261039126BB27B565A764F,410.00,INR,2026-05-26 10:39:12.0,UPI,UPI,Paytm Payments Bank,527591941874391,TXN_SUCCESS,01,Txn Success,vlEv7hvRNcRvOH0FkqeSK82+ODtUsogKPgN3of333O8=,DYNAMIC_QR,cust_eabdbf3bc8,C0007
VYOMDEMO0001234567,ORD_VYOM_000361,202605261315270F7D9F17ECD200,360.00,INR,2026-05-26 13:15:27.0,CC,HDFC,HDFC,263470691066522,TXN_SUCCESS,01,Txn Success,04LONoC0L4DbOkKPA/bIlPyVyX6uFgtrR97GlN7bSTo=,DYNAMIC_QR,cust_8fe3b75ae8,C0017
VYOMDEMO0001234567,ORD_VYOM_001350,202605261916218ED8CEFC543A47,230.00,INR,2026-05-26 19:16:21.0,UPI,UPI,Paytm Payments Bank,345780847606034,TXN_SUCCESS,01,Txn Success,XwzeHC3ZGcXvo31wFkMsjlzlQZSrJ7dIAS95KO02++4=,DYNAMIC_QR,cust_2f66dd2f4f,C0062
VYOMDEMO0001234567,ORD_VYOM_000882,20260526191633BDFC6C63182F12,270.00,INR,2026-05-26 19:16:33.0,PPI,WALLET,WALLET,405959364457781,TXN_SUCCESS,01,Txn Success,mc/LbnWF01mmoC6DQRP+OhzRL7Wg/riRVDBW00vhaqo=,DYNAMIC_QR,cust_20281afbd7,C0043
VYOMDEMO0001234567,ORD_VYOM_002082,20260526192908D6962EB63C2218,360.00,INR,2026-05-26 19:29:08.0,UPI,UPI,Paytm Payments Bank,853940456311577,TXN_SUCCESS,01,Txn Success,u9XzgIg9x58rYP+ExH6732S3EzsGEn5EU/V4jp9AVII=,DYNAMIC_QR,cust_576bb1d029,C0179
VYOMDEMO0001234567,ORD_VYOM_001374,20260526194500476C075130493A,350.00,INR,2026-05-26 19:45:00.0,CC,HDFC,HDFC,419085716381044,TXN_SUCCESS,01,Txn Success,Vxx1lKmhjFOUe2zMHMR8Wx/NKa26Dx8+gwlIW83SwTs=,DYNAMIC_QR,cust_6e5ea23889,C0063
VYOMDEMO0001234567,ORD_VYOM_000240,202605262012165D3BFED1BFE34B,300.00,INR,2026-05-26 20:12:16.0,UPI,UPI,Paytm Payments Bank,751210877044987,TXN_FAILURE,411,Invalid Amount sent to Paytm,EtVYA8Jy9LQbfJM7dBJc8zbmHY+ln+5xt02GR4f3LSQ=,DYNAMIC_QR,cust_ca9b9b6adf,C0011
VYOMDEMO0001234567,ORD_VYOM_000109,20260527084224FBB6F0DF5DD0C7,400.00,INR,2026-05-27 08:42:24.0,CC,HDFC,HDFC,670417913729116,TXN_SUCCESS,01,Txn Success,A0dWry0ayEICZ9RR6V00OQZKEXs9ozLW+LcPwbxY95g=,DYNAMIC_QR,cust_4b7feffc40,C0006
VYOMDEMO0001234567,ORD_VYOM_000464,2026052709181596B20537F8B965,300.00,INR,2026-05-27 09:18:15.0,DC,ICICI,ICICI,438788959010246,TXN_FAILURE,411,Invalid Amount sent to Paytm,8VbADrGaqP/4zrgFeEjiH9mQ5bEGZ9JAC7gQPIn3k+k=,DYNAMIC_QR,cust_6e959f4c64,C0023
VYOMDEMO0001234567,ORD_VYOM_000281,20260527093608FA68670761E63D,370.00,INR,2026-05-27 09:36:08.0,UPI,UPI,Paytm Payments Bank,431549325096912,TXN_SUCCESS,01,Txn Success,okfPKX1ydtbvh7NnQ4ZkK0JLtlKIkKWAwh6uSpj3QCk=,DYNAMIC_QR,cust_2db547fcb3,C0013
VYOMDEMO0001234567,ORD_VYOM_000907,20260527102039E5B7A9B06C488D,410.00,INR,2026-05-27 10:20:39.0,UPI,UPI,Paytm Payments Bank,301060459283604,TXN_SUCCESS,01,Txn Success,9A/YxHGmST4bNUeqrhRZT4/qyG1UAAFh41202vKeVes=,DYNAMIC_QR,cust_a4d97a4e7d,C0044
VYOMDEMO0001234567,ORD_VYOM_001323,2026052711554094EAB527E83DA9,400.00,INR,2026-05-27 11:55:40.0,CC,HDFC,HDFC,957869904388501,TXN_SUCCESS,01,Txn Success,X/HlLa6VSsuSz58Rusy7enbwLALPUow8eajXyfid24E=,DYNAMIC_QR,cust_33de551bb3,C0061
VYOMDEMO0001234567,ORD_VYOM_001775,20260527181421C809CA46FBCF1C,370.00,INR,2026-05-27 18:14:21.0,DC,ICICI,ICICI,721349049635222,TXN_FAILURE,411,Invalid Amount sent to Paytm,FVRQblQJqzvibMd/6cFo7zfUdc8aGVcpr40FMo5PKMk=,DYNAMIC_QR,cust_020257eebe,C0116
VYOMDEMO0001234567,ORD_VYOM_001948,2026052718533002B92F43F5DB0D,280.00,INR,2026-05-27 18:53:30.0,DC,ICICI,ICICI,829557295873905,TXN_SUCCESS,01,Txn Success,AuiT1Zs/1ObYvqk+YSePhp2B2e1B9/FjkziojUiS/Eo=,DYNAMIC_QR,cust_0137d9f5bc,C0151
VYOMDEMO0001234567,ORD_VYOM_001876,20260527195432DA642ADB6C3E7B,100.00,INR,2026-05-27 19:54:32.0,CC,HDFC,HDFC,770340214302733,TXN_SUCCESS,01,Txn Success,MpdZux5c+sAaJUM5uDSadQ6lHtKxQQ0665tCk0e6yWY=,DYNAMIC_QR,cust_9be65df5a3,C0136
VYOMDEMO0001234567,ORD_VYOM_000908,202605280810563D8DABD74550AA,390.00,INR,2026-05-28 08:10:56.0,DC,ICICI,ICICI,280836521942742,TXN_SUCCESS,01,Txn Success,diMFm/2le3APKA6ogdhINmEKegNOSkEc4pOpPfWXH5c=,DYNAMIC_QR,cust_a4d97a4e7d,C0044
VYOMDEMO0001234567,ORD_VYOM_000715,20260528090622D33309F5AAAA50,360.00,INR,2026-05-28 09:06:22.0,UPI,UPI,Paytm Payments Bank,212202969515466,TXN_SUCCESS,01,Txn Success,k3P3iyLlvYTK687XSnYAdPKzassWKA8ETiq/mCO6VnM=,DYNAMIC_QR,cust_37d415cd87,C0035
VYOMDEMO0001234567,ORD_VYOM_001676,20260528093558D7E6C256776854,250.00,INR,2026-05-28 09:35:58.0,UPI,UPI,Paytm Payments Bank,430668381090969,TXN_SUCCESS,01,Txn Success,y4Y6HAkdMXWcY2x6WiSUgFaWMe2V6MO3oiuIchdLnYk=,DYNAMIC_QR,cust_db670996ed,C0099
VYOMDEMO0001234567,ORD_VYOM_000746,20260528115621A798703D85854E,520.00,INR,2026-05-28 11:56:21.0,PPI,WALLET,WALLET,458769358051993,TXN_SUCCESS,01,Txn Success,nPqZWbs0FU7ExlQ+Bo3KH0PlURSf3dpdhs7msD0I6S0=,DYNAMIC_QR,cust_9a8d00481d,C0037
VYOMDEMO0001234567,ORD_VYOM_000057,20260528142201EF36465EDAED25,320.00,INR,2026-05-28 14:22:01.0,UPI,UPI,Paytm Payments Bank,447221756573474,TXN_SUCCESS,01,Txn Success,SXFiofX6N0RghUP7RbhZcKqc3Ez+sTscKgyzrmqa36M=,DYNAMIC_QR,cust_23bc5b213e,C0004
VYOMDEMO0001234567,ORD_VYOM_001703,20260528195150AEA5CA1F04765B,250.00,INR,2026-05-28 19:51:50.0,UPI,UPI,Paytm Payments Bank,198280765063861,TXN_SUCCESS,01,Txn Success,1oP3fihzbinPuR9x/quKURP8Pfim8l6yXoaGlwrj+SU=,DYNAMIC_QR,cust_86651a9c66,C0104
VYOMDEMO0001234567,ORD_VYOM_000130,202605282003018671C812A174D4,460.00,INR,2026-05-28 20:03:01.0,CC,HDFC,HDFC,469745201628698,TXN_SUCCESS,01,Txn Success,20MICJOBdU3T+SBOXSuh4W2sFOSkb3BRyDDH5u1Ft74=,DYNAMIC_QR,cust_eabdbf3bc8,C0007
VYOMDEMO0001234567,ORD_VYOM_000947,2026052820031688F83B834CCBAE,410.00,INR,2026-05-28 20:03:16.0,UPI,UPI,Paytm Payments Bank,833707204691463,TXN_SUCCESS,01,Txn Success,3tiRsFHH66zY2DCAgDgJslIQtkgHKwbLQNn1P/5JPbE=,DYNAMIC_QR,cust_d544bf3b16,C0045
VYOMDEMO0001234567,ORD_VYOM_001981,20260529101010170272104BCF5E,160.00,INR,2026-05-29 10:10:10.0,UPI,UPI,Paytm Payments Bank,902931620979088,TXN_FAILURE,227,Your payment has been declined by your bank.,rSiu20SN59nUuAzhGptjhQRbDV/Dljl/jTaUxV0WKRU=,DYNAMIC_QR,cust_5669b8558f,C0158
VYOMDEMO0001234567,ORD_VYOM_001093,202605291029347045EE05C93EDC,340.00,INR,2026-05-29 10:29:34.0,CC,HDFC,HDFC,173209112466640,TXN_SUCCESS,01,Txn Success,VqxWhQu5Gi0LnPyqYjg80iBpPPbwM4yRQvFKeAUF4j8=,DYNAMIC_QR,cust_daf1fef437,C0051
VYOMDEMO0001234567,ORD_VYOM_000110,202605291031031494DE0E8E3C2A,420.00,INR,2026-05-29 10:31:03.0,UPI,UPI,Paytm Payments Bank,282386815802576,TXN_SUCCESS,01,Txn Success,nmoXFWl4FC4gIE55bkpAvL7/krLCnD5JL2ePi7k7FPU=,DYNAMIC_QR,cust_4b7feffc40,C0006
VYOMDEMO0001234567,ORD_VYOM_001138,20260529142404FEEDFC2ABB8334,380.00,INR,2026-05-29 14:24:04.0,DC,ICICI,ICICI,649287760830188,TXN_SUCCESS,01,Txn Success,AJhVNNwCkr9yUwW4y87cGG3EbYouclPH6/vOllhRHe0=,DYNAMIC_QR,cust_82cd81d65f,C0053
VYOMDEMO0001234567,ORD_VYOM_000689,20260529143248D14B434F453AD8,560.00,INR,2026-05-29 14:32:48.0,UPI,UPI,Paytm Payments Bank,323801048093287,TXN_SUCCESS,01,Txn Success,KyLfTj0mEWvPrSTC5uGAS9yN48xJoDm4HjZ8rgQoC1A=,DYNAMIC_QR,cust_d4aeae392b,C0034
VYOMDEMO0001234567,ORD_VYOM_002181,20260529155137345121E207BD49,180.00,INR,2026-05-29 15:51:37.0,UPI,UPI,Paytm Payments Bank,988061979944622,TXN_SUCCESS,01,Txn Success,m+Id4Jgfes2rQaGfzedLDfHG4128FS0gSt4GTlWrDUE=,DYNAMIC_QR,cust_4bdc683b4c,C0215
VYOMDEMO0001234567,ORD_VYOM_002263,2026052916302608D24684B2ACC5,240.00,INR,2026-05-29 16:30:26.0,DC,ICICI,ICICI,803996504638200,TXN_SUCCESS,01,Txn Success,xgKfuaLLzzLpaDA4rW7dCxNYyYkXmlKMZuo8SS9u0vs=,DYNAMIC_QR,cust_2e7d2578d5,C0298
VYOMDEMO0001234567,ORD_VYOM_002179,20260529185939A7A89CD9A86016,100.00,INR,2026-05-29 18:59:39.0,UPI,UPI,Paytm Payments Bank,926545390659088,TXN_FAILURE,227,Your payment has been declined by your bank.,JSITXomjalr/4JD0Xe8S6vcpeG2tqAKZVdwLrNOCD7Q=,DYNAMIC_QR,cust_d44efb034b,C0213
VYOMDEMO0001234567,ORD_VYOM_001465,20260529190205A4EF29E2BCCDBA,580.00,INR,2026-05-29 19:02:05.0,UPI,UPI,Paytm Payments Bank,792022034560816,TXN_SUCCESS,01,Txn Success,He0sdE/DbEdz15dr4TYp27loiW5/CDzc+4P+rPnHWMw=,DYNAMIC_QR,cust_2775c4cf89,C0069
VYOMDEMO0001234567,ORD_VYOM_001021,20260529192228C6CC43792F2565,500.00,INR,2026-05-29 19:22:28.0,CC,HDFC,HDFC,92838927165723,TXN_SUCCESS,01,Txn Success,DUou+03WecC3wCNalMEQ34oLYRFTOw8STUD9Uv8AIjI=,DYNAMIC_QR,cust_c3657372a9,C0048
VYOMDEMO0001234567,ORD_VYOM_000848,20260529194714C2D40096C0CC00,320.00,INR,2026-05-29 19:47:14.0,UPI,UPI,Paytm Payments Bank,543026536147210,TXN_SUCCESS,01,Txn Success,BgD7kWgyttjUzylr0KHIs+1oe+tJy8Dra51qHZZZfMs=,DYNAMIC_QR,cust_d212ee719a,C0041
VYOMDEMO0001234567,ORD_VYOM_001052,20260529213630D90F1651328DE3,240.00,INR,2026-05-29 21:36:30.0,DC,ICICI,ICICI,159324812053655,TXN_SUCCESS,01,Txn Success,CTMAw//99jXsDZk6IONr3BmO9t2UgZMrlAI8RAFWm/k=,DYNAMIC_QR,cust_fc7659f04d,C0049
VYOMDEMO0001234567,ORD_VYOM_000282,202605300822257F6E2565E80AB9,520.00,INR,2026-05-30 08:22:25.0,PPI,WALLET,WALLET,795173316877695,TXN_SUCCESS,01,Txn Success,N/g+OYLYjuatJp6GNOMuWt5KpgbzsK7pDydmQTAgTLQ=,DYNAMIC_QR,cust_2db547fcb3,C0013
VYOMDEMO0001234567,ORD_VYOM_001351,202605301001282D76830E9C0211,220.00,INR,2026-05-30 10:01:28.0,UPI,UPI,Paytm Payments Bank,20685940236592,TXN_SUCCESS,01,Txn Success,w7whRKQwtS06r/cWHxtD89nUiEuteuvUIsOQsygU+cE=,DYNAMIC_QR,cust_2f66dd2f4f,C0062
VYOMDEMO0001234567,ORD_VYOM_001595,20260530124207B38CDFD43099E4,300.00,INR,2026-05-30 12:42:07.0,UPI,UPI,Paytm Payments Bank,658833833849009,TXN_SUCCESS,01,Txn Success,0baagvwozeDVog9eghBqjgiG0U6jAdkdL7q1buVgPt4=,DYNAMIC_QR,cust_8d0c9a7d85,C0083
VYOMDEMO0001234567,ORD_VYOM_000948,20260530184935AF8C40674C7E72,400.00,INR,2026-05-30 18:49:35.0,UPI,UPI,Paytm Payments Bank,534170960569028,TXN_SUCCESS,01,Txn Success,DCBkkpiY7AeurOJDLgUgP4M5kemKLI3TnTkeWriRWnU=,DYNAMIC_QR,cust_d544bf3b16,C0045
VYOMDEMO0001234567,ORD_VYOM_000819,20260530204854FC2A34D86830A7,340.00,INR,2026-05-30 20:48:54.0,UPI,UPI,Paytm Payments Bank,518707196892783,TXN_SUCCESS,01,Txn Success,ErZkucFnjAqcnYP/yeV6bZFkRN0cwsyihknqEmxgEFM=,DYNAMIC_QR,cust_8f7c742c92,C0040
VYOMDEMO0001234567,ORD_VYOM_002100,202605310824313C0FE3C52387A6,270.00,INR,2026-05-31 08:24:31.0,UPI,UPI,Paytm Payments Bank,789185162043407,TXN_SUCCESS,01,Txn Success,3CM4ECFWJOdRY88QTjXIjtU8IIIn12E4cdl4kOO+wA8=,DYNAMIC_QR,cust_870942d0e6,C0181
VYOMDEMO0001234567,ORD_VYOM_000058,202605310946090EE9D28349085A,350.00,INR,2026-05-31 09:46:09.0,UPI,UPI,Paytm Payments Bank,505582972958218,TXN_SUCCESS,01,Txn Success,EcRjUJHGLUzeOY6qGlU+OYX1z72ybBYbo5uCeq7mkW0=,DYNAMIC_QR,cust_23bc5b213e,C0004
VYOMDEMO0001234567,ORD_VYOM_001398,2026053109465953D06232E3E111,420.00,INR,2026-05-31 09:46:59.0,PPI,WALLET,WALLET,917504413551622,TXN_SUCCESS,01,Txn Success,Atpbs0Q3ZhsY8JVTlKayppJpCA0dm4zNDRq9zgfgTx0=,DYNAMIC_QR,cust_63b68fdde8,C0064
VYOMDEMO0001234567,ORD_VYOM_001448,20260531133616AA26A5A597691A,420.00,INR,2026-05-31 13:36:16.0,DC,ICICI,ICICI,958960229013277,TXN_SUCCESS,01,Txn Success,mZQB8Vtxk4UwH4BR4HvY2ebPgmDCEH8Wpj4AVu1QHvQ=,DYNAMIC_QR,cust_f5144e6e67,C0068
VYOMDEMO0001234567,ORD_VYOM_000589,20260531134054C74CFBB138DBC1,270.00,INR,2026-05-31 13:40:54.0,UPI,UPI,Paytm Payments Bank,411417085880147,TXN_SUCCESS,01,Txn Success,DdVV9z1kzelVHO6a6MCNL6zcD9RTlgnqqA7Hm2yvlbw=,DYNAMIC_QR,cust_106abbb9b5,C0029
VYOMDEMO0001234567,ORD_VYOM_000179,202605311627564F14D124110313,310.00,INR,2026-05-31 16:27:56.0,UPI,UPI,Paytm Payments Bank,340017125112326,TXN_SUCCESS,01,Txn Success,zGKecbn9PLfB9G8S44nqeqiQzuJp0SGPAzpmukgP/pc=,DYNAMIC_QR,cust_24551de984,C0009
VYOMDEMO0001234567,ORD_VYOM_000531,202605312013188C8CFF49265012,260.00,INR,2026-05-31 20:13:18.0,DC,ICICI,ICICI,490516649796360,TXN_SUCCESS,01,Txn Success,gHF3jnuBeN1r3ct4NNLaUzRlHKeRAOJYtplP1+c3YnQ=,DYNAMIC_QR,cust_41941dbbd4,C0026
VYOMDEMO0001234567,ORD_VYOM_000241,2026053120372578E26691E42BAB,220.00,INR,2026-05-31 20:37:25.0,DC,ICICI,ICICI,397441087343065,TXN_SUCCESS,01,Txn Success,WcAsQfe75jqESjSFN164qaf0syftUnE3wfYMbzaSqFw=,DYNAMIC_QR,cust_ca9b9b6adf,C0011
VYOMDEMO0001234567,ORD_VYOM_000204,2026053121534385A4A9C37B5C7F,360.00,INR,2026-05-31 21:53:43.0,UPI,UPI,Paytm Payments Bank,347782376065732,TXN_SUCCESS,01,Txn Success,GZNdf34GQSIeHUrmy6HgWtjhb2TGcM3D5tGEiwEQYWc=,DYNAMIC_QR,cust_785ff6e6b2,C0010
VYOMDEMO0001234567,ORD_VYOM_000283,20260601081324E7C121313ED526,300.00,INR,2026-06-01 08:13:24.0,UPI,UPI,Paytm Payments Bank,353478647510357,TXN_SUCCESS,01,Txn Success,HoyxgwnikgdBUyyp1hU0GyfzGmBkf8ozobiXh4XZgfs=,DYNAMIC_QR,cust_2db547fcb3,C0013
VYOMDEMO0001234567,ORD_VYOM_000883,202606010847124910FAE526BA7A,100.00,INR,2026-06-01 08:47:12.0,CC,HDFC,HDFC,888608296880772,TXN_SUCCESS,01,Txn Success,W9bFXuO1la8Nb139eR1/8fGU7QpIx3/hzVC6nQnUZDU=,DYNAMIC_QR,cust_20281afbd7,C0043
VYOMDEMO0001234567,ORD_VYOM_001022,20260601091146D8D37FDC539D2D,350.00,INR,2026-06-01 09:11:46.0,UPI,UPI,Paytm Payments Bank,212202256696950,TXN_SUCCESS,01,Txn Success,DredIvb1IrC2NqEDiX9Xnt3yczt6XFtaZSoEALW8NX8=,DYNAMIC_QR,cust_c3657372a9,C0048
VYOMDEMO0001234567,ORD_VYOM_001167,20260601094516E779983BF8C01E,380.00,INR,2026-06-01 09:45:16.0,UPI,UPI,Paytm Payments Bank,70466609467001,TXN_SUCCESS,01,Txn Success,9nDmYS7KGY/djEaRcN9RkHpagwqgdagkvPqcWFKDKBA=,DYNAMIC_QR,cust_5cd1790ef5,C0054
VYOMDEMO0001234567,ORD_VYOM_001725,202606011301464E6BFD29A42BBD,280.00,INR,2026-06-01 13:01:46.0,DC,ICICI,ICICI,702855702914122,TXN_SUCCESS,01,Txn Success,cUu5UIWABwYQajgOZa+Q+cwmfsdzSJ2Ie/m00bD6WhI=,DYNAMIC_QR,cust_69691cd29b,C0108
VYOMDEMO0001234567,ORD_VYOM_002297,20260601161200700C4A5B95629C,60.00,INR,2026-06-01 16:12:00.0,UPI,UPI,Paytm Payments Bank,870645671969100,TXN_SUCCESS,01,Txn Success,T1+E6xcDA7b7U30ArXr1YzUqkOYimx9ZGiXM5sQapOw=,DYNAMIC_QR,cust_5113d27a78,C0333
VYOMDEMO0001234567,ORD_VYOM_001094,202606011744272158C417F5AC7C,400.00,INR,2026-06-01 17:44:27.0,UPI,UPI,Paytm Payments Bank,472745356589075,TXN_SUCCESS,01,Txn Success,87/LgGzlre5X2497VarQOYMwt+uwotMj6O4mEkfaXNY=,DYNAMIC_QR,cust_daf1fef437,C0051
VYOMDEMO0001234567,ORD_VYOM_001692,202606011824085F13D65E09A957,360.00,INR,2026-06-01 18:24:08.0,DC,ICICI,ICICI,586228899501498,TXN_SUCCESS,01,Txn Success,HqP2OZpTuhQRW48NzuLJuyDvr3+lvF4wVp+gMndtF+4=,DYNAMIC_QR,cust_e5084e5c52,C0102
VYOMDEMO0001234567,ORD_VYOM_001490,202606011830491A4A5BB5F9EC86,300.00,INR,2026-06-01 18:30:49.0,UPI,UPI,Paytm Payments Bank,272380773548697,TXN_SUCCESS,01,Txn Success,gRVIVG4WwdumqMAsYOtFbFTWc1my2G6yyUwHop/dOiQ=,DYNAMIC_QR,cust_6549be84fc,C0070
VYOMDEMO0001234567,ORD_VYOM_000909,20260601185641E9960F664DB768,490.00,INR,2026-06-01 18:56:41.0,UPI,UPI,Paytm Payments Bank,777010218302951,TXN_SUCCESS,01,Txn Success,jSFDXzqe/PX9OyFM6/BaceLtmXMMY6uau1fjkTK6EC8=,DYNAMIC_QR,cust_a4d97a4e7d,C0044
VYOMDEMO0001234567,ORD_VYOM_001422,20260601195714352E747C758FBA,480.00,INR,2026-06-01 19:57:14.0,DC,ICICI,ICICI,690212854482415,TXN_SUCCESS,01,Txn Success,vMPnfEEUBM+r2hxCfqL1UE+3w6R0Ur207N/q6e4EH7M=,DYNAMIC_QR,cust_1dc57b77e4,C0066
VYOMDEMO0001234567,ORD_VYOM_001746,202606020817263B189B2AE96645,180.00,INR,2026-06-02 08:17:26.0,CC,HDFC,HDFC,546145430646412,TXN_SUCCESS,01,Txn Success,5M8VjcUjGKj3PW9F7GuBFxkHuOuluIpwM2si99ZsdG0=,DYNAMIC_QR,cust_160019570b,C0112
VYOMDEMO0001234567,ORD_VYOM_000949,202606020930590D1C9105CC089A,450.00,INR,2026-06-02 09:30:59.0,PPI,WALLET,WALLET,614481003819024,TXN_SUCCESS,01,Txn Success,nCa+Zl3EfvU+2PuamSeEpdpmrrt65R472SjX22bluwA=,DYNAMIC_QR,cust_d544bf3b16,C0045
VYOMDEMO0001234567,ORD_VYOM_001931,20260602131956DECB5F0BFF6FE4,400.00,INR,2026-06-02 13:19:56.0,CC,HDFC,HDFC,921424967700188,TXN_SUCCESS,01,Txn Success,hKSeJv6teQhjIF3vfXfRf6hXbv55HA8gYJuDry51Hg8=,DYNAMIC_QR,cust_84f1d1e80b,C0149
VYOMDEMO0001234567,ORD_VYOM_000362,2026060219253979F957452DCB0A,450.00,INR,2026-06-02 19:25:39.0,DC,ICICI,ICICI,205623950820829,TXN_SUCCESS,01,Txn Success,rxaWN5wHoeVbaGPTDpryQC6c9biFOSlFS6MhUGEl5NQ=,DYNAMIC_QR,cust_8fe3b75ae8,C0017
VYOMDEMO0001234567,ORD_VYOM_000465,20260602195436EB9BC298DD139C,320.00,INR,2026-06-02 19:54:36.0,DC,ICICI,ICICI,107850743423588,TXN_SUCCESS,01,Txn Success,yFkuiVv9Kw/N5tRLjoHCSWWJT/8tC87Cuonxr+FIJAQ=,DYNAMIC_QR,cust_6e959f4c64,C0023
VYOMDEMO0001234567,ORD_VYOM_002022,20260602205102043B014D9A6A2F,250.00,INR,2026-06-02 20:51:02.0,UPI,UPI,Paytm Payments Bank,236576102855370,TXN_SUCCESS,01,Txn Success,uArZ7bfLf6+FtZ09lLxiKviX7DD4tBOVooxIXw89V9Y=,DYNAMIC_QR,cust_b4af432e1d,C0166
VYOMDEMO0001234567,ORD_VYOM_001844,2026060221201626C041C5AF95BA,260.00,INR,2026-06-02 21:20:16.0,UPI,UPI,Paytm Payments Bank,136362343313100,TXN_SUCCESS,01,Txn Success,VFf4Hk87zNvFVx/j0uIqQehg/hUPG7cbSxlw8D1Fyi8=,DYNAMIC_QR,cust_8a55b6b351,C0130
VYOMDEMO0001234567,ORD_VYOM_000820,20260603082633A45456DE966F5B,250.00,INR,2026-06-03 08:26:33.0,CC,HDFC,HDFC,998643870684226,TXN_SUCCESS,01,Txn Success,DjMs0Xmf2vDHxHAq6W+xhMlgsyLg53hUB2/JnmRUwq4=,DYNAMIC_QR,cust_8f7c742c92,C0040
VYOMDEMO0001234567,ORD_VYOM_001734,20260603095929D870D078CEF193,250.00,INR,2026-06-03 09:59:29.0,PPI,WALLET,WALLET,264766649951793,TXN_SUCCESS,01,Txn Success,fPOo8Xhdi1g4g03Nk8VRJFBpbldqmNb/VdGrdnScPJw=,DYNAMIC_QR,cust_9e0f68731d,C0109
VYOMDEMO0001234567,ORD_VYOM_001352,202606030959557B01D3829A90AF,250.00,INR,2026-06-03 09:59:55.0,CC,HDFC,HDFC,320222184359027,TXN_SUCCESS,01,Txn Success,uHPpEhEJOFrVwCcLfVBqhOJX3Iy8N0bTAOTEQJM19r4=,DYNAMIC_QR,cust_2f66dd2f4f,C0062
VYOMDEMO0001234567,ORD_VYOM_000590,20260603120710C712C765700A65,440.00,INR,2026-06-03 12:07:10.0,UPI,UPI,Paytm Payments Bank,353570345634454,TXN_SUCCESS,01,Txn Success,u67j+yyVSCOH+jh/3bHzzQ1SgvwrXzwC5qcSP+dwHCw=,DYNAMIC_QR,cust_106abbb9b5,C0029
VYOMDEMO0001234567,ORD_VYOM_000111,20260603154457298AC0968F29A9,400.00,INR,2026-06-03 15:44:57.0,UPI,UPI,Paytm Payments Bank,765035748225567,TXN_SUCCESS,01,Txn Success,k0aCU/T6WpKn/nEwtUBPjiozT3Wz2uElx5uJJyH9EyE=,DYNAMIC_QR,cust_4b7feffc40,C0006
VYOMDEMO0001234567,ORD_VYOM_002163,202606031930080468615A3502EA,220.00,INR,2026-06-03 19:30:08.0,UPI,UPI,Paytm Payments Bank,82105909069617,TXN_SUCCESS,01,Txn Success,sgbd3GiOrbSaBbNMKlrQ5jNP52uKfQiyfiroTvdOHuk=,DYNAMIC_QR,cust_8a673a591b,C0197
VYOMDEMO0001234567,ORD_VYOM_001139,20260603193841299318BDD0988A,600.00,INR,2026-06-03 19:38:41.0,UPI,UPI,Paytm Payments Bank,707134501075881,TXN_SUCCESS,01,Txn Success,sAdlRC2onAZEdJktR6FI0gTJuyxSMfjipHMirNzlVJA=,DYNAMIC_QR,cust_82cd81d65f,C0053
VYOMDEMO0001234567,ORD_VYOM_000242,202606032130417DDA40C09F65FD,350.00,INR,2026-06-03 21:30:41.0,CC,HDFC,HDFC,339594347097372,TXN_SUCCESS,01,Txn Success,GAWUJvM6VJBJvHwclAQ3JJ6SOwWYGEdd6ISfvQw+RAg=,DYNAMIC_QR,cust_ca9b9b6adf,C0011
VYOMDEMO0001234567,ORD_VYOM_001644,202606032138304D5B52050E0F76,380.00,INR,2026-06-03 21:38:30.0,PPI,WALLET,WALLET,98267479184663,TXN_SUCCESS,01,Txn Success,dy5UQtrfnNkd/cXFJoElWYBJb8Xc6hw/cEN/dtxI0VY=,DYNAMIC_QR,cust_3e84afa8ec,C0094
VYOMDEMO0001234567,ORD_VYOM_001095,202606041059561354E30C1B3F0F,300.00,INR,2026-06-04 10:59:56.0,UPI,UPI,Paytm Payments Bank,414898616343382,TXN_SUCCESS,01,Txn Success,91GgrezsyW+DOgixI4kSCtg3LMQDklyYMRcMXUKvwYc=,DYNAMIC_QR,cust_daf1fef437,C0051
VYOMDEMO0001234567,ORD_VYOM_000910,20260604110413CC6C76D54F6C9E,360.00,INR,2026-06-04 11:04:13.0,UPI,UPI,Paytm Payments Bank,834856958548644,TXN_SUCCESS,01,Txn Success,J3qzdxL6HOWNbCoMKtsxVOcmJkgAumePHSr0/b3jHbg=,DYNAMIC_QR,cust_a4d97a4e7d,C0044
VYOMDEMO0001234567,ORD_VYOM_001023,20260604114129FFDE90A19EEB74,350.00,INR,2026-06-04 11:41:29.0,UPI,UPI,Paytm Payments Bank,154355516451257,TXN_SUCCESS,01,Txn Success,XSsb/wi4Z3ouxdIJULg0NoN0oGLENdMBnWWbAXH56gI=,DYNAMIC_QR,cust_c3657372a9,C0048
VYOMDEMO0001234567,ORD_VYOM_000690,20260604155035032B2E28362CAC,400.00,INR,2026-06-04 15:50:35.0,CC,HDFC,HDFC,362425921212636,TXN_SUCCESS,01,Txn Success,7uDkUPP6O0bJWFtSIq+iF/g45slhRd897IT1l8OQehs=,DYNAMIC_QR,cust_d4aeae392b,C0034
VYOMDEMO0001234567,ORD_VYOM_002255,202606041711087896E8EF9DC80F,150.00,INR,2026-06-04 17:11:08.0,UPI,UPI,Paytm Payments Bank,829465597749808,TXN_SUCCESS,01,Txn Success,4FqmkEtBzLDQIdW5JoBf8vlAc2YRR1l3Ej3j5DuUkLU=,DYNAMIC_QR,cust_fb77ef8f34,C0290
VYOMDEMO0001234567,ORD_VYOM_001813,2026060419030512F583F83D44A7,300.00,INR,2026-06-04 19:03:05.0,CC,HDFC,HDFC,778046036023734,TXN_SUCCESS,01,Txn Success,JHGKZ331TCTfuiMGXH2PGVefgHlkDynTbRpaBmL4at4=,DYNAMIC_QR,cust_ac4f954b01,C0125
VYOMDEMO0001234567,ORD_VYOM_000785,20260604192604EC3BB77E563037,380.00,INR,2026-06-04 19:26:04.0,UPI,UPI,Paytm Payments Bank,550724336051533,TXN_SUCCESS,01,Txn Success,QjUFefOF9EdvjJwmXW2kYy21iLI+3+Hfo+dlg4XoECw=,DYNAMIC_QR,cust_0b348a9dd1,C0039
VYOMDEMO0001234567,ORD_VYOM_000386,202606042022044B2606D3D40AF5,320.00,INR,2026-06-04 20:22:04.0,PPI,WALLET,WALLET,773583194743709,TXN_SUCCESS,01,Txn Success,qybKvpa+gVjKPnq2seR5yIQrBnUTFkTj6uCsNLA5ZNA=,DYNAMIC_QR,cust_1758aa28d3,C0018
VYOMDEMO0001234567,ORD_VYOM_000205,20260604210033AC9FC0641EDCC5,400.00,INR,2026-06-04 21:00:33.0,UPI,UPI,Paytm Payments Bank,228419046534505,TXN_SUCCESS,01,Txn Success,FgHVQj6upCZ2r7Bg8+rQzpHT4+yC8UkOrmhnc52U6TU=,DYNAMIC_QR,cust_785ff6e6b2,C0010
VYOMDEMO0001234567,ORD_VYOM_000419,202606042151181B860F5F05EBAB,400.00,INR,2026-06-04 21:51:18.0,UPI,UPI,Paytm Payments Bank,383707914286582,TXN_SUCCESS,01,Txn Success,erHttCA9BZdMMAStBH+BTqKov9CO91vbFbesyzBlBCM=,DYNAMIC_QR,cust_173fc6de8b,C0020
VYOMDEMO0001234567,ORD_VYOM_000180,20260605095858DE1EAF288DAF55,350.00,INR,2026-06-05 09:58:58.0,UPI,UPI,Paytm Payments Bank,631424769498806,TXN_FAILURE,411,Invalid Amount sent to Paytm,wz225mqRNDx2P56IPkVu5lsKT4PC+WRQj8QUIkpRgTQ=,DYNAMIC_QR,cust_24551de984,C0009
VYOMDEMO0001234567,ORD_VYOM_002281,20260605101758364B64A92C6973,160.00,INR,2026-06-05 10:17:58.0,UPI,UPI,Paytm Payments Bank,717867519171987,TXN_SUCCESS,01,Txn Success,AhdxmiGH5G9oFbkPc9h1Vg1SDC6pAY09LfbhBbGHagE=,DYNAMIC_QR,cust_45383eaa89,C0317
VYOMDEMO0001234567,ORD_VYOM_000033,202606051018013B1FFB4E04B3D6,250.00,INR,2026-06-05 10:18:01.0,UPI,UPI,Paytm Payments Bank,317644807413604,TXN_SUCCESS,01,Txn Success,WKPAKahon62l5EJOi+wcHaooqN5bpz123/BhijbIgk0=,DYNAMIC_QR,cust_c4796bc897,C0003
VYOMDEMO0001234567,ORD_VYOM_000747,202606051121517B010CD0CC9BEF,380.00,INR,2026-06-05 11:21:51.0,DC,ICICI,ICICI,220749703215092,TXN_SUCCESS,01,Txn Success,eTfP4S+xV3NLNZvuVkiPZgosTjfJm8xkO7i6VRtCKD8=,DYNAMIC_QR,cust_9a8d00481d,C0037
VYOMDEMO0001234567,ORD_VYOM_000466,2026060511294554D3579A457E61,300.00,INR,2026-06-05 11:29:45.0,UPI,UPI,Paytm Payments Bank,512428998260024,TXN_SUCCESS,01,Txn Success,yiUVWUEq8R72pYJuFqYrs4TaL5ruHar8PTirK5+RmvE=,DYNAMIC_QR,cust_6e959f4c64,C0023
VYOMDEMO0001234567,ORD_VYOM_000363,20260605145256EFF734D86E81B4,290.00,INR,2026-06-05 14:52:56.0,UPI,UPI,Paytm Payments Bank,147777210575136,TXN_SUCCESS,01,Txn Success,olD9Y/exWlsC0Axjw1zFCBJMslLbhgups+m6yvkC6sM=,DYNAMIC_QR,cust_8fe3b75ae8,C0017
VYOMDEMO0001234567,ORD_VYOM_001324,20260605171113DF023EE9914F3A,440.00,INR,2026-06-05 17:11:13.0,UPI,UPI,Paytm Payments Bank,457378926183855,TXN_SUCCESS,01,Txn Success,vo4+J6CDlewemFoTDm/3AaluJZCRxplpsAbWAfO4TF8=,DYNAMIC_QR,cust_33de551bb3,C0061
VYOMDEMO0001234567,ORD_VYOM_001601,202606051858560F6C3663BA3E9D,320.00,INR,2026-06-05 18:58:56.0,UPI,UPI,Paytm Payments Bank,842693674894936,TXN_SUCCESS,01,Txn Success,WA8YGVXtLcv8G2AM7qGIN3hMjD1t9BpwDvUCwEhPyeM=,DYNAMIC_QR,cust_a7c5e13796,C0084
VYOMDEMO0001234567,ORD_VYOM_000059,20260605192004015D53A81B6797,500.00,INR,2026-06-05 19:20:04.0,UPI,UPI,Paytm Payments Bank,206046728835783,TXN_SUCCESS,01,Txn Success,6Wvd6Vf2+W2EKYcFq+X/mKhcDOCA2RsMfEP2YNuknt4=,DYNAMIC_QR,cust_23bc5b213e,C0004
VYOMDEMO0001234567,ORD_VYOM_001776,202606051932042356BC9E231FFE,260.00,INR,2026-06-05 19:32:04.0,UPI,UPI,Paytm Payments Bank,779195789880915,TXN_SUCCESS,01,Txn Success,kkfjfF2v6TO7b8JfW8Tc25HKiHZljM+r6qfbaXNiae0=,DYNAMIC_QR,cust_020257eebe,C0116
VYOMDEMO0001234567,ORD_VYOM_002293,20260605195900B88E594CC8A418,140.00,INR,2026-06-05 19:59:00.0,UPI,UPI,Paytm Payments Bank,857911125413296,TXN_SUCCESS,01,Txn Success,envOYanLnNlvK2zBxfcf8JkjChp5W1ejszos/GfeWL4=,DYNAMIC_QR,cust_632d5aa4d1,C0329
VYOMDEMO0001234567,ORD_VYOM_001053,202606052034326D7E8C8BF2A19F,390.00,INR,2026-06-05 20:34:32.0,DC,ICICI,ICICI,278688141584882,TXN_SUCCESS,01,Txn Success,U+ATNFj7fx4xqY8qx5ytvPdifMFUv1L53gwzsB0yVSg=,DYNAMIC_QR,cust_fc7659f04d,C0049
VYOMDEMO0001234567,ORD_VYOM_001466,20260606084921DAECD1C46BAC9D,500.00,INR,2026-06-06 08:49:21.0,UPI,UPI,Paytm Payments Bank,492485790438381,TXN_SUCCESS,01,Txn Success,9+uy8p0WcWzPuy92mmk94WXa1OwMYzIjqNGfhPbH1Wc=,DYNAMIC_QR,cust_2775c4cf89,C0069
VYOMDEMO0001234567,ORD_VYOM_000950,20260606091658D7F83DC0C8C72C,400.00,INR,2026-06-06 09:16:58.0,DC,ICICI,ICICI,131832071396033,TXN_SUCCESS,01,Txn Success,iT2cuAPJHm+Xt0RoxM/bvUxtSb2bLOFBBDGNgkMy1QI=,DYNAMIC_QR,cust_d544bf3b16,C0045
VYOMDEMO0001234567,ORD_VYOM_001764,2026060609385615F05F72C56DD2,180.00,INR,2026-06-06 09:38:56.0,DC,ICICI,ICICI,964297082908120,TXN_SUCCESS,01,Txn Success,VwiGH6G4kAApBgwMhgUAVBDae5zm39x1zV9Zcpn6FYA=,DYNAMIC_QR,cust_b789d332da,C0114
VYOMDEMO0001234567,ORD_VYOM_001375,20260606191915EA92B87DDE799F,300.00,INR,2026-06-06 19:19:15.0,UPI,UPI,Paytm Payments Bank,533719013150648,TXN_SUCCESS,01,Txn Success,Vs6K81M9BfAzvStIWy1PEpMzR0+jzibFyRD9TTLYpqE=,DYNAMIC_QR,cust_6e5ea23889,C0063
VYOMDEMO0001234567,ORD_VYOM_002183,20260606202151358D716E0303DB,250.00,INR,2026-06-06 20:21:51.0,UPI,UPI,Paytm Payments Bank,939279937214892,TXN_SUCCESS,01,Txn Success,x1SRu3v9lYmwyoZkPvEpz2mYz1ybEcknR6q5Gt8r9lk=,DYNAMIC_QR,cust_85d63b6588,C0217
VYOMDEMO0001234567,ORD_VYOM_000131,20260606212345AB516DFEFC560E,540.00,INR,2026-06-06 21:23:45.0,PPI,WALLET,WALLET,727688805489084,TXN_SUCCESS,01,Txn Success,yiF+znP2c4wRjQexsBqx1Msdgl0kW2AXo5/m+ERrhfs=,DYNAMIC_QR,cust_eabdbf3bc8,C0007
VYOMDEMO0001234567,ORD_VYOM_000591,20260607093653656C5A451694DB,240.00,INR,2026-06-07 09:36:53.0,UPI,UPI,Paytm Payments Bank,333346408293592,TXN_SUCCESS,01,Txn Success,c6yBJ50wVIwuYHLmbigKqw12v68adISst0MfyJ2gX1M=,DYNAMIC_QR,cust_106abbb9b5,C0029
VYOMDEMO0001234567,ORD_VYOM_001399,202606070939501B6E4B72E67D70,300.00,INR,2026-06-07 09:39:50.0,UPI,UPI,Paytm Payments Bank,231147550836430,TXN_SUCCESS,01,Txn Success,zvpeYvFIdFDVaDlt8PMA2cEG8DOyc2eg3PIOWvTGdJU=,DYNAMIC_QR,cust_63b68fdde8,C0064
VYOMDEMO0001234567,ORD_VYOM_001024,2026060715033611FE6DC65E8F1B,450.00,INR,2026-06-07 15:03:36.0,PPI,WALLET,WALLET,260893314121099,TXN_SUCCESS,01,Txn Success,5PEYfRgJTRUzGR1p9Tk5I4Xr2ieZ/hHWe1Qbu5aJc6U=,DYNAMIC_QR,cust_c3657372a9,C0048
VYOMDEMO0001234567,ORD_VYOM_000243,20260607152523154A81DB8FFFF4,250.00,INR,2026-06-07 15:25:23.0,UPI,UPI,Paytm Payments Bank,255827398066192,TXN_SUCCESS,01,Txn Success,/gFzOsWWeK+81ia0clCR3yUq8tJazqNc1qT6JAlyEwk=,DYNAMIC_QR,cust_ca9b9b6adf,C0011
VYOMDEMO0001234567,ORD_VYOM_001140,20260607190223E36609579EE88C,400.00,INR,2026-06-07 19:02:23.0,PPI,WALLET,WALLET,407598256953446,TXN_SUCCESS,01,Txn Success,uhmCCR/sdBS8iC7wk3zm3vQq/K+mjSd64ZeCp8aUESY=,DYNAMIC_QR,cust_82cd81d65f,C0053
VYOMDEMO0001234567,ORD_VYOM_000532,20260607190545EFB690B4DA776F,340.00,INR,2026-06-07 19:05:45.0,UPI,UPI,Paytm Payments Bank,233333122414394,TXN_SUCCESS,01,Txn Success,x5W8Cg2LY1BPLXuV7o/i4G+/XBrS2vSTlu+uIgvI4jI=,DYNAMIC_QR,cust_41941dbbd4,C0026
VYOMDEMO0001234567,ORD_VYOM_002178,202606071945358E940C0972EE9A,250.00,INR,2026-06-07 19:45:35.0,UPI,UPI,Paytm Payments Bank,984392130904781,TXN_SUCCESS,01,Txn Success,FAUg7M4I60joOmJAro/jcfKiLphyACMxVFFz9qMBPqI=,DYNAMIC_QR,cust_aa567ab7cb,C0212
VYOMDEMO0001234567,ORD_VYOM_002209,202606072128565CB5FECF15BADA,210.00,INR,2026-06-07 21:28:56.0,UPI,UPI,Paytm Payments Bank,50878015792713,TXN_SUCCESS,01,Txn Success,6NF3TR29WAZDokeOZtCchl7loPQ7UUPBLAPMZDq0F6k=,DYNAMIC_QR,cust_ed1cad7e3e,C0243
VYOMDEMO0001234567,ORD_VYOM_001449,202606080829585AFE667B8B2B11,330.00,INR,2026-06-08 08:29:58.0,DC,ICICI,ICICI,636461516150287,TXN_SUCCESS,01,Txn Success,sNdoiOL6g3N9QFVheIyTOH3U3fhsGhgicBk9wNdVw28=,DYNAMIC_QR,cust_f5144e6e67,C0068
VYOMDEMO0001234567,ORD_VYOM_001838,2026060808341980857F11CD97C2,190.00,INR,2026-06-08 08:34:19.0,DC,ICICI,ICICI,286356772085779,TXN_SUCCESS,01,Txn Success,TY6F8282KMWKuVhrovg63jdJmwz7sbCbu/WCdTJwz/g=,DYNAMIC_QR,cust_a2033d34f3,C0129
VYOMDEMO0001234567,ORD_VYOM_002262,20260608094712F4BF620679167D,220.00,INR,2026-06-08 09:47:12.0,UPI,UPI,Paytm Payments Bank,791425240525364,TXN_SUCCESS,01,Txn Success,IH4YDR34jes4V16xVNf0p9C8/F6xayON6tDrcRQgL74=,DYNAMIC_QR,cust_f93aac8b3d,C0297
VYOMDEMO0001234567,ORD_VYOM_000284,202606081017301A9128A115E0D8,480.00,INR,2026-06-08 10:17:30.0,UPI,UPI,Paytm Payments Bank,653014891632792,TXN_SUCCESS,01,Txn Success,sOtLtsyEi3e7OH/C4nIDAKyi9+4A/mGTQ2gErTiR8+w=,DYNAMIC_QR,cust_2db547fcb3,C0013
VYOMDEMO0001234567,ORD_VYOM_000716,2026060812291455D2B4DD7CC8DA,550.00,INR,2026-06-08 12:29:14.0,PPI,WALLET,WALLET,334436732918368,PENDING,400,Transaction is pending confirmation.,R8oSMaW9Yz7DNSM3/Fk1g/4PnSfVpmsc6hLkKXcX13c=,DYNAMIC_QR,cust_37d415cd87,C0035
VYOMDEMO0001234567,ORD_VYOM_002259,202606081328521B27EB75A038A1,100.00,INR,2026-06-08 13:28:52.0,PPI,WALLET,WALLET,816731051194004,TXN_SUCCESS,01,Txn Success,Ogwy8GMOrSiwhPFlyDyNWo6a7oz6xhv/K7qohuxi+zk=,DYNAMIC_QR,cust_201aa44afb,C0294
VYOMDEMO0001234567,ORD_VYOM_000849,2026060814085854424ACB340DCE,280.00,INR,2026-06-08 14:08:58.0,UPI,UPI,Paytm Payments Bank,605625428240842,TXN_SUCCESS,01,Txn Success,bGViy8pgw5Vvkm5YyRdOlat61MxzW1twjSpBVpJ45XU=,DYNAMIC_QR,cust_d212ee719a,C0041
VYOMDEMO0001234567,ORD_VYOM_001491,2026060818584963D5D6A5A3AAA2,220.00,INR,2026-06-08 18:58:49.0,UPI,UPI,Paytm Payments Bank,680423955982995,TXN_SUCCESS,01,Txn Success,nuaP9wS1bkQ4nFYX4HejgjU/6/lj/6/I+zOzddO3wDw=,DYNAMIC_QR,cust_6549be84fc,C0070
VYOMDEMO0001234567,ORD_VYOM_001607,2026060819314690884EBA20FC7A,250.00,INR,2026-06-08 19:31:46.0,CC,HDFC,HDFC,827128898815342,TXN_SUCCESS,01,Txn Success,+CrJf4DCSZpquse1qLFep8+HVNBSsa8hJiapt8Tubno=,DYNAMIC_QR,cust_515446ef47,C0085
VYOMDEMO0001234567,ORD_VYOM_000619,202606081943080A8D70872FA8CB,270.00,INR,2026-06-08 19:43:08.0,UPI,UPI,Paytm Payments Bank,686633990748155,TXN_SUCCESS,01,Txn Success,bHMyxTnNkPdo7y+z5FyXbnb2I+R5h3oIkXncJndsmpE=,DYNAMIC_QR,cust_9138b9325b,C0030
VYOMDEMO0001234567,ORD_VYOM_000821,20260608211802E80661152B9530,300.00,INR,2026-06-08 21:18:02.0,UPI,UPI,Paytm Payments Bank,596777874479338,TXN_SUCCESS,01,Txn Success,DXGiXZD9pZT8LRP2OF5a54BebbBUVNQh2MZhWPeceU8=,DYNAMIC_QR,cust_8f7c742c92,C0040
VYOMDEMO0001234567,ORD_VYOM_000638,20260609080126B827C1E65E0DD6,200.00,INR,2026-06-09 08:01:26.0,UPI,UPI,Paytm Payments Bank,755728225229005,TXN_SUCCESS,01,Txn Success,CslbD9CobNH5DaVpNXJGyPrlq5QIfg1EnnV2KadQKbc=,DYNAMIC_QR,cust_30c7131331,C0031
VYOMDEMO0001234567,ORD_VYOM_000884,20260609091243D7EE2FB4952A8B,300.00,INR,2026-06-09 09:12:43.0,UPI,UPI,Paytm Payments Bank,410927947241663,TXN_SUCCESS,01,Txn Success,WVs8RDyqh8gzEf+HXKi94RQ/SwhjLc0aoHgvVdxuhK8=,DYNAMIC_QR,cust_20281afbd7,C0043
VYOMDEMO0001234567,ORD_VYOM_001168,20260609093228573B4DCD8F1D4F,460.00,INR,2026-06-09 09:32:28.0,UPI,UPI,Paytm Payments Bank,12619869221308,TXN_SUCCESS,01,Txn Success,olaFQDkjnQ2t+A8N60SpPpILd7XW4gLnmIhthr8SXwk=,DYNAMIC_QR,cust_5cd1790ef5,C0054
VYOMDEMO0001234567,ORD_VYOM_000206,20260609093711C9C44F23A6479C,250.00,INR,2026-06-09 09:37:11.0,CC,HDFC,HDFC,743022848076627,TXN_SUCCESS,01,Txn Success,KNKC4KoLk7SyDc3277nXSn0FLKLYZh8xGXBJI90Q6lo=,DYNAMIC_QR,cust_785ff6e6b2,C0010
VYOMDEMO0001234567,ORD_VYOM_001990,20260609103534364C8E077FCFF8,240.00,INR,2026-06-09 10:35:34.0,CC,HDFC,HDFC,978561746420614,TXN_SUCCESS,01,Txn Success,1p2pYwEZxTYvCcCPirnSrvStuX+8ckjkC77mv9Mt5V4=,DYNAMIC_QR,cust_6acbbf9b37,C0159
VYOMDEMO0001234567,ORD_VYOM_001325,2026060914101943FD88CBC75FCF,440.00,INR,2026-06-09 14:10:19.0,UPI,UPI,Paytm Payments Bank,695398581020756,TXN_SUCCESS,01,Txn Success,Y01CqZYJue1NK+dGNjFmAwNn/4rcrIoDZeS1PDXDpSI=,DYNAMIC_QR,cust_33de551bb3,C0061
VYOMDEMO0001234567,ORD_VYOM_002091,20260609180640F738E4C21B29E4,240.00,INR,2026-06-09 18:06:40.0,UPI,UPI,Paytm Payments Bank,821562809177492,TXN_SUCCESS,01,Txn Success,TTt+tH4AoiCnPtBdhctBQ+IZ1BkQ3LzPBLS2lrW7qRI=,DYNAMIC_QR,cust_fdf604a395,C0180
VYOMDEMO0001234567,ORD_VYOM_001587,20260609184939954D11BBEF0A62,150.00,INR,2026-06-09 18:49:39.0,UPI,UPI,Paytm Payments Bank,684302926960617,TXN_SUCCESS,01,Txn Success,b4Kw5VpMkOwUKe8/2JXXaErEcJLmCKFOBUycAdlQxNI=,DYNAMIC_QR,cust_72f28a419b,C0082
VYOMDEMO0001234567,ORD_VYOM_000112,202606092004374ED21197520BBA,280.00,INR,2026-06-09 20:04:37.0,UPI,UPI,Paytm Payments Bank,465499504103132,TXN_SUCCESS,01,Txn Success,cpcbKfG41l2sw8Bs9wlVkxdp3u8xQQhxCf+fV/+h53g=,DYNAMIC_QR,cust_4b7feffc40,C0006
VYOMDEMO0001234567,ORD_VYOM_002007,20260610080227CA9FA8354B9F0D,150.00,INR,2026-06-10 08:02:27.0,CC,HDFC,HDFC,14529699556909,TXN_SUCCESS,01,Txn Success,yuphJrasUJAAzmH3ZoTaAERNHQve5xt1Et4mxLVnMGo=,DYNAMIC_QR,cust_1a6a0727b9,C0164
VYOMDEMO0001234567,ORD_VYOM_001669,20260610081111649536F21B7037,450.00,INR,2026-06-10 08:11:11.0,UPI,UPI,Paytm Payments Bank,910329313640049,TXN_SUCCESS,01,Txn Success,5fUIvrt1dgZcelE8KknzilaXGdqAyIKm19KgruVh458=,DYNAMIC_QR,cust_727cd2c5c9,C0098
VYOMDEMO0001234567,ORD_VYOM_000786,2026061008142420792428870FA4,370.00,INR,2026-06-10 08:14:24.0,CC,HDFC,HDFC,492877595805840,TXN_SUCCESS,01,Txn Success,IW6ljcVJlpTqrhKVANZ/STGkDRWnM3UGs0uUWDC9yQU=,DYNAMIC_QR,cust_0b348a9dd1,C0039
VYOMDEMO0001234567,ORD_VYOM_002170,202606100824388B260CB5D9655B,200.00,INR,2026-06-10 08:24:38.0,CC,HDFC,HDFC,41076962206827,TXN_SUCCESS,01,Txn Success,EdiXP2hKkhyVW7Chdq+w9BJF4gIcY2FcGlx0nXTOoRM=,DYNAMIC_QR,cust_f833bac96c,C0204
VYOMDEMO0001234567,ORD_VYOM_002212,20260610082548FA4784F98DCC26,120.00,INR,2026-06-10 08:25:48.0,UPI,UPI,Paytm Payments Bank,85039402039535,TXN_SUCCESS,01,Txn Success,0LplaRYzX0b+QM8IT9lunIIMvClmVJuEE7CKEFnQlZ8=,DYNAMIC_QR,cust_da75945c80,C0246
VYOMDEMO0001234567,ORD_VYOM_002070,202606101055488DE0945EE24D71,360.00,INR,2026-06-10 10:55:48.0,PPI,WALLET,WALLET,721838188273706,TXN_SUCCESS,01,Txn Success,JL6Q1yeVwn+g+c34CJf1myw9dkpuRoQXu2xMrJQOIP4=,DYNAMIC_QR,cust_e15240849f,C0175
VYOMDEMO0001234567,ORD_VYOM_001573,2026061018063407EC155F686EDA,100.00,INR,2026-06-10 18:06:34.0,UPI,UPI,Paytm Payments Bank,934907435647946,TXN_SUCCESS,01,Txn Success,x6vAwGulMuD1KE3XakxqYi5IOUz5SbKJ0TfxnoA84A8=,DYNAMIC_QR,cust_0f60f6842b,C0079
VYOMDEMO0001234567,ORD_VYOM_001096,20260610183701559D047288347E,400.00,INR,2026-06-10 18:37:01.0,DC,ICICI,ICICI,605325320997480,TXN_SUCCESS,01,Txn Success,3TM+X5ZY1+n+sPg28wudA++UYsiiE/EUnOIsdobMmd0=,DYNAMIC_QR,cust_daf1fef437,C0051
VYOMDEMO0001234567,ORD_VYOM_000060,20260610191059A3624D89ECB3B4,450.00,INR,2026-06-10 19:10:59.0,UPI,UPI,Paytm Payments Bank,688695661258774,TXN_SUCCESS,01,Txn Success,24E2+VXMCM5KJCE2ww33ytMz58NcGdcZPmBO1bt9QOs=,DYNAMIC_QR,cust_23bc5b213e,C0004
VYOMDEMO0001234567,ORD_VYOM_001953,202606101934532023BFF55588C2,250.00,INR,2026-06-10 19:34:53.0,UPI,UPI,Paytm Payments Bank,874669489563794,TXN_SUCCESS,01,Txn Success,ZRgqo77/eqmRTavcK++Mq8y+GfejUftwx+YmdoWTSzg=,DYNAMIC_QR,cust_45ad7a8f47,C0152
VYOMDEMO0001234567,ORD_VYOM_001054,20260610194506F7E1AAF143188F,210.00,INR,2026-06-10 19:45:06.0,UPI,UPI,Paytm Payments Bank,918745865532900,TXN_SUCCESS,01,Txn Success,Hj6UqWAeptnNtgw9O1XiLgVgoomOl9H4Z0UD7alCCDI=,DYNAMIC_QR,cust_fc7659f04d,C0049
VYOMDEMO0001234567,ORD_VYOM_000312,20260610194759C2EADFC8E7C7CB,350.00,INR,2026-06-10 19:47:59.0,UPI,UPI,Paytm Payments Bank,670840691744070,TXN_SUCCESS,01,Txn Success,06oKKXnyvz+hAUveNjSvxmtVXTtOs7fNFKUC4SZxYfE=,DYNAMIC_QR,cust_1ae6b5d45e,C0014
VYOMDEMO0001234567,ORD_VYOM_000691,20260610202749B4EB79A14A4209,480.00,INR,2026-06-10 20:27:49.0,UPI,UPI,Paytm Payments Bank,984818999503646,TXN_SUCCESS,01,Txn Success,VNNdoUbk2nHCksC9uJ8CM1sp13lqCoSPCPZ7hgUgpy0=,DYNAMIC_QR,cust_d4aeae392b,C0034
VYOMDEMO0001234567,ORD_VYOM_001596,202606102050093253B54D623991,200.00,INR,2026-06-10 20:50:09.0,PPI,WALLET,WALLET,716680574094702,TXN_SUCCESS,01,Txn Success,rMHNzfHPlOId9N0aD1GuaNP+bti9YgeSTm02IDjNWoU=,DYNAMIC_QR,cust_8d0c9a7d85,C0083
VYOMDEMO0001234567,ORD_VYOM_000748,20260610210138B7F20C2C0BCE0E,450.00,INR,2026-06-10 21:01:38.0,CC,HDFC,HDFC,520285947337527,TXN_SUCCESS,01,Txn Success,cSo0rqKi/R0uRXiC0iWc/5kA7swqxhKM0ni1uLbzK4E=,DYNAMIC_QR,cust_9a8d00481d,C0037
VYOMDEMO0001234567,ORD_VYOM_001376,20260611080713E2287996E63FF4,240.00,INR,2026-06-11 08:07:13.0,CC,HDFC,HDFC,16367945573639,TXN_SUCCESS,01,Txn Success,3po0QxzoxWOlfRf3Q0gzfANuiOhVgijeSd5BHY/w/zM=,DYNAMIC_QR,cust_6e5ea23889,C0063
VYOMDEMO0001234567,ORD_VYOM_001025,202606111020486A15ADDEA2A4AE,400.00,INR,2026-06-11 10:20:48.0,DC,ICICI,ICICI,105573473721527,TXN_SUCCESS,01,Txn Success,Eec8ygfg+85pCk32r6l/B5gU/dY7cRCKKR4gWcMts0w=,DYNAMIC_QR,cust_c3657372a9,C0048
VYOMDEMO0001234567,ORD_VYOM_000181,2026061111415015095A951F4DA4,310.00,INR,2026-06-11 11:41:50.0,UPI,UPI,Paytm Payments Bank,746182152210184,TXN_SUCCESS,01,Txn Success,7AVMfIeCiPwYyQJvSyZxI2cNKKXxfJT54tjd8JkAEuE=,DYNAMIC_QR,cust_24551de984,C0009
VYOMDEMO0001234567,ORD_VYOM_000592,202606111226540BC77932509EE2,200.00,INR,2026-06-11 12:26:54.0,UPI,UPI,Paytm Payments Bank,724500331952101,TXN_SUCCESS,01,Txn Success,ghsfEmtAGq+yH90NQzP9vFnrp/Sg28GqMesmTtLjAxw=,DYNAMIC_QR,cust_106abbb9b5,C0029
VYOMDEMO0001234567,ORD_VYOM_000364,20260611173348B8D12C045D3945,300.00,INR,2026-06-11 17:33:48.0,UPI,UPI,Paytm Payments Bank,447644534588428,TXN_SUCCESS,01,Txn Success,jugOnUTYLLQtKu0nLgyWj+n1lTw5AsWJy8frzsHwZHI=,DYNAMIC_QR,cust_8fe3b75ae8,C0017
VYOMDEMO0001234567,ORD_VYOM_001877,2026061119064777DAD0D55609FB,100.00,INR,2026-06-11 19:06:47.0,DC,ICICI,ICICI,147947136011723,TXN_SUCCESS,01,Txn Success,CYCU30U2IJw1ic4PXKqLp5t/uL4/+UD3lb37RvcF5rc=,DYNAMIC_QR,cust_9be65df5a3,C0136
VYOMDEMO0001234567,ORD_VYOM_000951,20260611191608907F0A0F5408EF,460.00,INR,2026-06-11 19:16:08.0,UPI,UPI,Paytm Payments Bank,820972658135659,TXN_SUCCESS,01,Txn Success,LsbYo5z0Raf4ZWNIYtColO9CEqtVn08nL0YsQHCaWCA=,DYNAMIC_QR,cust_d544bf3b16,C0045
VYOMDEMO0001234567,ORD_VYOM_001830,202606111923583AED7E91FD1757,160.00,INR,2026-06-11 19:23:58.0,PPI,WALLET,WALLET,110003399239788,TXN_SUCCESS,01,Txn Success,uMBrR8mIfzm6EYdeeHtPHMWXjhMfnbcN1uwyJx7dGzo=,DYNAMIC_QR,cust_1dd4421c42,C0128
VYOMDEMO0001234567,ORD_VYOM_000244,20260611194832851C324F1AD8BC,350.00,INR,2026-06-11 19:48:32.0,DC,ICICI,ICICI,738476330489183,TXN_SUCCESS,01,Txn Success,IofajFznvC6Vjtm0OrVW535gb0EeMzd+Vf+aLmopJAc=,DYNAMIC_QR,cust_ca9b9b6adf,C0011
VYOMDEMO0001234567,ORD_VYOM_001617,202606112110362F4C260B75BBD9,250.00,INR,2026-06-11 21:10:36.0,UPI,UPI,Paytm Payments Bank,559970301826992,TXN_SUCCESS,01,Txn Success,Ydi8ucRn6uqmsVGspjkty7A95AgeVEyeCAJ+vusBOFs=,DYNAMIC_QR,cust_e6f4b63a28,C0087
VYOMDEMO0001234567,ORD_VYOM_001893,2026061121174719C788DC646526,270.00,INR,2026-06-11 21:17:47.0,UPI,UPI,Paytm Payments Bank,402924146265998,TXN_SUCCESS,01,Txn Success,o6e0oo2IIFf39eQ+GR5kpTIaDIfFE/X3aDPe2GtpNZE=,DYNAMIC_QR,cust_d25b7ce37d,C0139
VYOMDEMO0001234567,ORD_VYOM_000467,202606120827482CBAEBD0A7832D,250.00,INR,2026-06-12 08:27:48.0,PPI,WALLET,WALLET,545417741985669,TXN_SUCCESS,01,Txn Success,NujFhsUJ02SW39S+wjCRBOch3y+MaASu0KNecyCMTOQ=,DYNAMIC_QR,cust_6e959f4c64,C0023
VYOMDEMO0001234567,ORD_VYOM_001612,202606120931343AD78CA39FAECE,140.00,INR,2026-06-12 09:31:34.0,UPI,UPI,Paytm Payments Bank,872241092505231,TXN_SUCCESS,01,Txn Success,7glKNVBfqHopl/d8vAiJiK1QPSicJdBrMruTnrox0x4=,DYNAMIC_QR,cust_e457527155,C0086
VYOMDEMO0001234567,ORD_VYOM_001353,2026061209375223EB900CD3AFD6,250.00,INR,2026-06-12 09:37:52.0,PPI,WALLET,WALLET,262375444113334,TXN_SUCCESS,01,Txn Success,/FvH5GxUmVXMyHUb0AKK8lJZUDM1B7krhglBXlelLWE=,DYNAMIC_QR,cust_2f66dd2f4f,C0062
VYOMDEMO0001234567,ORD_VYOM_000285,2026061211542525245C2158B45F,360.00,INR,2026-06-12 11:54:25.0,UPI,UPI,Paytm Payments Bank,595168151387099,TXN_SUCCESS,01,Txn Success,1LBICKO/j/7Kjb7gFPFEAXWf1ly3eSIDBw1KwtCJd2I=,DYNAMIC_QR,cust_2db547fcb3,C0013
VYOMDEMO0001234567,ORD_VYOM_000822,202606121632046E5EE2CDA078C0,270.00,INR,2026-06-12 16:32:04.0,UPI,UPI,Paytm Payments Bank,654624614725031,TXN_SUCCESS,01,Txn Success,qk96KIfNdqmr0Po++na0mvYR4lVT1Clqioe/+OcVT2I=,DYNAMIC_QR,cust_8f7c742c92,C0040
VYOMDEMO0001234567,ORD_VYOM_002032,202606121828506A4FC1BD1A2394,420.00,INR,2026-06-12 18:28:50.0,DC,ICICI,ICICI,22524186253322,TXN_SUCCESS,01,Txn Success,xYgBALQvwtYwp7zN3zzg9k+fKf4hfIH/2Z9ZE0+V0g0=,DYNAMIC_QR,cust_a3cf8e4c75,C0167
VYOMDEMO0001234567,ORD_VYOM_000911,20260612191329A88F2A4649D9D9,270.00,INR,2026-06-12 19:13:29.0,UPI,UPI,Paytm Payments Bank,313795005839408,TXN_SUCCESS,01,Txn Success,FJ5no8KzL5eXHOtRKI6Ptv7VF37wY92MhBFh8lZlQKc=,DYNAMIC_QR,cust_a4d97a4e7d,C0044
VYOMDEMO0001234567,ORD_VYOM_001400,20260612192738C03434AEBC4FD3,360.00,INR,2026-06-12 19:27:38.0,UPI,UPI,Paytm Payments Bank,173300810590737,TXN_SUCCESS,01,Txn Success,W6tq9BuC5266XLAYmRcSWiKykTS14PbT3/MLA433mRA=,DYNAMIC_QR,cust_63b68fdde8,C0064
VYOMDEMO0001234567,ORD_VYOM_002182,20260612195855E2A78D273346A8,150.00,INR,2026-06-12 19:58:55.0,UPI,UPI,Paytm Payments Bank,851989042805032,TXN_SUCCESS,01,Txn Success,EuxlxivkFLOl4oZxYJbojuYkcgRYG+xhEMwmaZows20=,DYNAMIC_QR,cust_8de703d8a6,C0216
VYOMDEMO0001234567,ORD_VYOM_002023,20260612204706F3F48231681A21,300.00,INR,2026-06-12 20:47:06.0,UPI,UPI,Paytm Payments Bank,990146539119237,TXN_SUCCESS,01,Txn Success,rH1BKeGQMnqxSflmVoG0oSzaCMQ6iVPUQVml8rACyw0=,DYNAMIC_QR,cust_b4af432e1d,C0166
VYOMDEMO0001234567,ORD_VYOM_001467,20260612214242224CCF1170ABE7,250.00,INR,2026-06-12 21:42:42.0,UPI,UPI,Paytm Payments Bank,298783189581543,TXN_SUCCESS,01,Txn Success,cTfh5hXcZcgrFWuZPL5Uh+3DCdNTwFJtB3wj3YqyYEU=,DYNAMIC_QR,cust_2775c4cf89,C0069
VYOMDEMO0001234567,ORD_VYOM_001863,20260612214409BE84CD8BDAEB7A,350.00,INR,2026-06-12 21:44:09.0,UPI,UPI,Paytm Payments Bank,98418606541165,TXN_SUCCESS,01,Txn Success,SuV4BlMiVEuxHqBEV0HkpDWZycSJfV057R/JmaK5mqM=,DYNAMIC_QR,cust_c60462553f,C0134
VYOMDEMO0001234567,ORD_VYOM_001492,20260613081200BD4DC98EC1FBF9,400.00,INR,2026-06-13 08:12:00.0,DC,ICICI,ICICI,380887711860560,TXN_SUCCESS,01,Txn Success,xMfGrgjjsMNsFaejeUk3KJhdmORq968y59Pgu0+L8gw=,DYNAMIC_QR,cust_6549be84fc,C0070
VYOMDEMO0001234567,ORD_VYOM_002139,20260613101157E49923818599AB,400.00,INR,2026-06-13 10:11:57.0,UPI,UPI,Paytm Payments Bank,32024419777330,TXN_SUCCESS,01,Txn Success,kUC2e/ql+1TRxxYRyi8UzFxzt3jgkuSRi9o3OJuRmyw=,DYNAMIC_QR,cust_0753906ee5,C0189
VYOMDEMO0001234567,ORD_VYOM_001169,20260613144637C0A0506A49D5A2,150.00,INR,2026-06-13 14:46:37.0,UPI,UPI,Paytm Payments Bank,582801875942256,TXN_SUCCESS,01,Txn Success,pDo9MbO/hgctkGPsMpaWnb32C7iDW6S9VH3Da6tJkNQ=,DYNAMIC_QR,cust_5cd1790ef5,C0054
VYOMDEMO0001234567,ORD_VYOM_001423,202606131804287B73EA56F602AC,360.00,INR,2026-06-13 18:04:28.0,UPI,UPI,Paytm Payments Bank,748059594728108,TXN_SUCCESS,01,Txn Success,O4F7Id2vR0nYFJXoo6RyFP3ZCSWQe3SJFgmUIA5Sjao=,DYNAMIC_QR,cust_1dc57b77e4,C0066
VYOMDEMO0001234567,ORD_VYOM_001938,20260613191939F75A45A8D4DC2F,100.00,INR,2026-06-13 19:19:39.0,DC,ICICI,ICICI,776955711398958,TXN_SUCCESS,01,Txn Success,bp7KI11BoEQWzihS0ILJ9fqc844X+EBuDuGQTHzRoD4=,DYNAMIC_QR,cust_ae8f8ca329,C0150
VYOMDEMO0001234567,ORD_VYOM_001693,2026061319514733BE7BD6192C7D,260.00,INR,2026-06-13 19:51:47.0,CC,HDFC,HDFC,68877831924489,TXN_SUCCESS,01,Txn Success,uoTnU9oTSgPGs/PaLnZxDUp4216tm44vSC9tVTEKyJ4=,DYNAMIC_QR,cust_e5084e5c52,C0102
VYOMDEMO0001234567,ORD_VYOM_000113,20260613204453FFCB3B66C8486E,360.00,INR,2026-06-13 20:44:53.0,UPI,UPI,Paytm Payments Bank,325769475916792,TXN_SUCCESS,01,Txn Success,c5ernoEkD/9nWTAqyjoxseqE5MVP4azg6M5p3HEM+Ak=,DYNAMIC_QR,cust_4b7feffc40,C0006
VYOMDEMO0001234567,ORD_VYOM_000034,20260614093316BE4CA72E6C26D7,380.00,INR,2026-06-14 09:33:16.0,CC,HDFC,HDFC,831007156974448,TXN_SUCCESS,01,Txn Success,j9OB7m42rf93n0ftx2+PrZPEePmgPOcjnEieyhfVjP4=,DYNAMIC_QR,cust_c4796bc897,C0003
VYOMDEMO0001234567,ORD_VYOM_001097,2026061409364801516E0CF00C9F,400.00,INR,2026-06-14 09:36:48.0,UPI,UPI,Paytm Payments Bank,663172061243173,TXN_SUCCESS,01,Txn Success,x+11JZYYyxrWeDkw3OA6s5B+Hs9bAinL/1tJmqkpNMU=,DYNAMIC_QR,cust_daf1fef437,C0051
VYOMDEMO0001234567,ORD_VYOM_000387,20260614123807C9D994E8279E5F,260.00,INR,2026-06-14 12:38:07.0,PPI,WALLET,WALLET,375068769644343,TXN_SUCCESS,01,Txn Success,lu87WuOFrrOxF5VpWQvNPQzCY4Q8nkBhIvm2qKUqOFQ=,DYNAMIC_QR,cust_1758aa28d3,C0018
VYOMDEMO0001234567,ORD_VYOM_001450,202606141457215A5BAECF0BA78C,180.00,INR,2026-06-14 14:57:21.0,PPI,WALLET,WALLET,694308256395980,TXN_SUCCESS,01,Txn Success,yazwix5wmEbvcl8oshQqFcFQXxsY6MVaketahh4o/f4=,DYNAMIC_QR,cust_f5144e6e67,C0068
VYOMDEMO0001234567,ORD_VYOM_000328,2026061415421037C0DED3502689,260.00,INR,2026-06-14 15:42:10.0,UPI,UPI,Paytm Payments Bank,469018225786471,TXN_SUCCESS,01,Txn Success,opsvuMKmyPym8S+eKwdJiAd7ppphWCpsYGwMz5Osjz4=,DYNAMIC_QR,cust_240753abf1,C0015
VYOMDEMO0001234567,ORD_VYOM_001651,202606141758517C220FD0E06730,250.00,INR,2026-06-14 17:58:51.0,UPI,UPI,Paytm Payments Bank,975084607908219,TXN_SUCCESS,01,Txn Success,9hC0fiQGRI+JiIpUCwE3EyLTOVMQn3J9BJYpaNQNJcA=,DYNAMIC_QR,cust_2eabcb6f32,C0095
VYOMDEMO0001234567,ORD_VYOM_002112,2026061418053692A337444EC6BF,280.00,INR,2026-06-14 18:05:36.0,UPI,UPI,Paytm Payments Bank,978273081445202,TXN_SUCCESS,01,Txn Success,HlpaHo9uVsvZQcZmjZBi5BO1PinDzcMVQzvP5VdJeSw=,DYNAMIC_QR,cust_d086bba453,C0184
VYOMDEMO0001234567,ORD_VYOM_001516,20260614182414A2ED9CC73741D3,450.00,INR,2026-06-14 18:24:14.0,UPI,UPI,Paytm Payments Bank,26595867758390,TXN_SUCCESS,01,Txn Success,u10b7+FVTNW3AZUW9mvRUntSnr8Snxx7HbPuNfZO4VU=,DYNAMIC_QR,cust_2f8f5bb109,C0072
VYOMDEMO0001234567,ORD_VYOM_000885,20260614204431F7D6610FC919BD,320.00,INR,2026-06-14 20:44:31.0,UPI,UPI,Paytm Payments Bank,202196927261587,TXN_SUCCESS,01,Txn Success,pgdd1hRV9F5zG+Yh3N879IqbiJaOtkyEI3Clfvi5cpk=,DYNAMIC_QR,cust_20281afbd7,C0043
VYOMDEMO0001234567,ORD_VYOM_000503,20260614211145C7380AA917F050,330.00,INR,2026-06-14 21:11:45.0,CC,HDFC,HDFC,486421247882795,TXN_SUCCESS,01,Txn Success,5Vc2e3qTGf4rL+wd0LXxdZvpcqR90CaII8W4efuaY8k=,DYNAMIC_QR,cust_f28cbf1be8,C0025
VYOMDEMO0001234567,ORD_VYOM_000132,20260614214627574A3A8A30CDE4,460.00,INR,2026-06-14 21:46:27.0,PPI,WALLET,WALLET,608325475957857,TXN_SUCCESS,01,Txn Success,AgA0X1TF+8CHhSYttSU7Y0yXPMAu66r1sXOtj2JI5mE=,DYNAMIC_QR,cust_eabdbf3bc8,C0007
VYOMDEMO0001234567,ORD_VYOM_000388,202606151331563CA23E84E68CC2,260.00,INR,2026-06-15 13:31:56.0,UPI,UPI,Paytm Payments Bank,317222029398650,TXN_SUCCESS,01,Txn Success,XolAaZrifDS9tUCY0wB+C37nBsJnYi5ThI+uj35GPlY=,DYNAMIC_QR,cust_1758aa28d3,C0018
VYOMDEMO0001234567,ORD_VYOM_001326,202606151354101CA9CD9DE4F643,200.00,INR,2026-06-15 13:54:10.0,DC,ICICI,ICICI,208624105781206,TXN_SUCCESS,01,Txn Success,mD8KGN48VPYbdp9YS7s45hdW/ZU7E9i1Plye5n8JqHY=,DYNAMIC_QR,cust_33de551bb3,C0061
VYOMDEMO0001234567,ORD_VYOM_002197,2026061516533840468A81D0DF5F,100.00,INR,2026-06-15 16:53:38.0,UPI,UPI,Paytm Payments Bank,189884445902221,TXN_SUCCESS,01,Txn Success,VjZyjBGIrH7APmwFDBSGBPYglwjEMaUl42j2RMFCgY0=,DYNAMIC_QR,cust_86c924acc1,C0231
VYOMDEMO0001234567,ORD_VYOM_001055,20260615174119CFB49F3FD0EDF2,320.00,INR,2026-06-15 17:41:19.0,UPI,UPI,Paytm Payments Bank,229906098855152,TXN_SUCCESS,01,Txn Success,RbYqcAZwbRIwOqNLmyjipvEF2p5j7FNNCrM8lbYrPhE=,DYNAMIC_QR,cust_fc7659f04d,C0049
VYOMDEMO0001234567,ORD_VYOM_000420,202606151837105E6E205785217B,400.00,INR,2026-06-15 18:37:10.0,UPI,UPI,Paytm Payments Bank,813726092831200,TXN_SUCCESS,01,Txn Success,JhG1UQm0jGNzgUxA4YHEL8lySJZIB70xsFMkqaSgrIE=,DYNAMIC_QR,cust_173fc6de8b,C0020
VYOMDEMO0001234567,ORD_VYOM_000182,20260615183803868245A021BAB6,260.00,INR,2026-06-15 18:38:03.0,UPI,UPI,Paytm Payments Bank,446645908087749,TXN_SUCCESS,01,Txn Success,WHmJo1KN0fVa6YvG9pVS85QY1sglNwQCRGHtLkKNOOs=,DYNAMIC_QR,cust_24551de984,C0009
VYOMDEMO0001234567,ORD_VYOM_000749,202606151955309205AC924ADD7B,450.00,INR,2026-06-15 19:55:30.0,UPI,UPI,Paytm Payments Bank,677148059780255,TXN_SUCCESS,01,Txn Success,2rN1d31J8HA9IMGGGXSMM2BX9lZbi7WbXI5ptwOFHPE=,DYNAMIC_QR,cust_9a8d00481d,C0037
VYOMDEMO0001234567,ORD_VYOM_000787,20260615203752CCBFFC3B7C7AD2,360.00,INR,2026-06-15 20:37:52.0,PPI,WALLET,WALLET,10228663382849,TXN_SUCCESS,01,Txn Success,5nObcEpAnDfChXK7pYOD3Tp3GTINUL2Od2syMzJcO9A=,DYNAMIC_QR,cust_0b348a9dd1,C0039
VYOMDEMO0001234567,ORD_VYOM_001995,2026061521184635EB00D4976EFB,200.00,INR,2026-06-15 21:18:46.0,CC,HDFC,HDFC,23673940110503,TXN_SUCCESS,01,Txn Success,KxkqEctDsF/0e5Em88eqzdwOREmxX/fno7jcTUmC+3s=,DYNAMIC_QR,cust_78068e26be,C0161
VYOMDEMO0001234567,ORD_VYOM_002230,20260616093029BC0984CAA268AC,100.00,INR,2026-06-16 09:30:29.0,PPI,WALLET,WALLET,207588288060423,TXN_SUCCESS,01,Txn Success,gkimnk+kxZ1c44tvcSvb0NLnuSPrMaR4C2OHbsc8FdY=,DYNAMIC_QR,cust_aa1b41c115,C0264
VYOMDEMO0001234567,ORD_VYOM_000639,20260616093541B337E0E62390DB,180.00,INR,2026-06-16 09:35:41.0,UPI,UPI,Paytm Payments Bank,456191981106570,TXN_SUCCESS,01,Txn Success,hGL2DKz7tOsDux0jYXllLEp9s35iBfGPAQYbofHQ4Pc=,DYNAMIC_QR,cust_30c7131331,C0031
VYOMDEMO0001234567,ORD_VYOM_001141,202606160954160A6DFC5237B821,390.00,INR,2026-06-16 09:54:16.0,CC,HDFC,HDFC,616329276933522,TXN_SUCCESS,01,Txn Success,b191UnWlHBKXqr54EA+EwVnNKwtb95OQ56tEaznlJfU=,DYNAMIC_QR,cust_82cd81d65f,C0053
VYOMDEMO0001234567,ORD_VYOM_000533,20260616100441623FE92647DD10,280.00,INR,2026-06-16 10:04:41.0,UPI,UPI,Paytm Payments Bank,175486382168701,TXN_SUCCESS,01,Txn Success,disEKWdk5rD1slh20iANBYiUe55m+/GCry7Cnl4lWDE=,DYNAMIC_QR,cust_41941dbbd4,C0026
VYOMDEMO0001234567,ORD_VYOM_001026,2026061610563996476EF3E8BAEC,420.00,INR,2026-06-16 10:56:39.0,UPI,UPI,Paytm Payments Bank,47726733475834,TXN_SUCCESS,01,Txn Success,exl1kKSZzOIqpq2Uyd/ILpdnJENgbfn8qsi7uBSnkE4=,DYNAMIC_QR,cust_c3657372a9,C0048
VYOMDEMO0001234567,ORD_VYOM_001377,202606161307274DE1A0B355CB85,400.00,INR,2026-06-16 13:07:27.0,PPI,WALLET,WALLET,132284018814413,TXN_SUCCESS,01,Txn Success,p2AS9k3rzt/X6yR6IOEohnBChrBYCnHdK6ckgMJD2Pg=,DYNAMIC_QR,cust_6e5ea23889,C0063
VYOMDEMO0001234567,ORD_VYOM_000593,20260616143746CCD7AB9CCC0872,300.00,INR,2026-06-16 14:37:46.0,DC,ICICI,ICICI,424151632435951,TXN_SUCCESS,01,Txn Success,GiV3EiKmgqxlAT/4DJk9MdUtXv+Mw3WA9C6RFAjrw40=,DYNAMIC_QR,cust_106abbb9b5,C0029
VYOMDEMO0001234567,ORD_VYOM_001436,202606161626104F8A62F7AD11BD,250.00,INR,2026-06-16 16:26:10.0,DC,ICICI,ICICI,616818415572006,TXN_SUCCESS,01,Txn Success,wdWHSWsJhuwczAanTTvsZOXrR1I2q02fieTHVk7WgjM=,DYNAMIC_QR,cust_0190a5b25c,C0067
VYOMDEMO0001234567,ORD_VYOM_000692,20260616180819B046C5AE0BFBB7,350.00,INR,2026-06-16 18:08:19.0,UPI,UPI,Paytm Payments Bank,284355243626081,TXN_SUCCESS,01,Txn Success,PFwExCKei4VDQxt9bmWcldOu58vbussxZ3zu49XXIm8=,DYNAMIC_QR,cust_d4aeae392b,C0034
VYOMDEMO0001234567,ORD_VYOM_001658,202606161835473B412B5AD7D41A,180.00,INR,2026-06-16 18:35:47.0,UPI,UPI,Paytm Payments Bank,20777638360689,TXN_SUCCESS,01,Txn Success,FyUuY2gvQJYUcSv5Lg+Fj2b87zEDLXpZLy5DdBdgzUE=,DYNAMIC_QR,cust_3a81627454,C0096
VYOMDEMO0001234567,ORD_VYOM_000620,2026061619290693582C1223C4EB,200.00,INR,2026-06-16 19:29:06.0,PPI,WALLET,WALLET,690972930960835,TXN_SUCCESS,01,Txn Success,C8EqatdGc1Ccox7S7bgjV0/OQXW/U/s3XC1Meu9FxpE=,DYNAMIC_QR,cust_9138b9325b,C0030
VYOMDEMO0001234567,ORD_VYOM_000245,2026061619302249A50777C02DF9,350.00,INR,2026-06-16 19:30:22.0,UPI,UPI,Paytm Payments Bank,333898075652747,TXN_SUCCESS,01,Txn Success,Fz/nldVUrAR/70dzq1IWww9Ot7DB9/ts00WpmcdmplE=,DYNAMIC_QR,cust_ca9b9b6adf,C0011
VYOMDEMO0001234567,ORD_VYOM_001401,202606161949415CDBB009879E97,440.00,INR,2026-06-16 19:49:41.0,UPI,UPI,Paytm Payments Bank,846923126750125,TXN_SUCCESS,01,Txn Success,7J+b6yJdM+THmcdJud0i3Mmr2dO+aWV/q2/43QP+HCY=,DYNAMIC_QR,cust_63b68fdde8,C0064
VYOMDEMO0001234567,ORD_VYOM_001911,2026061709453222BAB5D831597D,350.00,INR,2026-06-17 09:45:32.0,UPI,UPI,Paytm Payments Bank,830707049731086,TXN_SUCCESS,01,Txn Success,begSN5re02AedoZ60y97Yc4/9UtME5kM/Moz4zCwpU4=,DYNAMIC_QR,cust_5f6c8a8dea,C0144
VYOMDEMO0001234567,ORD_VYOM_000313,202606170956038EDCC1A9331EA9,430.00,INR,2026-06-17 09:56:03.0,UPI,UPI,Paytm Payments Bank,371304447621635,TXN_SUCCESS,01,Txn Success,msnK24hoFpb09UtBrn/k2KbzrrFMAKhjAIowIZdGbps=,DYNAMIC_QR,cust_1ae6b5d45e,C0014
VYOMDEMO0001234567,ORD_VYOM_001755,202606171231260C257E6CC3D9E3,140.00,INR,2026-06-17 12:31:26.0,UPI,UPI,Paytm Payments Bank,421476922219503,TXN_SUCCESS,01,Txn Success,ZRK5u+JOhuWsqD1KBz9KE4MnrtF5K6BrRPlRcKXHyKU=,DYNAMIC_QR,cust_2454d761f6,C0113
VYOMDEMO0001234567,ORD_VYOM_000061,20260617135125661396D014F50B,350.00,INR,2026-06-17 13:51:25.0,UPI,UPI,Paytm Payments Bank,459956303129278,TXN_SUCCESS,01,Txn Success,vMev7DVgrpyOz6gcbkV8ax91+sAbq7bVET62e2qiHaY=,DYNAMIC_QR,cust_23bc5b213e,C0004
VYOMDEMO0001234567,ORD_VYOM_001922,20260617140846994CCEE7EB77ED,150.00,INR,2026-06-17 14:08:46.0,UPI,UPI,Paytm Payments Bank,801568107579637,TXN_SUCCESS,01,Txn Success,L+BOMCUaEZTxq8vs0X3QRwaahHAz2xda21E25o/oM90=,DYNAMIC_QR,cust_5a59e13d58,C0147
VYOMDEMO0001234567,ORD_VYOM_000912,20260617170635FE7B9E67A80163,300.00,INR,2026-06-17 17:06:35.0,CC,HDFC,HDFC,912927636135199,TXN_SUCCESS,01,Txn Success,TUrO4Pdkgp5kCeUOwsYFdNSIYhLqOzTgKVsQ0CdSTWc=,DYNAMIC_QR,cust_a4d97a4e7d,C0044
VYOMDEMO0001234567,ORD_VYOM_000952,202606171740299456684048668F,300.00,INR,2026-06-17 17:40:29.0,UPI,UPI,Paytm Payments Bank,521436414013224,TXN_SUCCESS,01,Txn Success,LOK6lDFogHV2kFNmZgOvc9MjsPeBi/esPl7f1fkqTew=,DYNAMIC_QR,cust_d544bf3b16,C0045
VYOMDEMO0001234567,ORD_VYOM_000207,202606171820320CF93548576FA5,450.00,INR,2026-06-17 18:20:32.0,DC,ICICI,ICICI,634584073632363,TXN_SUCCESS,01,Txn Success,ULuLr94qzi33m6mLLBBupgv5fv3PH2Nv39b9sQ+bSoc=,DYNAMIC_QR,cust_785ff6e6b2,C0010
VYOMDEMO0001234567,ORD_VYOM_000468,2026061718214783B3D9B3D84139,460.00,INR,2026-06-17 18:21:47.0,UPI,UPI,Paytm Payments Bank,573945587545558,TXN_SUCCESS,01,Txn Success,7lgywamkZay2fLXdYt6GwCXwiLpV3nIY8hj2a9p8olo=,DYNAMIC_QR,cust_6e959f4c64,C0023
VYOMDEMO0001234567,ORD_VYOM_002045,20260617200422A862A548175FCA,370.00,INR,2026-06-17 20:04:22.0,UPI,UPI,Paytm Payments Bank,42167286831603,TXN_SUCCESS,01,Txn Success,HrADDVpK5VMt0kowNTiq0HPuwsOP5DEP5YG1MADvF9s=,DYNAMIC_QR,cust_124decfc20,C0169
VYOMDEMO0001234567,ORD_VYOM_000850,202606172052084CBE43C1D10CD5,350.00,INR,2026-06-17 20:52:08.0,DC,ICICI,ICICI,122976495817851,TXN_SUCCESS,01,Txn Success,x6uS+02qqzC79xPGXiPPy2BA8x6Jf2ikOuaCNGvcEFU=,DYNAMIC_QR,cust_d212ee719a,C0041
VYOMDEMO0001234567,ORD_VYOM_002119,2026061808160717295A7392CF5A,150.00,INR,2026-06-18 08:16:07.0,DC,ICICI,ICICI,855090210168758,TXN_SUCCESS,01,Txn Success,UwJi5+PxOqwnVceM8Lo5p1bDf7ETt5gX4jc9muMs7gw=,DYNAMIC_QR,cust_8420971346,C0186
VYOMDEMO0001234567,ORD_VYOM_001845,20260618090340A34ADAC9EC4D9D,250.00,INR,2026-06-18 09:03:40.0,CC,HDFC,HDFC,836826099190665,TXN_SUCCESS,01,Txn Success,rCD9Sy1BrxpG66JnA0cM2VSI2FjOQ1hNm3bFHIH5M64=,DYNAMIC_QR,cust_8a55b6b351,C0130
VYOMDEMO0001234567,ORD_VYOM_000504,2026061809080578323E2B26F395,520.00,INR,2026-06-18 09:08:05.0,PPI,WALLET,WALLET,544267988128488,TXN_SUCCESS,01,Txn Success,K+jxJxqLMV0ALWrJp20OJRYbl7Lga1EL+/lt9CPaF08=,DYNAMIC_QR,cust_f28cbf1be8,C0025
VYOMDEMO0001234567,ORD_VYOM_001968,20260618093255F69165DED50AA1,220.00,INR,2026-06-18 09:32:55.0,PPI,WALLET,WALLET,652623086265333,TXN_SUCCESS,01,Txn Success,GfM9AGwX9YeDodn2tBywSDJH6hg8WxUUjgObe3kVhDg=,DYNAMIC_QR,cust_a11e480ab9,C0155
VYOMDEMO0001234567,ORD_VYOM_000114,20260618094937C38D55814D3E3F,400.00,INR,2026-06-18 09:49:37.0,UPI,UPI,Paytm Payments Bank,625305720039227,TXN_SUCCESS,01,Txn Success,CEPDuuAabhO0JAuhsVwf/lv7zCz+UIQ20pXLvdLC2Bs=,DYNAMIC_QR,cust_4b7feffc40,C0006
VYOMDEMO0001234567,ORD_VYOM_000823,20260618113817DAFC14EE926E0B,300.00,INR,2026-06-18 11:38:17.0,UPI,UPI,Paytm Payments Bank,494027349663021,TXN_SUCCESS,01,Txn Success,8j3C8rBSOi00wSEJOafGVEX0YKeD5o5hOKi7n7l5Rxs=,DYNAMIC_QR,cust_8f7c742c92,C0040
VYOMDEMO0001234567,ORD_VYOM_000886,20260618124821A426A6A1C56F7F,340.00,INR,2026-06-18 12:48:21.0,UPI,UPI,Paytm Payments Bank,501733171384022,TXN_SUCCESS,01,Txn Success,oVwJwPuJXkr5UOkhQvgaRrGuK4vjkyuVSr2zxH6IkGY=,DYNAMIC_QR,cust_20281afbd7,C0043
VYOMDEMO0001234567,ORD_VYOM_002126,202606182119090E890DF596882D,320.00,INR,2026-06-18 21:19:09.0,CC,HDFC,HDFC,900783240621228,TXN_SUCCESS,01,Txn Success,+GYhQuJg92wQEFID8Lemfxq4WGPesH6grRnZAxGBqI0=,DYNAMIC_QR,cust_7604c83193,C0187
VYOMDEMO0001234567,ORD_VYOM_001602,20260619090542B5224BE8B8507F,320.00,INR,2026-06-19 09:05:42.0,UPI,UPI,Paytm Payments Bank,782016705125453,TXN_SUCCESS,01,Txn Success,0WGkw67A358i3AFvuDxKbOvSvSxwq3r6desD1Qj1YKQ=,DYNAMIC_QR,cust_a7c5e13796,C0084
VYOMDEMO0001234567,ORD_VYOM_001468,20260619091222300879C3E1B914,350.00,INR,2026-06-19 09:12:22.0,UPI,UPI,Paytm Payments Bank,816134257158552,TXN_SUCCESS,01,Txn Success,hvHefkXrS9WSPspsrw2CDEQwb5zpixTGHETezqPD9zA=,DYNAMIC_QR,cust_2775c4cf89,C0069
VYOMDEMO0001234567,ORD_VYOM_002131,2026061909145057C8DF1114A569,340.00,INR,2026-06-19 09:14:50.0,PPI,WALLET,WALLET,531019678252149,TXN_SUCCESS,01,Txn Success,bhxiSSfkMfu3qB54C1F/QhF+Wj8cqioPivyIRTPtr1s=,DYNAMIC_QR,cust_3325a57c29,C0188
VYOMDEMO0001234567,ORD_VYOM_001142,20260619091550448CB87CBD52CE,260.00,INR,2026-06-19 09:15:50.0,UPI,UPI,Paytm Payments Bank,901021790643487,TXN_SUCCESS,01,Txn Success,Q9TIA2jGLFOGDE/HBDiIA7pZJUB8dB293ouH2ID1NqI=,DYNAMIC_QR,cust_82cd81d65f,C0053
VYOMDEMO0001234567,ORD_VYOM_001378,202606190927393CD9E378B975CD,250.00,INR,2026-06-19 09:27:39.0,DC,ICICI,ICICI,74437278568720,TXN_SUCCESS,01,Txn Success,nHJMIDwghxddgGhxiaYwHH5cca9X97vy3wRqG5vrjd4=,DYNAMIC_QR,cust_6e5ea23889,C0063
VYOMDEMO0001234567,ORD_VYOM_001354,20260619103201A4291C10E2832B,360.00,INR,2026-06-19 10:32:01.0,UPI,UPI,Paytm Payments Bank,333046301050230,TXN_SUCCESS,01,Txn Success,0se3sv0qBiu0p+ey35d9NE3eNqBNAzW8F24dsOlqhvc=,DYNAMIC_QR,cust_2f66dd2f4f,C0062
VYOMDEMO0001234567,ORD_VYOM_000329,202606191240277D589FD9DE29DA,350.00,INR,2026-06-19 12:40:27.0,UPI,UPI,Paytm Payments Bank,526864966032164,TXN_SUCCESS,01,Txn Success,dzJ5DE9gmGPFMr/t0Oo8Iqqce+rAfdLqtJREt2UQZC4=,DYNAMIC_QR,cust_240753abf1,C0015
VYOMDEMO0001234567,ORD_VYOM_000717,202606191249387E9B0131711CB3,460.00,INR,2026-06-19 12:49:38.0,DC,ICICI,ICICI,96417078081467,TXN_SUCCESS,01,Txn Success,kEN+TiOsHI+DofPkkKIdqJ9Fe2GQNErUnhWlxpA5REE=,DYNAMIC_QR,cust_37d415cd87,C0035
VYOMDEMO0001234567,ORD_VYOM_000035,2026061914154407063E8BBDE495,380.00,INR,2026-06-19 14:15:44.0,PPI,WALLET,WALLET,348358224551457,TXN_SUCCESS,01,Txn Success,UDtze0c0vyl81gpp5WnxqtVWkCvgsMPfxQtDDcot578=,DYNAMIC_QR,cust_c4796bc897,C0003
VYOMDEMO0001234567,ORD_VYOM_001633,20260619202033D660DDADD32F31,150.00,INR,2026-06-19 20:20:33.0,UPI,UPI,Paytm Payments Bank,715530820237521,TXN_SUCCESS,01,Txn Success,ou40sDHqP/dw1KjzrOyp8AyBj4QvqkMJomLyfi8DfSw=,DYNAMIC_QR,cust_fb813d4ecf,C0091
VYOMDEMO0001234567,ORD_VYOM_001777,20260619211716EB13A7EE2D331E,180.00,INR,2026-06-19 21:17:16.0,DC,ICICI,ICICI,95538262064222,TXN_SUCCESS,01,Txn Success,/78w57GP0CfgUx+jr4tEUuWN1fRgt/VDHxsjbIL8uMo=,DYNAMIC_QR,cust_020257eebe,C0116
VYOMDEMO0001234567,ORD_VYOM_001558,202606200856266280A6A5B9A8D5,350.00,INR,2026-06-20 08:56:26.0,UPI,UPI,Paytm Payments Bank,340016412293810,TXN_SUCCESS,01,Txn Success,TuqLh4blWgXdirNF7NMVlhAC9Bf7WnhjCIr0tpdYnsc=,DYNAMIC_QR,cust_c46ad3a524,C0076
VYOMDEMO0001234567,ORD_VYOM_000594,20260620090333E2C09850D03263,400.00,INR,2026-06-20 09:03:33.0,DC,ICICI,ICICI,366304892190258,TXN_SUCCESS,01,Txn Success,C/G+ZPDSMcPsBz2lSIatNLBYezrI/Z4qWjcg8kFfd9o=,DYNAMIC_QR,cust_106abbb9b5,C0029
VYOMDEMO0001234567,ORD_VYOM_000365,202606201010273878C485630ECE,300.00,INR,2026-06-20 10:10:27.0,PPI,WALLET,WALLET,930293467011419,TXN_SUCCESS,01,Txn Success,3rqqYKQM9cI13aSCv6Mqj1ZWZH6OOX760y2CnuNRLO8=,DYNAMIC_QR,cust_8fe3b75ae8,C0017
VYOMDEMO0001234567,ORD_VYOM_001170,202606201038371B563FDF177D0C,440.00,INR,2026-06-20 10:38:37.0,UPI,UPI,Paytm Payments Bank,640648616187949,TXN_SUCCESS,01,Txn Success,2NRNo95iD2jsNizvRU3UkbNcfc9db6uW7kPZxRXB1pM=,DYNAMIC_QR,cust_5cd1790ef5,C0054
VYOMDEMO0001234567,ORD_VYOM_001098,2026062010490909B0CF1BEEAF49,410.00,INR,2026-06-20 10:49:09.0,PPI,WALLET,WALLET,485479903144879,TXN_SUCCESS,01,Txn Success,/vZfqfTDhY7lIC8a/9zwc8xsNvbtZILvTCsvUUXf9YY=,DYNAMIC_QR,cust_daf1fef437,C0051
VYOMDEMO0001234567,ORD_VYOM_001982,2026062011050980EB1A88D61C8E,200.00,INR,2026-06-20 11:05:09.0,CC,HDFC,HDFC,845084880733395,TXN_SUCCESS,01,Txn Success,bSDAKcRwmXh4cV8/pLkR/0/M89MvTpzIdiadwMFWN2s=,DYNAMIC_QR,cust_5669b8558f,C0158
VYOMDEMO0001234567,ORD_VYOM_001469,20260620125231E6A744561CD1CC,160.00,INR,2026-06-20 12:52:31.0,UPI,UPI,Paytm Payments Bank,115670501280987,TXN_SUCCESS,01,Txn Success,ZicPT/1oURykXVDdtPkx2TpDOm1YKsc25wzRjfMCqQI=,DYNAMIC_QR,cust_2775c4cf89,C0069
VYOMDEMO0001234567,ORD_VYOM_001056,202606201713552C24CEEDCD69B9,400.00,INR,2026-06-20 17:13:55.0,PPI,WALLET,WALLET,172059358609459,TXN_SUCCESS,01,Txn Success,cY5cWcVL6hLTYh/pBRSPxqCbGdfELJa3X69nJs5fDI4=,DYNAMIC_QR,cust_fc7659f04d,C0049
VYOMDEMO0001234567,ORD_VYOM_000133,20260620182214BE47E9B6ED3827,150.00,INR,2026-06-20 18:22:14.0,UPI,UPI,Paytm Payments Bank,666172216203550,TXN_SUCCESS,01,Txn Success,AADep3eOpSlWT5M+2xLG9OcThUHVcfcT9imFpsB6WUs=,DYNAMIC_QR,cust_eabdbf3bc8,C0007
VYOMDEMO0001234567,ORD_VYOM_002083,20260620182751C404784B571749,180.00,INR,2026-06-20 18:27:51.0,CC,HDFC,HDFC,741481288851987,TXN_SUCCESS,01,Txn Success,QU5+itq6re3XzMa1iYkbPdJCpCFjVnySMQos3txWepQ=,DYNAMIC_QR,cust_576bb1d029,C0179
VYOMDEMO0001234567,ORD_VYOM_001677,20260620190608EC4A8D35C94788,280.00,INR,2026-06-20 19:06:08.0,UPI,UPI,Paytm Payments Bank,86682686486040,TXN_SUCCESS,01,Txn Success,Dpcl5cCRACbz75fe6scUbBTDGX6lzjQd5DdM+LCHugY=,DYNAMIC_QR,cust_db670996ed,C0099
VYOMDEMO0001234567,ORD_VYOM_000389,20260620194912940EDE34AA9F39,340.00,INR,2026-06-20 19:49:12.0,UPI,UPI,Paytm Payments Bank,259375289152957,TXN_SUCCESS,01,Txn Success,ndVp3WBKmn5ftkWzHYjNjAxV+M0swQibVMXRIRv1evo=,DYNAMIC_QR,cust_1758aa28d3,C0018
VYOMDEMO0001234567,ORD_VYOM_000286,202606201952066962C365208C64,380.00,INR,2026-06-20 19:52:06.0,UPI,UPI,Paytm Payments Bank,782438770321891,TXN_SUCCESS,01,Txn Success,FuEGZhzdcuMQyazKCtIaauAXSWMQobwqqN/MqPgHQis=,DYNAMIC_QR,cust_2db547fcb3,C0013
VYOMDEMO0001234567,ORD_VYOM_001424,20260620200527A31E0F0AC40CC3,340.00,INR,2026-06-20 20:05:27.0,UPI,UPI,Paytm Payments Bank,805906334973801,TXN_SUCCESS,01,Txn Success,51Z+5b2mLXKzqlxRagp0uutz73eHCPAfFIUyLa8KQUk=,DYNAMIC_QR,cust_1dc57b77e4,C0066
VYOMDEMO0001234567,ORD_VYOM_001574,20260620203708EB9B77509BBB33,200.00,INR,2026-06-20 20:37:08.0,UPI,UPI,Paytm Payments Bank,815544106116719,TXN_SUCCESS,01,Txn Success,/Q1acH5EntStzF4BhH2p1frv/oBVcz+6FNLTtUsfv4w=,DYNAMIC_QR,cust_0f60f6842b,C0079
VYOMDEMO0001234567,ORD_VYOM_000621,20260621085608FD3AC141C53A96,200.00,INR,2026-06-21 08:56:08.0,UPI,UPI,Paytm Payments Bank,748819671206528,TXN_SUCCESS,01,Txn Success,9vNgt+dWiSeO1lPQz+m21dsIatXC6yxe99/7F/7Erl8=,DYNAMIC_QR,cust_9138b9325b,C0030
VYOMDEMO0001234567,ORD_VYOM_002024,2026062109285087BA16E7AB0E3B,230.00,INR,2026-06-21 09:28:50.0,PPI,WALLET,WALLET,158505425268815,TXN_SUCCESS,01,Txn Success,wyUKdP84c6sReSPLq3zkWBHnUzE2/J4C1bZ23GO07+E=,DYNAMIC_QR,cust_b4af432e1d,C0166
VYOMDEMO0001234567,ORD_VYOM_000434,2026062110280459979D96E2101D,320.00,INR,2026-06-21 10:28:04.0,PPI,WALLET,WALLET,563121584143871,TXN_SUCCESS,01,Txn Success,1A3DgORaxHjVIoov5QVmuKcxb8VB7axTZkZLGyiwxp0=,DYNAMIC_QR,cust_bb103c6777,C0021
VYOMDEMO0001234567,ORD_VYOM_001493,202606211353004CF5AEC7D57263,560.00,INR,2026-06-21 13:53:00.0,PPI,WALLET,WALLET,863536644283551,TXN_SUCCESS,01,Txn Success,MulKjr63WZ4OSwzbIREclNoxU1k69k96mGp6EyXJ6kg=,DYNAMIC_QR,cust_6549be84fc,C0070
VYOMDEMO0001234567,ORD_VYOM_002296,20260621172628E182DCC6A13299,260.00,INR,2026-06-21 17:26:28.0,PPI,WALLET,WALLET,815581297336823,TXN_SUCCESS,01,Txn Success,rVQrv0zNnDYOy8PF/PnixO6qeVBgyFMQ1yWYtX+2UvI=,DYNAMIC_QR,cust_323fa4b06d,C0332
VYOMDEMO0001234567,ORD_VYOM_000913,20260621183657DDA67833174943,280.00,INR,2026-06-21 18:36:57.0,UPI,UPI,Paytm Payments Bank,235724328252853,TXN_SUCCESS,01,Txn Success,UyRgKhuqReNu5IUa5ncGgmkTXYe7fCY7W1JWTZvDyhk=,DYNAMIC_QR,cust_a4d97a4e7d,C0044
VYOMDEMO0001234567,ORD_VYOM_000788,20260621185703BC5F14A51352DB,300.00,INR,2026-06-21 18:57:03.0,UPI,UPI,Paytm Payments Bank,585193081780715,TXN_SUCCESS,01,Txn Success,Wma0rnRlXPgLE/wqz5dZJDS562dnM/3x4bioadfMvmM=,DYNAMIC_QR,cust_0b348a9dd1,C0039
VYOMDEMO0001234567,ORD_VYOM_000824,20260621192932BB8C5AB4C735A1,300.00,INR,2026-06-21 19:29:32.0,UPI,UPI,Paytm Payments Bank,563819390582672,TXN_SUCCESS,01,Txn Success,1Z8M1QWCM0Yb7s0ZD95qc84Ryr3ZsWw5qWA0oBTCtn4=,DYNAMIC_QR,cust_8f7c742c92,C0040
VYOMDEMO0001234567,ORD_VYOM_001451,20260621194042A2FD9747F0E3D0,180.00,INR,2026-06-21 19:40:42.0,PPI,WALLET,WALLET,714532193736842,TXN_SUCCESS,01,Txn Success,BGwObsFUqBVJCUIrR4kMW9byaNKCN5LbpoF01HULJUo=,DYNAMIC_QR,cust_f5144e6e67,C0068
VYOMDEMO0001234567,ORD_VYOM_002169,202606212012516142B6B4C5B730,150.00,INR,2026-06-21 20:12:51.0,UPI,UPI,Paytm Payments Bank,16769778038866,TXN_SUCCESS,01,Txn Success,4oeINKS7kzG56sxhMXr8bKg8RNtayu35nhP5/Fk3pVY=,DYNAMIC_QR,cust_861edd0d0c,C0203
VYOMDEMO0001234567,ORD_VYOM_001869,202606212047343B996A2EF8828C,450.00,INR,2026-06-21 20:47:34.0,PPI,WALLET,WALLET,786744609898378,TXN_SUCCESS,01,Txn Success,a7/JHk52gvn+zUtAYIP0EruWc8oJo5YBzUlJSMNrVAg=,DYNAMIC_QR,cust_13c73423f8,C0135
VYOMDEMO0001234567,ORD_VYOM_000750,20260621215220B6951547B6ECA6,450.00,INR,2026-06-21 21:52:20.0,UPI,UPI,Paytm Payments Bank,114120920239669,TXN_SUCCESS,01,Txn Success,tju3AVWiar5dbIId6XFz0ulOQnTHnE3mnZT5am5mSZs=,DYNAMIC_QR,cust_9a8d00481d,C0037
VYOMDEMO0001234567,ORD_VYOM_001327,20260622082045A90807DDB251E1,280.00,INR,2026-06-22 08:20:45.0,UPI,UPI,Paytm Payments Bank,150777365535513,TXN_SUCCESS,01,Txn Success,/oPZ/Cmxphu8ZJD2pQK+4uTv5DeyEycmZAd8tA0wako=,DYNAMIC_QR,cust_33de551bb3,C0061
VYOMDEMO0001234567,ORD_VYOM_001027,20260622102814E54A4F210B1A0A,440.00,INR,2026-06-22 10:28:14.0,DC,ICICI,ICICI,167090063007061,TXN_SUCCESS,01,Txn Success,DkCusFmSpNnWQfQMxFNBVU2WI+Q+7oD/xR1WeoLtTnI=,DYNAMIC_QR,cust_c3657372a9,C0048
VYOMDEMO0001234567,ORD_VYOM_000246,20260622110242116A362E40F9BE,360.00,INR,2026-06-22 11:02:42.0,UPI,UPI,Paytm Payments Bank,352328893653176,TXN_SUCCESS,01,Txn Success,19CEeVMfoW8YKUNMxU2NKMTw9jheg4uSwwLg7OiSKpg=,DYNAMIC_QR,cust_ca9b9b6adf,C0011
VYOMDEMO0001234567,ORD_VYOM_001786,202606221532593DE5BE611472CC,280.00,INR,2026-06-22 15:32:59.0,PPI,WALLET,WALLET,63160614930137,TXN_SUCCESS,01,Txn Success,+KWZ/bQ40eZERTZcLe+Kq5k3hK8mtECQysZtuHBC25Q=,DYNAMIC_QR,cust_a2e7f35d30,C0117
VYOMDEMO0001234567,ORD_VYOM_000208,20260622211828206327F7A5A8B9,320.00,INR,2026-06-22 21:18:28.0,UPI,UPI,Paytm Payments Bank,335047829509928,TXN_SUCCESS,01,Txn Success,Gp6rLVmCSBN78IFp/mvyMoVBZkzyoml0DU99O07s3+Y=,DYNAMIC_QR,cust_785ff6e6b2,C0010
VYOMDEMO0001234567,ORD_VYOM_001747,202606222140246BC56776E5B939,250.00,INR,2026-06-22 21:40:24.0,PPI,WALLET,WALLET,245123549373512,TXN_SUCCESS,01,Txn Success,fjUGC+w/XKoBbSfxzZKxhNJ8Vyv0ClICf2BV8E2zGCU=,DYNAMIC_QR,cust_160019570b,C0112
VYOMDEMO0001234567,ORD_VYOM_002101,2026062221491738BD961DEC982F,240.00,INR,2026-06-22 21:49:17.0,UPI,UPI,Paytm Payments Bank,655352303385774,TXN_SUCCESS,01,Txn Success,sIEyJtZ8CATwcM96s6DYX394qy87aoF+pQCvSU2lcJY=,DYNAMIC_QR,cust_870942d0e6,C0181
VYOMDEMO0001234567,ORD_VYOM_002051,202606230802072151B9A5643B77,220.00,INR,2026-06-23 08:02:07.0,UPI,UPI,Paytm Payments Bank,212256763600943,TXN_SUCCESS,01,Txn Success,G2qjBkcQl447G38T2LWS+Zuy2iJTG7qh8DBxebHMarI=,DYNAMIC_QR,cust_7a641dff3b,C0171
VYOMDEMO0001234567,ORD_VYOM_000469,2026062308242384677548AD06B1,260.00,INR,2026-06-23 08:24:23.0,UPI,UPI,Paytm Payments Bank,483901152700135,TXN_SUCCESS,01,Txn Success,hW1PMl7qSJ0d+hiribVRQpmuZKt6BoPa/XtMqyNHLmo=,DYNAMIC_QR,cust_6e959f4c64,C0023
VYOMDEMO0001234567,ORD_VYOM_000062,202606230839567BAA44F19F9CBE,420.00,INR,2026-06-23 08:39:56.0,UPI,UPI,Paytm Payments Bank,402109562883585,TXN_SUCCESS,01,Txn Success,4SaRXoNzDtoH2UJG3j0tr8ijMsJwx0TO5nGitAYg9MU=,DYNAMIC_QR,cust_23bc5b213e,C0004
VYOMDEMO0001234567,ORD_VYOM_000183,20260623091630303932E5D63E1D,200.00,INR,2026-06-23 09:16:30.0,UPI,UPI,Paytm Payments Bank,504492648333442,TXN_SUCCESS,01,Txn Success,k5frDkIayUkNjGggQIQNSgYSJEHzQNnJ5BRz6kgmtvk=,DYNAMIC_QR,cust_24551de984,C0009
VYOMDEMO0001234567,ORD_VYOM_001538,20260623093025A7BDA5BAA700A5,450.00,INR,2026-06-23 09:30:25.0,PPI,WALLET,WALLET,874540600219593,TXN_SUCCESS,01,Txn Success,TgDqPrU+GJwB+x38E8Nlwd0sp/nznIEsdJAMc6RbAgE=,DYNAMIC_QR,cust_61b01a22c0,C0074
VYOMDEMO0001234567,ORD_VYOM_001856,2026062309440618EB1FD78DF6C3,200.00,INR,2026-06-23 09:44:06.0,UPI,UPI,Paytm Payments Bank,947274423911305,TXN_SUCCESS,01,Txn Success,/LWioxFH84pI7qsFDhXV74XJoXWWcoADDL8fcjFHuD8=,DYNAMIC_QR,cust_0394d626dc,C0133
VYOMDEMO0001234567,ORD_VYOM_001099,20260623101115FF7546E20ECE38,270.00,INR,2026-06-23 10:11:15.0,UPI,UPI,Paytm Payments Bank,427633162899186,TXN_SUCCESS,01,Txn Success,yKgWy74vijwTt+De1hOWffPf3/KDMWYLCHouBJ5tkL0=,DYNAMIC_QR,cust_daf1fef437,C0051
VYOMDEMO0001234567,ORD_VYOM_000693,202606231026276452EBAEAC2BAB,350.00,INR,2026-06-23 10:26:27.0,UPI,UPI,Paytm Payments Bank,311066501537483,TXN_SUCCESS,01,Txn Success,ya/U6xzgebRIZiqSsCookMV3/bN/jsc84WXh6bJYLyo=,DYNAMIC_QR,cust_d4aeae392b,C0034
VYOMDEMO0001234567,ORD_VYOM_001581,20260623120631D73A5B462AB857,350.00,INR,2026-06-23 12:06:31.0,CC,HDFC,HDFC,938726977393163,TXN_SUCCESS,01,Txn Success,2iWu2tfqMZFMXvE/51JhYacF+fcmnY0yUW/YuPSWpeM=,DYNAMIC_QR,cust_caabbd1275,C0080
VYOMDEMO0001234567,ORD_VYOM_000287,2026062313001133D7078CF189CE,220.00,INR,2026-06-23 13:00:11.0,UPI,UPI,Paytm Payments Bank,482902526199456,TXN_SUCCESS,01,Txn Success,BUaTsujNJHcZRPGiTam/1vjinYKXMiUfWKIEhVzk6iw=,DYNAMIC_QR,cust_2db547fcb3,C0013
VYOMDEMO0001234567,ORD_VYOM_000953,2026062314434505763B8ACCE125,360.00,INR,2026-06-23 14:43:45.0,UPI,UPI,Paytm Payments Bank,269832566006700,TXN_SUCCESS,01,Txn Success,DU8AqFnnItyyxP5ALAL8LpO16PVQQ0R1BEyQa81ZOOU=,DYNAMIC_QR,cust_d544bf3b16,C0045
VYOMDEMO0001234567,ORD_VYOM_000640,202606231813500548D2AA4860C8,380.00,INR,2026-06-23 18:13:50.0,CC,HDFC,HDFC,514038721352263,TXN_SUCCESS,01,Txn Success,kbMbYV8Jn6xfP2E+TqJ68obaiLveLjgr0+utVLvJLgQ=,DYNAMIC_QR,cust_30c7131331,C0031
VYOMDEMO0001234567,ORD_VYOM_001191,20260623181444F4C8D6A81BA7C8,460.00,INR,2026-06-23 18:14:44.0,DC,ICICI,ICICI,483938343920239,TXN_FAILURE,810,Payment failed due to a technical error.,81K+txnLZzG2i5qrcRaqh6qZF09w26KOTyLDqRUrjos=,DYNAMIC_QR,cust_4b274e83b3,C0055
VYOMDEMO0001234567,ORD_VYOM_001412,20260623183027BBB939D4670F58,360.00,INR,2026-06-23 18:30:27.0,UPI,UPI,Paytm Payments Bank,362388729992532,TXN_SUCCESS,01,Txn Success,cGKFjxHA1fuqH/2QxKvCm0ued0897ABOPlbNtbQ1Jrg=,DYNAMIC_QR,cust_3cb63d84a8,C0065
VYOMDEMO0001234567,ORD_VYOM_001597,202606231924369640B005607D8C,400.00,INR,2026-06-23 19:24:36.0,UPI,UPI,Paytm Payments Bank,829959128339132,TXN_SUCCESS,01,Txn Success,eaBP98RzoWUIZ11s4jsaVp2/u0SLQYA7nt98ROBobdk=,DYNAMIC_QR,cust_8d0c9a7d85,C0083
VYOMDEMO0001234567,ORD_VYOM_001884,2026062319245157957EAB47CE24,280.00,INR,2026-06-23 19:24:51.0,UPI,UPI,Paytm Payments Bank,255128878808875,TXN_SUCCESS,01,Txn Success,XLrNIlyIa0Ch7IN9wdGg52XEljVYjjX3PqAnXTigeFI=,DYNAMIC_QR,cust_a75b4607f9,C0137
VYOMDEMO0001234567,ORD_VYOM_002186,20260623192909CB7E2F27A6579E,340.00,INR,2026-06-23 19:29:09.0,UPI,UPI,Paytm Payments Bank,839254496249228,TXN_SUCCESS,01,Txn Success,XairJWCbQEzEzGtBTLZnJkYVELkM5zci595Zi+1rG2M=,DYNAMIC_QR,cust_d4eb60b79d,C0220
VYOMDEMO0001234567,ORD_VYOM_001517,20260623193316B30A37F1E02329,350.00,INR,2026-06-23 19:33:16.0,UPI,UPI,Paytm Payments Bank,568825877405174,TXN_SUCCESS,01,Txn Success,85GZ8bXOaZkKXN/nkV2fh2qadOoNbPHoT479INRuXfo=,DYNAMIC_QR,cust_2f8f5bb109,C0072
VYOMDEMO0001234567,ORD_VYOM_001470,2026062319422089BDFAE2B33E9D,450.00,INR,2026-06-23 19:42:20.0,DC,ICICI,ICICI,479751243882577,TXN_SUCCESS,01,Txn Success,9RoyFMPm5MlTQZ5zdvmKpeqMGn+HmgOrlhqBAHgmY6A=,DYNAMIC_QR,cust_2775c4cf89,C0069
VYOMDEMO0001234567,ORD_VYOM_001726,2026062320345962AA9FA1CDFA96,160.00,INR,2026-06-23 20:34:59.0,DC,ICICI,ICICI,445796261473930,TXN_SUCCESS,01,Txn Success,+FtGhDp6eFgWE7vQSJab4cg+tcDFlNs5rXCv0AscDto=,DYNAMIC_QR,cust_69691cd29b,C0108
VYOMDEMO0001234567,ORD_VYOM_002231,20260624081138E180CCB9D44466,160.00,INR,2026-06-24 08:11:38.0,UPI,UPI,Paytm Payments Bank,149741547814730,TXN_SUCCESS,01,Txn Success,TDPA+F+S0dqcGLCWQy8Jwhkn0zDUN1T7gFUc1+5UPDc=,DYNAMIC_QR,cust_feb3038881,C0265
VYOMDEMO0001234567,ORD_VYOM_001437,20260624082353876B2B422E4FF0,360.00,INR,2026-06-24 08:23:53.0,UPI,UPI,Paytm Payments Bank,531833548816046,TXN_SUCCESS,01,Txn Success,pPzw3P9TUFyZlvrEKeNlPEhKX/4guWYUpD9X2OF/Eqg=,DYNAMIC_QR,cust_0190a5b25c,C0067
VYOMDEMO0001234567,ORD_VYOM_000036,20260624082424B8A293AED48CCA,500.00,INR,2026-06-24 08:24:24.0,UPI,UPI,Paytm Payments Bank,290511484305764,TXN_SUCCESS,01,Txn Success,NsMriMi8WojlNHJfIgsu2eXsgjgG1z3AZlmspr8EPoA=,DYNAMIC_QR,cust_c4796bc897,C0003
VYOMDEMO0001234567,ORD_VYOM_001268,20260624091800C4BB82F06DCE3B,500.00,INR,2026-06-24 09:18:00.0,DC,ICICI,ICICI,873482544486509,TXN_SUCCESS,01,Txn Success,tHJ4bkfihFCm6EJm0Zt/IcuIXjjsyxzAZ7+9dQhAyd4=,DYNAMIC_QR,cust_4b0cb4e62f,C0059
VYOMDEMO0001234567,ORD_VYOM_000887,2026062412185452FF8C8F4F4822,350.00,INR,2026-06-24 12:18:54.0,PPI,WALLET,WALLET,124126249675032,TXN_SUCCESS,01,Txn Success,NwzEA7fc4HuIq6MaLJUaWo3U50HMJJo4aPyImrIx388=,DYNAMIC_QR,cust_20281afbd7,C0043
VYOMDEMO0001234567,ORD_VYOM_000595,20260624144122F95ABE00A6E8EE,300.00,INR,2026-06-24 14:41:22.0,PPI,WALLET,WALLET,860417749784349,TXN_FAILURE,810,Payment failed due to a technical error.,uroE9ExBL8hqGp2KHyG5F89XOuKZiyFNvrcjJc+oT00=,DYNAMIC_QR,cust_106abbb9b5,C0029
VYOMDEMO0001234567,ORD_VYOM_000288,20260624154620EAC8912492B610,400.00,INR,2026-06-24 15:46:20.0,DC,ICICI,ICICI,308366453820468,TXN_SUCCESS,01,Txn Success,O8gRbohS4IMDfUKgEDDDAVYHXI5Osm9Ai1lqpsYfLsE=,DYNAMIC_QR,cust_2db547fcb3,C0013
VYOMDEMO0001234567,ORD_VYOM_001906,20260624172902B8F3E56647460C,300.00,INR,2026-06-24 17:29:02.0,UPI,UPI,Paytm Payments Bank,785594856041197,TXN_SUCCESS,01,Txn Success,Uc0lbs1Qz7DzvWWk3hVrb81Ju8E8X8pPdk/hGTUhklU=,DYNAMIC_QR,cust_4062a5bfea,C0143
VYOMDEMO0001234567,ORD_VYOM_000421,202606241818314A801B78B24DD1,460.00,INR,2026-06-24 18:18:31.0,UPI,UPI,Paytm Payments Bank,305637236700027,TXN_SUCCESS,01,Txn Success,DOkt8kIOC81ksnXjgjlKHaxJLpaqZ6/spelOMUhmkGk=,DYNAMIC_QR,cust_173fc6de8b,C0020
VYOMDEMO0001234567,ORD_VYOM_001588,20260624184643208C0E1D6FBAF2,200.00,INR,2026-06-24 18:46:43.0,CC,HDFC,HDFC,464349037427435,TXN_SUCCESS,01,Txn Success,S44pG5V4/dXvlodVW7mxptkF7/5DTPWQxa0igNH8Y78=,DYNAMIC_QR,cust_72f28a419b,C0082
VYOMDEMO0001234567,ORD_VYOM_002266,20260624190256F50260CB76B427,160.00,INR,2026-06-24 19:02:56.0,UPI,UPI,Paytm Payments Bank,804159787081168,TXN_SUCCESS,01,Txn Success,xBa4lUkmsNt0dqqFko7R3hX0Z36AWaRecQaqjjoB+xk=,DYNAMIC_QR,cust_c889ce8d97,C0301
VYOMDEMO0001234567,ORD_VYOM_000789,2026062420353889D245FDFF0775,400.00,INR,2026-06-24 20:35:38.0,UPI,UPI,Paytm Payments Bank,643039822026408,TXN_FAILURE,411,Invalid Amount sent to Paytm,XRmsd6kc3mevC369yBhUPv8dm4pUh++nJPHreO+6uU0=,DYNAMIC_QR,cust_0b348a9dd1,C0039
VYOMDEMO0001234567,ORD_VYOM_000086,20260625084421FA8103E625EB25,440.00,INR,2026-06-25 08:44:21.0,DC,ICICI,ICICI,577097582680953,TXN_SUCCESS,01,Txn Success,Npv3McSbQIAHZ3v8Ta6dRauj+OVZd4/Yub8loTkhk1M=,DYNAMIC_QR,cust_d97b299d31,C0005
VYOMDEMO0001234567,ORD_VYOM_001355,20260625094624B4C5ADEC422915,280.00,INR,2026-06-25 09:46:24.0,PPI,WALLET,WALLET,184304766526779,TXN_SUCCESS,01,Txn Success,nBAamFcHxXUXvk9WnKfn09SYIwuz7sicT8S60RWZOhg=,DYNAMIC_QR,cust_2f66dd2f4f,C0062
VYOMDEMO0001234567,ORD_VYOM_000656,202606251025126EA797119724EA,360.00,INR,2026-06-25 10:25:12.0,UPI,UPI,Paytm Payments Bank,312216255394664,TXN_SUCCESS,01,Txn Success,d8E4ToANP5oynXcAzosRPXiMqtQtO27nRdHMQ+dPIYM=,DYNAMIC_QR,cust_a06e38f5f5,C0032
VYOMDEMO0001234567,ORD_VYOM_001402,20260625103438BD38EFBE027CE0,380.00,INR,2026-06-25 10:34:38.0,DC,ICICI,ICICI,904769866995818,TXN_SUCCESS,01,Txn Success,NNbPy16tQtCXQLbRl8K5IgvCnM2wlKFsVxE4fsrdQD0=,DYNAMIC_QR,cust_63b68fdde8,C0064
VYOMDEMO0001234567,ORD_VYOM_001894,202606251054438D5668E5FAA033,190.00,INR,2026-06-25 10:54:43.0,UPI,UPI,Paytm Payments Bank,974682775442992,TXN_SUCCESS,01,Txn Success,u9q9YC7SUURE9lJqdWTod0j44sf7Hj2eIlVDykX2WXA=,DYNAMIC_QR,cust_d25b7ce37d,C0139
VYOMDEMO0001234567,ORD_VYOM_000547,202606251151431052186E258C77,260.00,INR,2026-06-25 11:51:43.0,UPI,UPI,Paytm Payments Bank,288694183838761,TXN_SUCCESS,01,Txn Success,bhUY0i1vwKe1Gy+H0nYVad3V4lOSwY6RGzmrfZ6uJIY=,DYNAMIC_QR,cust_a1b51de3dc,C0027
VYOMDEMO0001234567,ORD_VYOM_002270,202606251245175D29E4BA12D8C4,170.00,INR,2026-06-25 12:45:17.0,PPI,WALLET,WALLET,927179375914644,TXN_SUCCESS,01,Txn Success,YUbCEKvUszwkKc7aMbKfVZ/Y/aKFdU7OyCdcMGq/dEQ=,DYNAMIC_QR,cust_f84d6a6fa7,C0305
VYOMDEMO0001234567,ORD_VYOM_001379,20260625190231ADF491693F80CE,300.00,INR,2026-06-25 19:02:31.0,UPI,UPI,Paytm Payments Bank,373973522691155,TXN_SUCCESS,01,Txn Success,OjxVfbcPfYsFLy/ZbmxggnszFM0PtT4WnyiNK/Xl8DY=,DYNAMIC_QR,cust_6e5ea23889,C0063
VYOMDEMO0001234567,ORD_VYOM_001814,20260625200520EE4C69F5F2E6C6,280.00,INR,2026-06-25 20:05:20.0,UPI,UPI,Paytm Payments Bank,96688015921403,TXN_SUCCESS,01,Txn Success,mP97qwxsnzhyWWRb6IuTZmAQIkC+Wz2Q3W4EmRT8rwk=,DYNAMIC_QR,cust_ac4f954b01,C0125
VYOMDEMO0001234567,ORD_VYOM_002258,202606252100003450B6254D9587,150.00,INR,2026-06-25 21:00:00.0,UPI,UPI,Paytm Payments Bank,778690693969560,TXN_SUCCESS,01,Txn Success,YbHuRySkjFFCm0b9rcwb+f3DutNRGnlNOHS8XImxN1Q=,DYNAMIC_QR,cust_06e0122db0,C0293
VYOMDEMO0001234567,ORD_VYOM_001527,20260625211502E12A4372898154,320.00,INR,2026-06-25 21:15:02.0,PPI,WALLET,WALLET,273530527405878,TXN_SUCCESS,01,Txn Success,DbMR+Oy23d7jg0v8ZasQ8NBuOqnV9EIL0GPFW5DxCVg=,DYNAMIC_QR,cust_da25303e2b,C0073
VYOMDEMO0001234567,ORD_VYOM_002206,202606260811476EE80F650F3E18,80.00,INR,2026-06-26 08:11:47.0,DC,ICICI,ICICI,157506798768136,TXN_SUCCESS,01,Txn Success,lkhBFU6jkUNUo25ZeSNi/aYi0e0V6OW1kfx0/RJNkHo=,DYNAMIC_QR,cust_f8e204f439,C0240
VYOMDEMO0001234567,ORD_VYOM_001735,202606260838595A32CE26F2D8C7,250.00,INR,2026-06-26 08:38:59.0,UPI,UPI,Paytm Payments Bank,755457287389069,TXN_SUCCESS,01,Txn Success,iU258Ko49n/7ENlFwKdCHMk4kPY6ZmeJlGi403vEal0=,DYNAMIC_QR,cust_9e0f68731d,C0109
VYOMDEMO0001234567,ORD_VYOM_000247,202606260841206B00CA32BB2AD7,470.00,INR,2026-06-26 08:41:20.0,PPI,WALLET,WALLET,651865137775611,TXN_SUCCESS,01,Txn Success,m7xSukGQd3NV/2ZPPm0HmP/ym3/WuwFyt50X2ZAJhMA=,DYNAMIC_QR,cust_ca9b9b6adf,C0011
VYOMDEMO0001234567,ORD_VYOM_001143,20260626085745C9920D7FBF35AF,300.00,INR,2026-06-26 08:57:45.0,UPI,UPI,Paytm Payments Bank,694399954520077,TXN_SUCCESS,01,Txn Success,tnCs+F5uoPu8BdsXdHNguBIgM4Acrf4LV9JOyjqIqKA=,DYNAMIC_QR,cust_82cd81d65f,C0053
VYOMDEMO0001234567,ORD_VYOM_000134,20260626090044E5CF134EB6D0A5,450.00,INR,2026-06-26 09:00:44.0,UPI,UPI,Paytm Payments Bank,482479748184502,TXN_SUCCESS,01,Txn Success,cVoF0dcNG3iUI36keJ0w6cqFXfvQRaAYf76JbN5jaec=,DYNAMIC_QR,cust_eabdbf3bc8,C0007
VYOMDEMO0001234567,ORD_VYOM_001949,202606260904168402D8277C3662,200.00,INR,2026-06-26 09:04:16.0,UPI,UPI,Paytm Payments Bank,856669673432018,TXN_SUCCESS,01,Txn Success,AEQxG+VEoeGhDnZnwMTOvLo17FvRPj5J6VtGy4/UxsI=,DYNAMIC_QR,cust_0137d9f5bc,C0151
VYOMDEMO0001234567,ORD_VYOM_001471,202606260916269C2602259F06C0,560.00,INR,2026-06-26 09:16:26.0,UPI,UPI,Paytm Payments Bank,537597984128270,TXN_SUCCESS,01,Txn Success,kjbjesS/I3UxpoK2xNIYTjfYPM5ihgj2NAM+EXrTKxo=,DYNAMIC_QR,cust_2775c4cf89,C0069
VYOMDEMO0001234567,ORD_VYOM_001292,20260626092536945A17C13ECCFD,390.00,INR,2026-06-26 09:25:36.0,UPI,UPI,Paytm Payments Bank,891384019500569,TXN_SUCCESS,01,Txn Success,43eh7f2noHtCsDjSZWoSiMFA1gIxPy2F2UznEPSS9aM=,DYNAMIC_QR,cust_2658be5647,C0060
VYOMDEMO0001234567,ORD_VYOM_001670,20260626092751109A2BAC9C5A5A,480.00,INR,2026-06-26 09:27:51.0,PPI,WALLET,WALLET,209865557762484,TXN_SUCCESS,01,Txn Success,5YfJKP8QQVfk7OFU+YBQxVOLXesuIkryHsm8cDpg2R8=,DYNAMIC_QR,cust_727cd2c5c9,C0098
VYOMDEMO0001234567,ORD_VYOM_000825,202606261007102E7C2620A08593,300.00,INR,2026-06-26 10:07:10.0,UPI,UPI,Paytm Payments Bank,953531676994337,TXN_SUCCESS,01,Txn Success,CoWeswEYQKhDEyyLnq6VMS94s4RtaP8PIZ/mzBV5h0s=,DYNAMIC_QR,cust_8f7c742c92,C0040
VYOMDEMO0001234567,ORD_VYOM_000534,20260626102625E2FF69616EACA9,300.00,INR,2026-06-26 10:26:25.0,CC,HDFC,HDFC,419935362994863,TXN_SUCCESS,01,Txn Success,bJYgMQTR/qyuDCjXFb9BtRKNSmZHUGgKpis3jsOAAN8=,DYNAMIC_QR,cust_41941dbbd4,C0026
VYOMDEMO0001234567,ORD_VYOM_001939,20260626104554F5A07DAF444696,140.00,INR,2026-06-26 10:45:54.0,UPI,UPI,Paytm Payments Bank,371696252989094,TXN_SUCCESS,01,Txn Success,3YIPfwlBQUfC/zhoG92DBiBpqFL0ocIwIu+6Xr2iyTk=,DYNAMIC_QR,cust_ae8f8ca329,C0150
VYOMDEMO0001234567,ORD_VYOM_000954,2026062612015874F0B0A2086988,160.00,INR,2026-06-26 12:01:58.0,UPI,UPI,Paytm Payments Bank,599507091599779,TXN_SUCCESS,01,Txn Success,AV5z2wJ2IPVBnj+mnLC9z2gc4ZgeD6gqTzLAAkqa9o8=,DYNAMIC_QR,cust_d544bf3b16,C0045
VYOMDEMO0001234567,ORD_VYOM_001652,20260626131955A46DB7EDF28484,180.00,INR,2026-06-26 13:19:55.0,UPI,UPI,Paytm Payments Bank,620337137255345,TXN_SUCCESS,01,Txn Success,aPDdhfqctlTUvXaI8btKuzrORYnGVXFHZ4vCBgd6KHw=,DYNAMIC_QR,cust_2eabcb6f32,C0095
VYOMDEMO0001234567,ORD_VYOM_001223,20260626174217C2B10B6FBE3DD6,300.00,INR,2026-06-26 17:42:17.0,DC,ICICI,ICICI,306397313178447,TXN_SUCCESS,01,Txn Success,Swm8gMx6wJwkGyBlG/k151+lrdtssiKde774iNOychM=,DYNAMIC_QR,cust_f249fd9c9c,C0057
VYOMDEMO0001234567,ORD_VYOM_001100,2026062617492314397FC04574CF,420.00,INR,2026-06-26 17:49:23.0,UPI,UPI,Paytm Payments Bank,949973758809804,TXN_SUCCESS,01,Txn Success,uwN5V5A/ZH7tZVwtRiViJdyYrBLWcGLX96Ojk3ec9r8=,DYNAMIC_QR,cust_daf1fef437,C0051
VYOMDEMO0001234567,ORD_VYOM_001864,202606261906157428C07D89F697,380.00,INR,2026-06-26 19:06:15.0,CC,HDFC,HDFC,99015400576617,PENDING,400,Transaction is pending confirmation.,bgUo8ZDTgK3FLp0GBkr0tY/yq8l+pIwwVTCdhsNG4/w=,DYNAMIC_QR,cust_c60462553f,C0134
VYOMDEMO0001234567,ORD_VYOM_002033,2026062619233843B6C9168BF1E7,340.00,INR,2026-06-26 19:23:38.0,PPI,WALLET,WALLET,722987942130887,TXN_SUCCESS,01,Txn Success,KLB0/O+lXwy68VkhdT0xiuk4LmS+6yTjIs0nvlZJNVY=,DYNAMIC_QR,cust_a3cf8e4c75,C0167
VYOMDEMO0001234567,ORD_VYOM_000505,202606261948276991AF3877FD51,400.00,INR,2026-06-26 19:48:27.0,UPI,UPI,Paytm Payments Bank,602114728374181,TXN_SUCCESS,01,Txn Success,Keawkzi91vZWF2D4RF+kNW3cgHbrrSy3zIa1TNp1WG4=,DYNAMIC_QR,cust_f28cbf1be8,C0025
VYOMDEMO0001234567,ORD_VYOM_000063,202606261950045796E5121E598F,500.00,INR,2026-06-26 19:50:04.0,UPI,UPI,Paytm Payments Bank,193312182279979,TXN_SUCCESS,01,Txn Success,ROhZJ8jUo+WmNuK+GfwEV/0GaDOfBbXtfI3DmfhBsyo=,DYNAMIC_QR,cust_23bc5b213e,C0004
VYOMDEMO0001234567,ORD_VYOM_001452,20260626195138C1F0F4D8D2A90C,340.00,INR,2026-06-26 19:51:38.0,UPI,UPI,Paytm Payments Bank,971694775569081,TXN_SUCCESS,01,Txn Success,Q044qBFqPXTnNZTIMR83HiqAhd6mTgYK5pn1M/33Rrw=,DYNAMIC_QR,cust_f5144e6e67,C0068
VYOMDEMO0001234567,ORD_VYOM_001645,20260626201325894102976BCD81,340.00,INR,2026-06-26 20:13:25.0,UPI,UPI,Paytm Payments Bank,497154265978901,TXN_SUCCESS,01,Txn Success,5HFRYJ4C4PV7oMGh7UUsShGge9gHsL34kDXt5M4DSxY=,DYNAMIC_QR,cust_3e84afa8ec,C0094
VYOMDEMO0001234567,ORD_VYOM_000622,202606262037313B48669BB7219C,300.00,INR,2026-06-26 20:37:31.0,UPI,UPI,Paytm Payments Bank,399832293181524,TXN_SUCCESS,01,Txn Success,KpNVrg6O+yQJ+TsP+lVFBuwYiJGLU8cDEljN1YwDiw0=,DYNAMIC_QR,cust_9138b9325b,C0030
VYOMDEMO0001234567,ORD_VYOM_000115,202606262113283959032E640C52,400.00,INR,2026-06-26 21:13:28.0,UPI,UPI,Paytm Payments Bank,752301201669763,TXN_SUCCESS,01,Txn Success,n4L5Y2pLZzmd7l8M/Fi2ZUCOT117K+4RBMixycPRNb4=,DYNAMIC_QR,cust_4b7feffc40,C0006
VYOMDEMO0001234567,ORD_VYOM_001824,2026062621515894B51FBEED005E,200.00,INR,2026-06-26 21:51:58.0,DC,ICICI,ICICI,993536371458375,TXN_SUCCESS,01,Txn Success,YGUjm44oJAi/DB9j1bW9J+bQreJQlPYWD4ah1Av+sLU=,DYNAMIC_QR,cust_a0433965c0,C0127
VYOMDEMO0001234567,ORD_VYOM_000914,202606270817266C546810218652,240.00,INR,2026-06-27 08:17:26.0,UPI,UPI,Paytm Payments Bank,822122411992840,TXN_SUCCESS,01,Txn Success,XWUKCj0J5Sz7QDQA5i9ihqHzZ/OFpJGa+bBpyvVQo18=,DYNAMIC_QR,cust_a4d97a4e7d,C0044
VYOMDEMO0001234567,ORD_VYOM_002190,2026062709031091832CB4E5FBE9,100.00,INR,2026-06-27 09:03:10.0,UPI,UPI,Paytm Payments Bank,183902934061552,TXN_SUCCESS,01,Txn Success,Aybsp+UtWzHd+RDkFKqHym2hIgsAPl8gswulx67B1Rc=,DYNAMIC_QR,cust_5f5e59c557,C0224
VYOMDEMO0001234567,ORD_VYOM_000289,2026062709135255CCD6F3DDABD0,300.00,INR,2026-06-27 09:13:52.0,UPI,UPI,Paytm Payments Bank,607902697942903,TXN_SUCCESS,01,Txn Success,CYDbYTEHvo1zvfXB3SSSq+HubVwVDmuuBn05+PUk3lw=,DYNAMIC_QR,cust_2db547fcb3,C0013
VYOMDEMO0001234567,ORD_VYOM_001425,20260627091454F085535F2BB7FF,270.00,INR,2026-06-27 09:14:54.0,CC,HDFC,HDFC,342745629414251,TXN_SUCCESS,01,Txn Success,L4EwyTkH2YdEg2k/V4730QAEHteWxYvSeFaBCujsF9E=,DYNAMIC_QR,cust_1dc57b77e4,C0066
VYOMDEMO0001234567,ORD_VYOM_000184,20260627104206C0B8F14A3B1D09,300.00,INR,2026-06-27 10:42:06.0,UPI,UPI,Paytm Payments Bank,385129318802215,TXN_SUCCESS,01,Txn Success,n2yRKae6Up6Cb2MFDMeIGTUx3Ah+qq4MZhxlZXmIOPY=,DYNAMIC_QR,cust_24551de984,C0009
VYOMDEMO0001234567,ORD_VYOM_000330,20260627113559E395B6B85892DE,380.00,INR,2026-06-27 11:35:59.0,UPI,UPI,Paytm Payments Bank,584711706277857,TXN_FAILURE,810,Payment failed due to a technical error.,+rTb5pIadTkeza+PXPpqdpUkeCYjqg3m8uGXwYHzf7Y=,DYNAMIC_QR,cust_240753abf1,C0015
VYOMDEMO0001234567,ORD_VYOM_001539,20260627153456DAAE31817A9514,350.00,INR,2026-06-27 15:34:56.0,DC,ICICI,ICICI,894764537560455,TXN_SUCCESS,01,Txn Success,hrEEaw5iAVFEl2Qs6H9HTBqJbras3kniGOEMT2BpglY=,DYNAMIC_QR,cust_61b01a22c0,C0074
VYOMDEMO0001234567,ORD_VYOM_001057,20260627171403C7CE8CCDEA535D,280.00,INR,2026-06-27 17:14:03.0,UPI,UPI,Paytm Payments Bank,471595602731894,TXN_SUCCESS,01,Txn Success,9BzywOgT8BexblJuhbOZGDAnP5mSX8C5J6pY2O/m4KE=,DYNAMIC_QR,cust_fc7659f04d,C0049
VYOMDEMO0001234567,ORD_VYOM_000314,2026062717255069EE20DC176553,350.00,INR,2026-06-27 17:25:50.0,PPI,WALLET,WALLET,419964532398289,TXN_SUCCESS,01,Txn Success,duXFMilWup6UQstFg+PQP9B3gOFIqb7G2grhgqIVa4s=,DYNAMIC_QR,cust_1ae6b5d45e,C0014
VYOMDEMO0001234567,ORD_VYOM_000366,20260627180546F294D8B727C71C,300.00,INR,2026-06-27 18:05:46.0,UPI,UPI,Paytm Payments Bank,218358497376633,TXN_SUCCESS,01,Txn Success,+5nFw55cM2p9vB7HJdIzOLgMnjHFmLzteXGkgI8JhYo=,DYNAMIC_QR,cust_8fe3b75ae8,C0017
VYOMDEMO0001234567,ORD_VYOM_000470,202606271913089D6D6E950B81C0,320.00,INR,2026-06-27 19:13:08.0,UPI,UPI,Paytm Payments Bank,525163544815828,TXN_SUCCESS,01,Txn Success,OybHHuCeBPJl9sHpyC9iBYi6Q0nAJAZwnqGDVrwCc8s=,DYNAMIC_QR,cust_6e959f4c64,C0023
VYOMDEMO0001234567,ORD_VYOM_001704,202606271926355D28FB0490BCCF,290.00,INR,2026-06-27 19:26:35.0,UPI,UPI,Paytm Payments Bank,397140980099703,TXN_SUCCESS,01,Txn Success,76X5tagjbCddsxOT1EQBa2Mke2Ng4AXw5r6cLkJUVaM=,DYNAMIC_QR,cust_86651a9c66,C0104
VYOMDEMO0001234567,ORD_VYOM_001552,2026062719354517E07B523CF7D8,340.00,INR,2026-06-27 19:35:45.0,UPI,UPI,Paytm Payments Bank,763523358404353,TXN_SUCCESS,01,Txn Success,13nMeBLACG9gOZDrA9o7u/1OfFQjJoOxgh9hNTGvk+E=,DYNAMIC_QR,cust_6a0fae8ba0,C0075
VYOMDEMO0001234567,ORD_VYOM_000851,202606272003474D157BE431D1D3,400.00,INR,2026-06-27 20:03:47.0,PPI,WALLET,WALLET,65129755572158,TXN_SUCCESS,01,Txn Success,wyRBDcpR50S/tp36np2Apv/oGaQwlMw3YT4RKgI/N18=,DYNAMIC_QR,cust_d212ee719a,C0041
VYOMDEMO0001234567,ORD_VYOM_001494,202606280931353EA9C9E901D72F,350.00,INR,2026-06-28 09:31:35.0,CC,HDFC,HDFC,927732335736373,TXN_SUCCESS,01,Txn Success,v3nqJlpz3BqMZ1y9cDBN/YMccKiIqp0jvc2LsomYX+s=,DYNAMIC_QR,cust_6549be84fc,C0070
VYOMDEMO0001234567,ORD_VYOM_000506,20260628100419C3FF5D3AC578AE,420.00,INR,2026-06-28 10:04:19.0,CC,HDFC,HDFC,546537236013871,TXN_SUCCESS,01,Txn Success,+Yup3s4lRGzqpB/pV5NEFCz7MpjXjdhQH+cSo+ZPTnA=,DYNAMIC_QR,cust_f28cbf1be8,C0025
VYOMDEMO0001234567,ORD_VYOM_000751,20260628123950E7990211F3152A,360.00,INR,2026-06-28 12:39:50.0,DC,ICICI,ICICI,413657164362104,TXN_SUCCESS,01,Txn Success,BTNm6Ls/3qO77d8xcg5Fn2g8apgQ9bnXU8L6yccuhyo=,DYNAMIC_QR,cust_9a8d00481d,C0037
VYOMDEMO0001234567,ORD_VYOM_000596,2026062814281452865D6E70F4F1,200.00,INR,2026-06-28 14:28:14.0,CC,HDFC,HDFC,288234214603703,TXN_SUCCESS,01,Txn Success,MWq3OM+QQCTDjOFRhsa0vvBjQqVe+beVy27oEP5OlR4=,DYNAMIC_QR,cust_106abbb9b5,C0029
VYOMDEMO0001234567,ORD_VYOM_001356,2026062817185065E3FF1E36E0FF,230.00,INR,2026-06-28 17:18:50.0,UPI,UPI,Paytm Payments Bank,975573746546703,TXN_SUCCESS,01,Txn Success,bJ5A7ERlyygnhEtCJUffgINvDWu3mhYdHP6EViiUSQk=,DYNAMIC_QR,cust_2f66dd2f4f,C0062
VYOMDEMO0001234567,ORD_VYOM_000790,20260628180924F2390A830D16A4,300.00,INR,2026-06-28 18:09:24.0,UPI,UPI,Paytm Payments Bank,505612142361644,TXN_SUCCESS,01,Txn Success,zO9CwRQ/K+rJBJx0yYcugJ5ch6hekcZCcF74t/C63tI=,DYNAMIC_QR,cust_0b348a9dd1,C0039
VYOMDEMO0001234567,ORD_VYOM_000864,20260628184514D4A236E4E404CF,450.00,INR,2026-06-28 18:45:14.0,PPI,WALLET,WALLET,341204070189611,TXN_SUCCESS,01,Txn Success,V0vzufiwvKiCp6U1XOi2ZGWy2LGaRZ10EfOqkqk7vHI=,DYNAMIC_QR,cust_e2d64a5dd5,C0042
VYOMDEMO0001234567,ORD_VYOM_002092,20260628193009BC3389BE9A0CAC,220.00,INR,2026-06-28 19:30:09.0,DC,ICICI,ICICI,121099053299927,TXN_SUCCESS,01,Txn Success,8FiE2ik8hkEhnwB+AnCC+Zl7TdEa5PLz6hPZp9owfwc=,DYNAMIC_QR,cust_fdf604a395,C0180
VYOMDEMO0001234567,ORD_VYOM_000694,20260628195908B2475444661FE6,300.00,INR,2026-06-28 19:59:08.0,UPI,UPI,Paytm Payments Bank,368913241783176,TXN_SUCCESS,01,Txn Success,ynLd1zGqIWbrFo/dVIEv3KRAGimr9aunpVcz1cvzlJc=,DYNAMIC_QR,cust_d4aeae392b,C0034
VYOMDEMO0001234567,ORD_VYOM_002237,202606282022007EABA178260B4A,280.00,INR,2026-06-28 20:22:00.0,UPI,UPI,Paytm Payments Bank,915594583216021,TXN_SUCCESS,01,Txn Success,QI4/OTuCYLwFuLmJjiS8Lh4mmGywBwPpXTd0qxCfwB8=,DYNAMIC_QR,cust_ef1bcccd4e,C0271
VYOMDEMO0001234567,ORD_VYOM_000390,20260629092159A99E0EDE95B1A7,120.00,INR,2026-06-29 09:21:59.0,CC,HDFC,HDFC,239151351812095,TXN_SUCCESS,01,Txn Success,+mJiRTXCUESKkqzA3KUU3f5oikxkO8eYMsQ8WFpShFo=,DYNAMIC_QR,cust_1758aa28d3,C0018
VYOMDEMO0001234567,ORD_VYOM_002260,20260629092607C85D15C41CB11A,290.00,INR,2026-06-29 09:26:07.0,PPI,WALLET,WALLET,874577791439697,TXN_SUCCESS,01,Txn Success,qLrDCE3dysrheKNL79PcQAnsLbPSE2B3lbtkV1Smo3c=,DYNAMIC_QR,cust_d4eaf7e3b0,C0295
VYOMDEMO0001234567,ORD_VYOM_002153,202606290947173528894DF8528E,240.00,INR,2026-06-29 09:47:17.0,DC,ICICI,ICICI,814947312081267,TXN_SUCCESS,01,Txn Success,7Xkw9Bajng6CBxYUpnc7Mi++leo5ldGvubNFwBCGfAg=,DYNAMIC_QR,cust_668ddd0245,C0193
VYOMDEMO0001234567,ORD_VYOM_000435,2026062909492722FED212ECCF52,300.00,INR,2026-06-29 09:49:27.0,CC,HDFC,HDFC,585530380244181,TXN_SUCCESS,01,Txn Success,DkmMV4Tl34zV+AEf9Mp9m75LS3yE2bQMWvkVSJT69eY=,DYNAMIC_QR,cust_bb103c6777,C0021
VYOMDEMO0001234567,ORD_VYOM_001659,2026062912394571073F9F3EADAE,180.00,INR,2026-06-29 12:39:45.0,UPI,UPI,Paytm Payments Bank,574644106802875,TXN_SUCCESS,01,Txn Success,HBrrHxx7z1DHZBoxx1728tkLv3JnIyqXN7lxp1D3OGw=,DYNAMIC_QR,cust_3a81627454,C0096
VYOMDEMO0001234567,ORD_VYOM_001438,2026062915480110B0CD40B1E53C,540.00,INR,2026-06-29 15:48:01.0,UPI,UPI,Paytm Payments Bank,49184616393055,TXN_SUCCESS,01,Txn Success,v5CtZNuqj8lMHCv3RRYz7/E9UNuHx9FGDzYPW3iFgKE=,DYNAMIC_QR,cust_0190a5b25c,C0067
VYOMDEMO0001234567,ORD_VYOM_000209,20260629155344674D4B84E7AC84,300.00,INR,2026-06-29 15:53:44.0,DC,ICICI,ICICI,392894569755621,TXN_SUCCESS,01,Txn Success,7ovoJpJPPJByUlIrpbu8izoBAgVtcrBGHG1/xi14A9M=,DYNAMIC_QR,cust_785ff6e6b2,C0010
VYOMDEMO0001234567,ORD_VYOM_001694,2026062918084960C337AAAC9206,210.00,INR,2026-06-29 18:08:49.0,CC,HDFC,HDFC,769341587802054,TXN_SUCCESS,01,Txn Success,3x+t2YHGO5u9H9HmOZwmRmLcBNb+hZPU10lRpIBEMM0=,DYNAMIC_QR,cust_e5084e5c52,C0102
VYOMDEMO0001234567,ORD_VYOM_001028,202606291809063F1852F7B46FF7,330.00,INR,2026-06-29 18:09:06.0,UPI,UPI,Paytm Payments Bank,466626307129496,TXN_SUCCESS,01,Txn Success,zxmR2ssmRUO0nz+5dtTwvxd0J+KWYsf++6hpLQvspGQ=,DYNAMIC_QR,cust_c3657372a9,C0048
VYOMDEMO0001234567,ORD_VYOM_001224,2026062918362491DD7B6CFC50EA,200.00,INR,2026-06-29 18:36:24.0,UPI,UPI,Paytm Payments Bank,248550572932754,TXN_SUCCESS,01,Txn Success,tE81eBZjF4TkFUmjocVe9aWcrZ66jfBO4bomXp1GD3Q=,DYNAMIC_QR,cust_f249fd9c9c,C0057
VYOMDEMO0001234567,ORD_VYOM_000888,20260629185957F7CCA11161E74A,470.00,INR,2026-06-29 18:59:57.0,UPI,UPI,Paytm Payments Bank,933720490570661,TXN_FAILURE,810,Payment failed due to a technical error.,dpyMLk4Mb+xOyFCbHMQrEqESLrj+HSMSOda4OiMzYaM=,DYNAMIC_QR,cust_20281afbd7,C0043
VYOMDEMO0001234567,ORD_VYOM_000657,2026062919442727E4221BA5213F,480.00,INR,2026-06-29 19:44:27.0,UPI,UPI,Paytm Payments Bank,479052724625260,TXN_SUCCESS,01,Txn Success,1w7xvnK5knkBHMYTvz9sltEkOJrvn67835ewai0Uls0=,DYNAMIC_QR,cust_a06e38f5f5,C0032
VYOMDEMO0001234567,ORD_VYOM_001293,202606291948594CEB66483BA638,200.00,INR,2026-06-29 19:48:59.0,UPI,UPI,Paytm Payments Bank,523864811071787,TXN_SUCCESS,01,Txn Success,2hRNE6WNh4FIdbAaGF0z+e4uIHbi/HRrAVZCA6chS28=,DYNAMIC_QR,cust_2658be5647,C0060
VYOMDEMO0001234567,ORD_VYOM_000248,2026062920163759E04BB984B20C,250.00,INR,2026-06-29 20:16:37.0,UPI,UPI,Paytm Payments Bank,274258216066621,TXN_SUCCESS,01,Txn Success,/mdA/y4sGsVjQriu3aPh2noXXmSeyIHMECpSNEU8zKE=,DYNAMIC_QR,cust_ca9b9b6adf,C0011
VYOMDEMO0001234567,ORD_VYOM_001101,20260629204224F1252401E2738E,380.00,INR,2026-06-29 20:42:24.0,PPI,WALLET,WALLET,650437514687369,TXN_SUCCESS,01,Txn Success,JP8CltAAJNYAuH+omtzSyHfKEIe7q2YTIxym3FMJWGE=,DYNAMIC_QR,cust_daf1fef437,C0051
VYOMDEMO0001234567,ORD_VYOM_002225,20260629205135918A7FBC21ACC0,150.00,INR,2026-06-29 20:51:35.0,UPI,UPI,Paytm Payments Bank,252700481750312,TXN_SUCCESS,01,Txn Success,h+6sewB9AcdlXorhPXFkjjqI60/ggWVmnVEUjfPe8io=,DYNAMIC_QR,cust_20c7bd4f6d,C0259
VYOMDEMO0001234567,ORD_VYOM_000718,20260629215436378D8D00BC1A85,500.00,INR,2026-06-29 21:54:36.0,UPI,UPI,Paytm Payments Bank,395953322203902,TXN_SUCCESS,01,Txn Success,bGm3FzJCguwXTX9MBD1VE6uCk1zk0dbbEvYNnYOs8Tk=,DYNAMIC_QR,cust_37d415cd87,C0035
VYOMDEMO0001234567,ORD_VYOM_000087,2026063008240512750B2737EB05,380.00,INR,2026-06-30 08:24:05.0,UPI,UPI,Paytm Payments Bank,571554381707099,TXN_SUCCESS,01,Txn Success,rq8pfRi1+wdwQxvYSR2ig3lrp15ixAflyPtsWP6fNWU=,DYNAMIC_QR,cust_d97b299d31,C0005
VYOMDEMO0001234567,ORD_VYOM_000548,20260630082559BB22A3ED756929,330.00,INR,2026-06-30 08:25:59.0,DC,ICICI,ICICI,497425203818837,TXN_SUCCESS,01,Txn Success,wagg9bj/wmFpgy5E4jnkoYnKA3jMr5OJliGg9ofgXo8=,DYNAMIC_QR,cust_a1b51de3dc,C0027
VYOMDEMO0001234567,ORD_VYOM_001518,20260630085606A161CB33219BEB,320.00,INR,2026-06-30 08:56:06.0,DC,ICICI,ICICI,51474809828165,TXN_SUCCESS,01,Txn Success,iFs4/4lQBzH8TulfI80fii9eCeARrDHZRzXM6/wot0c=,DYNAMIC_QR,cust_2f8f5bb109,C0072
VYOMDEMO0001234567,ORD_VYOM_002166,20260630091231149255F7C4270D,160.00,INR,2026-06-30 09:12:31.0,CC,HDFC,HDFC,123398561014289,PENDING,400,Transaction is pending confirmation.,ExBLwvwblsvh+AABgQUKmKBZqIB2+EHRSg9sZDVHSQM=,DYNAMIC_QR,cust_933f0410f1,C0200
VYOMDEMO0001234567,ORD_VYOM_001846,20260630100604A697E9D2C03710,330.00,INR,2026-06-30 10:06:04.0,CC,HDFC,HDFC,432247844354229,TXN_FAILURE,227,Your payment has been declined by your bank.,bpRCZmfwHucuHYGNMNrmzqUbN9Ak4vHxoUUACg59cqU=,DYNAMIC_QR,cust_8a55b6b351,C0130
VYOMDEMO0001234567,ORD_VYOM_001171,2026063012180719CA58AB061445,190.00,INR,2026-06-30 12:18:07.0,UPI,UPI,Paytm Payments Bank,83201156022805,TXN_SUCCESS,01,Txn Success,1y9ZaYxquwlbS7h31QNpan8BFebEksg17fCcEgVy/Cs=,DYNAMIC_QR,cust_5cd1790ef5,C0054
VYOMDEMO0001234567,ORD_VYOM_001328,2026063014194094FE639B96373E,360.00,INR,2026-06-30 14:19:40.0,UPI,UPI,Paytm Payments Bank,473933014484876,TXN_SUCCESS,01,Txn Success,WhfjvAkp/CLS/taBp8UfGtQ5FWfqJHO5wZpw4VF56Hs=,DYNAMIC_QR,cust_33de551bb3,C0061
VYOMDEMO0001234567,ORD_VYOM_000975,20260630144318D5E22DE6862396,360.00,INR,2026-06-30 14:43:18.0,CC,HDFC,HDFC,943893905851419,TXN_SUCCESS,01,Txn Success,qIfyclXuZqVisxiBXhou0R0YBFi6LUcQJmQxr+8QioE=,DYNAMIC_QR,cust_3433633783,C0046
VYOMDEMO0001234567,ORD_VYOM_001472,202606301817582E7E4E70E97FA7,500.00,INR,2026-06-30 18:17:58.0,CC,HDFC,HDFC,828868803714356,TXN_SUCCESS,01,Txn Success,bPwkg0w8zvOdyoOYeNZ00ULr3fSV0IXxL91MuNWYlgg=,DYNAMIC_QR,cust_2775c4cf89,C0069
VYOMDEMO0001234567,ORD_VYOM_000992,2026063020204427776F91CB42E7,320.00,INR,2026-06-30 20:20:44.0,DC,ICICI,ICICI,87869631563325,TXN_SUCCESS,01,Txn Success,/tDcEYrd/LFMnBucxAffEIzGtstfSgQ+20sIXOd87/Y=,DYNAMIC_QR,cust_f966ed1ab1,C0047
VYOMDEMO0001234567,ORD_VYOM_002201,20260630204753E76E8C61E0B23B,240.00,INR,2026-06-30 20:47:53.0,UPI,UPI,Paytm Payments Bank,974591077318895,TXN_SUCCESS,01,Txn Success,PdHKvhDtnN8M/e4s13uflRhYUV2ypXv7Gb5C0MspXGU=,DYNAMIC_QR,cust_ce4fdfdb71,C0235
VYOMDEMO0001234567,ORD_VYOM_001756,20260630205919469EC347FCBD01,200.00,INR,2026-06-30 20:59:19.0,CC,HDFC,HDFC,956129999489487,TXN_SUCCESS,01,Txn Success,/I4762MV/7jKLarFJvvZly071+v/cM+yWY43HtD/VXE=,DYNAMIC_QR,cust_2454d761f6,C0113
VYOMDEMO0001234567,ORD_VYOM_001294,202607010804054F094BE0CF26C9,300.00,INR,2026-07-01 08:04:05.0,UPI,UPI,Paytm Payments Bank,581711551317480,TXN_SUCCESS,01,Txn Success,uks06u1al2XsdwTMiKPtwHB1WKSvzgBMNCl0348JDck=,DYNAMIC_QR,cust_2658be5647,C0060
VYOMDEMO0001234567,ORD_VYOM_002014,202607010817403A26B1D513612D,200.00,INR,2026-07-01 08:17:40.0,DC,ICICI,ICICI,211107009743762,TXN_SUCCESS,01,Txn Success,KUlQYuqlBezuVwP/uPONKz8WDuq9jsMmN/l74qrwsJk=,DYNAMIC_QR,cust_e008798f73,C0165
VYOMDEMO0001234567,ORD_VYOM_002196,20260701082149C53B5DA5C7ADBE,130.00,INR,2026-07-01 08:21:49.0,UPI,UPI,Paytm Payments Bank,929478883629006,TXN_SUCCESS,01,Txn Success,VwHJDlhjr0+dKTy/ldS1WGO3gowGDpRaGpbHh1EXD+s=,DYNAMIC_QR,cust_b85fe56312,C0230
VYOMDEMO0001234567,ORD_VYOM_000037,20260701085427CCA6D2482C3BCA,370.00,INR,2026-07-01 08:54:27.0,DC,ICICI,ICICI,304910260857800,TXN_SUCCESS,01,Txn Success,tVdFLx2ITGAOgvkTK3UMy6WxSCnu6y2VPiVNqzyM6C0=,DYNAMIC_QR,cust_c4796bc897,C0003
VYOMDEMO0001234567,ORD_VYOM_000993,202607011013586EEB4A972AE1E7,400.00,INR,2026-07-01 10:13:58.0,UPI,UPI,Paytm Payments Bank,30022891317632,TXN_SUCCESS,01,Txn Success,6A+DTxvNTj5ZoZ2IYzZWRBAB0AqXNRAL5/UQrbiPzRE=,DYNAMIC_QR,cust_f966ed1ab1,C0047
VYOMDEMO0001234567,ORD_VYOM_000422,202607011047078E9C13F7F65556,450.00,INR,2026-07-01 10:47:07.0,CC,HDFC,HDFC,605173480822462,TXN_SUCCESS,01,Txn Success,9wghT0nMsXXaUi4MbLcbwinDMd0Xpmiwi5WLuyph7A4=,DYNAMIC_QR,cust_173fc6de8b,C0020
VYOMDEMO0001234567,ORD_VYOM_000290,202607011135596704B69CC4A516,480.00,INR,2026-07-01 11:35:59.0,DC,ICICI,ICICI,769704223766087,TXN_SUCCESS,01,Txn Success,mjqJC1wTi0vC3DBbKLrM+zDDQVOOTyjIvCENARW5YTU=,DYNAMIC_QR,cust_2db547fcb3,C0013
VYOMDEMO0001234567,ORD_VYOM_002191,202607011209572F5EE7D6ADBC8E,180.00,INR,2026-07-01 12:09:57.0,UPI,UPI,Paytm Payments Bank,884366689939117,TXN_SUCCESS,01,Txn Success,xZiGRsBMCWPK7WcjTP0gKr+cq18VrlBzTaG3k0ZrFME=,DYNAMIC_QR,cust_cddc29efa1,C0225
VYOMDEMO0001234567,ORD_VYOM_001778,20260701125234982415B60840D8,290.00,INR,2026-07-01 12:52:34.0,UPI,UPI,Paytm Payments Bank,857266467467470,TXN_SUCCESS,01,Txn Success,lptcxshvAkTBzSWbvF1aBgr9kojltdy5fPeNIieB8VU=,DYNAMIC_QR,cust_020257eebe,C0116
VYOMDEMO0001234567,ORD_VYOM_000150,2026070119510448B5C305ABF843,400.00,INR,2026-07-01 19:51:04.0,UPI,UPI,Paytm Payments Bank,492907855634819,TXN_SUCCESS,01,Txn Success,PVUnzROeSaPfYvNF+jCVrPKzjdMvC2iGoX/N+7KxKM0=,DYNAMIC_QR,cust_8e84008d36,C0008
VYOMDEMO0001234567,ORD_VYOM_001225,20260701200636CE303A5ED3D2F5,260.00,INR,2026-07-01 20:06:36.0,UPI,UPI,Paytm Payments Bank,190703832687061,TXN_SUCCESS,01,Txn Success,c/1fsVW7vscqOGNWq2upWMejCmqfelTOm9FemKDjtCc=,DYNAMIC_QR,cust_f249fd9c9c,C0057
VYOMDEMO0001234567,ORD_VYOM_000405,20260701201119BA914756FA7BC3,300.00,INR,2026-07-01 20:11:19.0,PPI,WALLET,WALLET,461197755110556,TXN_SUCCESS,01,Txn Success,sHID+zDV48zNUIZ15nQjyH04+tvBugnJ/Kgx7JyuwFE=,DYNAMIC_QR,cust_7504516d8c,C0019
VYOMDEMO0001234567,ORD_VYOM_000597,20260701204645E6F419BFD76CFD,320.00,INR,2026-07-01 20:46:45.0,CC,HDFC,HDFC,769612525641990,TXN_SUCCESS,01,Txn Success,6DC9LSHdtxXfyM/QigiWWqu5l3LG70/xfJF0ZZLHB/E=,DYNAMIC_QR,cust_106abbb9b5,C0029
VYOMDEMO0001234567,ORD_VYOM_000826,202607012117559A5D7196B3EEED,450.00,INR,2026-07-01 21:17:55.0,DC,ICICI,ICICI,641890068169227,TXN_SUCCESS,01,Txn Success,pVp6BCLGisUuzogIjM7w3owT9/i1FSoJxvA3n662ZzM=,DYNAMIC_QR,cust_8f7c742c92,C0040
VYOMDEMO0001234567,ORD_VYOM_001901,20260702081058EA2DF5DFD6EA3A,300.00,INR,2026-07-02 08:10:58.0,UPI,UPI,Paytm Payments Bank,399104604520781,TXN_SUCCESS,01,Txn Success,ar1ji5jmd1NvhST1SwXagQlQf2cRUjeuJUqt6F8wt/c=,DYNAMIC_QR,cust_eb1e645a35,C0141
VYOMDEMO0001234567,ORD_VYOM_001102,202607020948595A7E3DFB8E9B93,550.00,INR,2026-07-02 09:48:59.0,CC,HDFC,HDFC,708284254933062,TXN_SUCCESS,01,Txn Success,cTDeq+n5rIYTqJnd6GFR0oov1Tcidhkh6aHD8CSAco4=,DYNAMIC_QR,cust_daf1fef437,C0051
VYOMDEMO0001234567,ORD_VYOM_000915,2026070218180181B5221F007804,280.00,INR,2026-07-02 18:18:01.0,UPI,UPI,Paytm Payments Bank,477413832129595,TXN_SUCCESS,01,Txn Success,AJRIi1TRCdOb5jwQHPi5dXcXavRU5cmO9icXg983HqM=,DYNAMIC_QR,cust_a4d97a4e7d,C0044
VYOMDEMO0001234567,ORD_VYOM_001796,20260702185958DA2B06AB8879CC,150.00,INR,2026-07-02 18:59:58.0,PPI,WALLET,WALLET,972936227550359,TXN_SUCCESS,01,Txn Success,EVwIykyRJAnynxYKzvs1g7U8HB9Kp5SpRHbXdJL43eY=,DYNAMIC_QR,cust_d1e31bd680,C0120
VYOMDEMO0001234567,ORD_VYOM_001426,2026070219054518544C18C6EFFB,350.00,INR,2026-07-02 19:05:45.0,PPI,WALLET,WALLET,860096696991260,TXN_SUCCESS,01,Txn Success,rTjKp1Pjnbi7hbQ8TxaqOQ1ZNWwOkc5t0MPZ27vKAAs=,DYNAMIC_QR,cust_1dc57b77e4,C0066
VYOMDEMO0001234567,ORD_VYOM_000791,202607021915435C343646993B4A,260.00,INR,2026-07-02 19:15:43.0,CC,HDFC,HDFC,721110499612963,TXN_SUCCESS,01,Txn Success,PX3Hvd4zQngjJa3l9ulw21Q6m6nB3YhfCeDz5LooUsw=,DYNAMIC_QR,cust_0b348a9dd1,C0039
VYOMDEMO0001234567,ORD_VYOM_001969,20260702192425001751B3EDF6DF,220.00,INR,2026-07-02 19:24:25.0,PPI,WALLET,WALLET,135272018688324,TXN_SUCCESS,01,Txn Success,pGOeJOyMLZBVmYhF/nQes2aVZVlqplOMpdUTYNLyBoc=,DYNAMIC_QR,cust_a11e480ab9,C0155
VYOMDEMO0001234567,ORD_VYOM_000471,20260702195544D3E5387E7A09FF,340.00,INR,2026-07-02 19:55:44.0,DC,ICICI,ICICI,467316804570135,TXN_SUCCESS,01,Txn Success,g98H/X0qDo6+LsHiuloXk7mC6L+n/zO8NxPlz0Ul2bU=,DYNAMIC_QR,cust_6e959f4c64,C0023
VYOMDEMO0001234567,ORD_VYOM_001192,20260702200209818929691EEC83,490.00,INR,2026-07-02 20:02:09.0,UPI,UPI,Paytm Payments Bank,966587276343230,TXN_SUCCESS,01,Txn Success,PDRRkUeksX5AdXiaJe/Fzb+6lh18K1kdpmz9EfbU3rI=,DYNAMIC_QR,cust_4b274e83b3,C0055
VYOMDEMO0001234567,ORD_VYOM_002034,20260702201434641F65DC7FEF84,380.00,INR,2026-07-02 20:14:34.0,UPI,UPI,Paytm Payments Bank,68281037889037,TXN_SUCCESS,01,Txn Success,PQvs/oiWxmWN5yDwqOoNjXfTBkmMNiZsR3lc07poJTE=,DYNAMIC_QR,cust_a3cf8e4c75,C0167
VYOMDEMO0001234567,ORD_VYOM_000116,20260702201952B856E844A01650,360.00,INR,2026-07-02 20:19:52.0,UPI,UPI,Paytm Payments Bank,452764957547328,TXN_SUCCESS,01,Txn Success,rYFgsZqbw45OIx2W3URltNYfbx1xE9R4GjXvou8Bhhs=,DYNAMIC_QR,cust_4b7feffc40,C0006
VYOMDEMO0001234567,ORD_VYOM_000641,20260702202802A220E1BD78BF3F,300.00,INR,2026-07-02 20:28:02.0,DC,ICICI,ICICI,534262658693125,TXN_SUCCESS,01,Txn Success,GEaUiTIwwhsPOHTe20I2IpLvfO+ew57iHOctY/6/ZXY=,DYNAMIC_QR,cust_30c7131331,C0031
VYOMDEMO0001234567,ORD_VYOM_000315,20260703094905A66BCC319CCCE6,460.00,INR,2026-07-03 09:49:05.0,DC,ICICI,ICICI,449375125208190,TXN_SUCCESS,01,Txn Success,48bkn1YIAnnj1qmhZUGbIOsBjiwrQaumhvZMTCg3Ppc=,DYNAMIC_QR,cust_1ae6b5d45e,C0014
VYOMDEMO0001234567,ORD_VYOM_000064,202607031029075BAD57FEC0ED35,400.00,INR,2026-07-03 10:29:07.0,UPI,UPI,Paytm Payments Bank,251158922525672,TXN_SUCCESS,01,Txn Success,KHa9GJEp1zzx5PTp/0H69+pQAQijLjZZByOky4SYNaA=,DYNAMIC_QR,cust_23bc5b213e,C0004
VYOMDEMO0001234567,ORD_VYOM_001269,20260703115325A56A4913A2C52F,330.00,INR,2026-07-03 11:53:25.0,PPI,WALLET,WALLET,573946300364074,TXN_SUCCESS,01,Txn Success,FMiRfriGFbDWk4lUY7FEVAGtdTq8vzk6eyGjFUGz+Sc=,DYNAMIC_QR,cust_4b0cb4e62f,C0059
VYOMDEMO0001234567,ORD_VYOM_001403,202607031548558982AC74D368A8,500.00,INR,2026-07-03 15:48:55.0,PPI,WALLET,WALLET,243882097392234,TXN_SUCCESS,01,Txn Success,myBT5EIzxR63tv/ZVxrwrBUvwJyfxozwVodWsdMjLBw=,DYNAMIC_QR,cust_63b68fdde8,C0064
VYOMDEMO0001234567,ORD_VYOM_000976,202607031740421F57175DDF377D,490.00,INR,2026-07-03 17:40:42.0,CC,HDFC,HDFC,243430149973854,TXN_SUCCESS,01,Txn Success,oWY7wXdCfnqKAHiSY5Ub8gDBOA7kEIDk8N/SA3pY7XI=,DYNAMIC_QR,cust_3433633783,C0046
VYOMDEMO0001234567,ORD_VYOM_002200,2026070317550104F53F0F12ECBD,250.00,INR,2026-07-03 17:55:01.0,UPI,UPI,Paytm Payments Bank,83255662926798,TXN_SUCCESS,01,Txn Success,I7v5HDRyZswvG8/ZTZ1SRIoFYrcvH0J0+sT/0ypiFLU=,DYNAMIC_QR,cust_a786f5f1aa,C0234
VYOMDEMO0001234567,ORD_VYOM_001503,2026070317550668FED154EE512A,380.00,INR,2026-07-03 17:55:06.0,UPI,UPI,Paytm Payments Bank,491336036581200,TXN_SUCCESS,01,Txn Success,xM56ZKHWiVfMc3A0btgtv3i/gImdUuRR4Wey/TIPmtc=,DYNAMIC_QR,cust_196caee96d,C0071
VYOMDEMO0001234567,ORD_VYOM_001958,20260703181400D0C3DE9C403647,250.00,INR,2026-07-03 18:14:00.0,UPI,UPI,Paytm Payments Bank,562398698885555,TXN_SUCCESS,01,Txn Success,MRLa2dRiiyLjduYYZ3pwsqPTM1VNQHlfpvbjNIDQTJ8=,DYNAMIC_QR,cust_ce8fdf862c,C0153
VYOMDEMO0001234567,ORD_VYOM_000001,20260703184057464E467425BAE0,380.00,INR,2026-07-03 18:40:57.0,UPI,UPI,Paytm Payments Bank,485208965304943,TXN_SUCCESS,01,Txn Success,7v0QCOWG86A2ls1M9gwSdYTSJxNw6bQSuC6f51c+5+o=,DYNAMIC_QR,cust_639130ba19,C0001
VYOMDEMO0001234567,ORD_VYOM_001413,20260703190302F828D3FAC638D5,420.00,INR,2026-07-03 19:03:02.0,UPI,UPI,Paytm Payments Bank,15218191716458,TXN_SUCCESS,01,Txn Success,hWXOZyZT3kaLT3AImXyOj5rxkEQ4AQ4yjsBhM6xhum4=,DYNAMIC_QR,cust_3cb63d84a8,C0065
VYOMDEMO0001234567,ORD_VYOM_001380,2026070319274432AEC3FCB5E1C8,360.00,INR,2026-07-03 19:27:44.0,DC,ICICI,ICICI,3633399017835,TXN_SUCCESS,01,Txn Success,vaB2AdN2Txzp+IlJNG7mlzaS6PYE/DGw701dDqQtn28=,DYNAMIC_QR,cust_6e5ea23889,C0063
VYOMDEMO0001234567,ORD_VYOM_000549,2026070320105805FF5AB9E16FB1,300.00,INR,2026-07-03 20:10:58.0,DC,ICICI,ICICI,377308848126300,TXN_SUCCESS,01,Txn Success,MtiFM616T4a0TVWRGXNNQVmxxfgm/plr0Hyr6J+RPHY=,DYNAMIC_QR,cust_a1b51de3dc,C0027
VYOMDEMO0001234567,ORD_VYOM_000391,202607032033438AF570EA503927,320.00,INR,2026-07-03 20:33:43.0,CC,HDFC,HDFC,818695388433598,TXN_SUCCESS,01,Txn Success,e9Dm/2QrQvKqE3NV86UnFYx3H+eNpuvqe8+15muEyTg=,DYNAMIC_QR,cust_1758aa28d3,C0018
VYOMDEMO0001234567,ORD_VYOM_000865,20260703213346B6F0B47693DE85,300.00,INR,2026-07-03 21:33:46.0,CC,HDFC,HDFC,345022899116312,TXN_SUCCESS,01,Txn Success,tSB1572UkPfQtx76Ek+OSFoXhgn7YgqL6BY3eQiZNa8=,DYNAMIC_QR,cust_e2d64a5dd5,C0042
VYOMDEMO0001234567,ORD_VYOM_000472,20260704082322DA2772D404B498,480.00,INR,2026-07-04 08:23:22.0,UPI,UPI,Paytm Payments Bank,590529935675558,TXN_SUCCESS,01,Txn Success,ScNty+0zFQustBrKOFimq03uJAw3dtZXWwRD6l6sNk4=,DYNAMIC_QR,cust_6e959f4c64,C0023
VYOMDEMO0001234567,ORD_VYOM_001103,2026070408314281D546CB184E27,600.00,INR,2026-07-04 08:31:42.0,DC,ICICI,ICICI,440367709454990,TXN_SUCCESS,01,Txn Success,qfVsSEqhpgEcAxJUrsiAzblXWqgwlyUxLvwDT4v6Eqk=,DYNAMIC_QR,cust_daf1fef437,C0051
VYOMDEMO0001234567,ORD_VYOM_000423,202607040950448DB89C2CFB0768,410.00,INR,2026-07-04 09:50:44.0,DC,ICICI,ICICI,396442460842386,TXN_SUCCESS,01,Txn Success,wN9dp8NEZbxxteWFEBQiZQFGcnXrLiubUHEyxThOJpM=,DYNAMIC_QR,cust_173fc6de8b,C0020
VYOMDEMO0001234567,ORD_VYOM_001765,20260704100845E3FB6EA0028E12,260.00,INR,2026-07-04 10:08:45.0,UPI,UPI,Paytm Payments Bank,906450342662427,TXN_SUCCESS,01,Txn Success,WGVcA/Smfl3F+0a2MJu+cMXltVUIGnmYRatS5A7i/9g=,DYNAMIC_QR,cust_b789d332da,C0114
VYOMDEMO0001234567,ORD_VYOM_001144,20260704141636EE278C22A12FDD,420.00,INR,2026-07-04 14:16:36.0,UPI,UPI,Paytm Payments Bank,752246694765770,TXN_SUCCESS,01,Txn Success,Xjcb3Sy5Df9XZBKZVkm8goXyRhbUZZGE1wfd85iXfYo=,DYNAMIC_QR,cust_82cd81d65f,C0053
VYOMDEMO0001234567,ORD_VYOM_000151,202607041455000A5864981A369E,360.00,INR,2026-07-04 14:55:00.0,UPI,UPI,Paytm Payments Bank,626455473896408,TXN_SUCCESS,01,Txn Success,ITlXXlnorymVWMDqZ2ymsPi0jSf9cOgmBju67fG1phE=,DYNAMIC_QR,cust_8e84008d36,C0008
VYOMDEMO0001234567,ORD_VYOM_000331,20260704155619240C01896A2152,320.00,INR,2026-07-04 15:56:19.0,CC,HDFC,HDFC,563940258110195,TXN_FAILURE,411,Invalid Amount sent to Paytm,Bwly0kTKjf6SeDrgn63js94qo36uNiKiX2qEiM4yA7A=,DYNAMIC_QR,cust_240753abf1,C0015
VYOMDEMO0001234567,ORD_VYOM_001540,2026070416052104CF437FEC6EE9,420.00,INR,2026-07-04 16:05:21.0,UPI,UPI,Paytm Payments Bank,952611277806148,TXN_SUCCESS,01,Txn Success,MjlVNhkcyxnA8JL5BLiJU1ovie+QXbf0Wm5CGbYTEdk=,DYNAMIC_QR,cust_61b01a22c0,C0074
VYOMDEMO0001234567,ORD_VYOM_000210,202607041818438E258E0C646C3D,450.00,INR,2026-07-04 18:18:43.0,PPI,WALLET,WALLET,273531240224394,TXN_SUCCESS,01,Txn Success,haq2s/C6jS/VRt2Me7o0nGakhtAVkwQMnrz+ge+rgDI=,DYNAMIC_QR,cust_785ff6e6b2,C0010
VYOMDEMO0001234567,ORD_VYOM_002140,20260704182115B512FE9CB3E3A3,400.00,INR,2026-07-04 18:21:15.0,CC,HDFC,HDFC,11800482436468,TXN_SUCCESS,01,Txn Success,9FAH88e9yNLF+2zz2EEBa/jz0KgOAMra6qbn83R/CYI=,DYNAMIC_QR,cust_0753906ee5,C0189
VYOMDEMO0001234567,ORD_VYOM_000955,20260704193732900335BDA5B86F,350.00,INR,2026-07-04 19:37:32.0,DC,ICICI,ICICI,86719877706144,TXN_SUCCESS,01,Txn Success,+Gyh/y82E+u1zYd2RFlp4Avxn7QcHqpx+3Z6jO3tzMQ=,DYNAMIC_QR,cust_d544bf3b16,C0045
VYOMDEMO0001234567,ORD_VYOM_001839,20260704203422E857B4148148B6,220.00,INR,2026-07-04 20:34:22.0,PPI,WALLET,WALLET,91250149623211,TXN_SUCCESS,01,Txn Success,5V6xGcMgWHZQscThv0hLYGxykaxsTaRRwG2E5czSzfo=,DYNAMIC_QR,cust_a2033d34f3,C0129
VYOMDEMO0001234567,ORD_VYOM_000135,202607042114405D113E9C8F4CFB,420.00,INR,2026-07-04 21:14:40.0,UPI,UPI,Paytm Payments Bank,424633007938809,TXN_SUCCESS,01,Txn Success,Y1chEDsuh2g1uLfl8504nOo+SpjHVM04lMKdgZYobm8=,DYNAMIC_QR,cust_eabdbf3bc8,C0007
VYOMDEMO0001234567,ORD_VYOM_000367,20260705082937392DFD80DBF40C,400.00,INR,2026-07-05 08:29:37.0,UPI,UPI,Paytm Payments Bank,160511757130940,TXN_SUCCESS,01,Txn Success,lS8VR9YmwxiJftnuJnR0TE2V50bP8MXYb+K7IryTTXI=,DYNAMIC_QR,cust_8fe3b75ae8,C0017
VYOMDEMO0001234567,ORD_VYOM_001058,20260705084436530ED5D8311C09,200.00,INR,2026-07-05 08:44:36.0,CC,HDFC,HDFC,906011318977096,TXN_SUCCESS,01,Txn Success,CNW8PF5kaHUvWtY9pJ1mSMGPyB2w0M5OBmLPNGsmrR8=,DYNAMIC_QR,cust_fc7659f04d,C0049
VYOMDEMO0001234567,ORD_VYOM_001172,2026070509093732BB9804D857B1,460.00,INR,2026-07-05 09:09:37.0,UPI,UPI,Paytm Payments Bank,25354415777112,TXN_SUCCESS,01,Txn Success,Khb5+Qsf3U4pS9PVjWY7TfDvl8bBoON3h/FnOgrVosU=,DYNAMIC_QR,cust_5cd1790ef5,C0054
VYOMDEMO0001234567,ORD_VYOM_000827,202607050941226900C6D55804B0,200.00,INR,2026-07-05 09:41:22.0,UPI,UPI,Paytm Payments Bank,342353824046792,TXN_SUCCESS,01,Txn Success,kZ/g/VLRdw9lxza19G+muljoiwNnHFvgNcVRVSTSoIs=,DYNAMIC_QR,cust_8f7c742c92,C0040
VYOMDEMO0001234567,ORD_VYOM_001453,20260705104625DFC958B3BBCC84,300.00,INR,2026-07-05 10:46:25.0,UPI,UPI,Paytm Payments Bank,623726969594483,TXN_SUCCESS,01,Txn Success,da4+lIPBX3mDgh4Ej3iS5PfiWeE5FveWpPAn/gQr1WI=,DYNAMIC_QR,cust_f5144e6e67,C0068
VYOMDEMO0001234567,ORD_VYOM_000994,2026070511525016B1D42F008CBE,660.00,INR,2026-07-05 11:52:50.0,DC,ICICI,ICICI,565398853845932,TXN_FAILURE,227,Your payment has been declined by your bank.,rfXxhDC6bdOvC0Y2JgZPSrEkg3FM2gYZiz1DTzhZdTo=,DYNAMIC_QR,cust_f966ed1ab1,C0047
VYOMDEMO0001234567,ORD_VYOM_001226,202607051325454DB516C1D6DBDD,450.00,INR,2026-07-05 13:25:45.0,DC,ICICI,ICICI,829520104653801,TXN_FAILURE,810,Payment failed due to a technical error.,Yzsc+5/li5QJ5jl7sF+Fg/PAWT3hSrmigzKRvORZiJ0=,DYNAMIC_QR,cust_f249fd9c9c,C0057
VYOMDEMO0001234567,ORD_VYOM_000792,202607051345567CE147191EFF72,300.00,INR,2026-07-05 13:45:56.0,DC,ICICI,ICICI,427541464775089,TXN_SUCCESS,01,Txn Success,8eLldw8jmpUBwxUcxYUoGhSjR86LyH7NHgLCNlqGNww=,DYNAMIC_QR,cust_0b348a9dd1,C0039
VYOMDEMO0001234567,ORD_VYOM_000623,202607051526529633BB708C6F93,400.00,INR,2026-07-05 15:26:52.0,UPI,UPI,Paytm Payments Bank,658014447064169,TXN_SUCCESS,01,Txn Success,zHPKS30zQRP0TuIMfFN6t7uJNfm6ssbHyWaaTnifWOA=,DYNAMIC_QR,cust_9138b9325b,C0030
VYOMDEMO0001234567,ORD_VYOM_001817,20260705162637AF9802B865B133,460.00,INR,2026-07-05 16:26:37.0,UPI,UPI,Paytm Payments Bank,129646499818069,TXN_SUCCESS,01,Txn Success,PP+flO06Am3dWo/0AGD9Tz34vGfjyXJxs3apX4bbYpE=,DYNAMIC_QR,cust_e41964869d,C0126
VYOMDEMO0001234567,ORD_VYOM_000695,2026070517252426621115256EF2,470.00,INR,2026-07-05 17:25:24.0,UPI,UPI,Paytm Payments Bank,997553546059450,TXN_SUCCESS,01,Txn Success,oikvGAO3dGy5CybL60d6G0mNYcMhL91aKGysVnyS3S0=,DYNAMIC_QR,cust_d4aeae392b,C0034
VYOMDEMO0001234567,ORD_VYOM_000291,20260705174134512DB4FB3245B0,360.00,INR,2026-07-05 17:41:34.0,UPI,UPI,Paytm Payments Bank,470167979643652,TXN_SUCCESS,01,Txn Success,g/asfN5bklFedjLUhaRHpDxu/EOp5pq4pqEJ422/DyU=,DYNAMIC_QR,cust_2db547fcb3,C0013
VYOMDEMO0001234567,ORD_VYOM_001029,2026070518025772FAFFE3389093,240.00,INR,2026-07-05 18:02:57.0,UPI,UPI,Paytm Payments Bank,118308020277331,TXN_SUCCESS,01,Txn Success,iUW9zhsUVjqOtQSQazzGSMm2TUcNtebQEILvCTw1/EI=,DYNAMIC_QR,cust_c3657372a9,C0048
VYOMDEMO0001234567,ORD_VYOM_000889,20260705193959D4F2B5022B2B78,150.00,INR,2026-07-05 19:39:59.0,PPI,WALLET,WALLET,365815753551774,TXN_FAILURE,810,Payment failed due to a technical error.,GGD/vbpL64PKQaSqTXHCDp5XuFMUbej2HDdiriNWyrw=,DYNAMIC_QR,cust_20281afbd7,C0043
VYOMDEMO0001234567,ORD_VYOM_000507,20260705201142F2B615D1F08A01,450.00,INR,2026-07-05 20:11:42.0,UPI,UPI,Paytm Payments Bank,63888303590880,TXN_SUCCESS,01,Txn Success,ye0OKB2P/HIlPEDOmx7OtzThghH9PAOA56d8UgNOArY=,DYNAMIC_QR,cust_f28cbf1be8,C0025
VYOMDEMO0001234567,ORD_VYOM_001568,2026070520540259D5124D249364,350.00,INR,2026-07-05 20:54:02.0,CC,HDFC,HDFC,889795241958057,TXN_SUCCESS,01,Txn Success,6j/Xoi8dhTEz5OO/CHxL+INuIVe4LE7+sHwY8D0V0lw=,DYNAMIC_QR,cust_e8227b8c5e,C0078
VYOMDEMO0001234567,ORD_VYOM_000249,20260706081624C9948804905348,300.00,INR,2026-07-06 08:16:24.0,UPI,UPI,Paytm Payments Bank,783588524179072,TXN_SUCCESS,01,Txn Success,11IBNP05An2mCglyhWF1ylkxpqn2Py8NRdfaDmoTpWs=,DYNAMIC_QR,cust_ca9b9b6adf,C0011
VYOMDEMO0001234567,ORD_VYOM_000002,20260706090830E359062ED432EF,220.00,INR,2026-07-06 09:08:30.0,UPI,UPI,Paytm Payments Bank,384130692301536,TXN_SUCCESS,01,Txn Success,nbtd8Bd2WBq4C4+1YFyqkMBOONmmJE/IaG6Mio1dwLw=,DYNAMIC_QR,cust_639130ba19,C0001
VYOMDEMO0001234567,ORD_VYOM_000658,202607060930275AD63659EC44DF,260.00,INR,2026-07-06 09:30:27.0,PPI,WALLET,WALLET,996403792202269,TXN_SUCCESS,01,Txn Success,73r38B/RI4AJcgooS4Cc5ik4SQBLIO4MrOQEQ5AQr7M=,DYNAMIC_QR,cust_a06e38f5f5,C0032
VYOMDEMO0001234567,ORD_VYOM_001720,20260706101113CD129A58437FDD,300.00,INR,2026-07-06 10:11:13.0,PPI,WALLET,WALLET,657743509224233,TXN_SUCCESS,01,Txn Success,yJqUahpp0qH4ZPu8k0jU1nMroVPC18akUbZRK+Rn5vk=,DYNAMIC_QR,cust_2b0d3219c3,C0107
VYOMDEMO0001234567,ORD_VYOM_001104,202607061132528BF2F7EF240FC1,500.00,INR,2026-07-06 11:32:52.0,DC,ICICI,ICICI,957718777031999,TXN_SUCCESS,01,Txn Success,m/qvWl6sbNnrKHphAfuRI3MQ8zaK6/w+mmoIbfG+aFM=,DYNAMIC_QR,cust_daf1fef437,C0051
VYOMDEMO0001234567,ORD_VYOM_000292,202607061305241D2157F9D1F87C,310.00,INR,2026-07-06 13:05:24.0,DC,ICICI,ICICI,528014719889345,TXN_SUCCESS,01,Txn Success,iQMnlwCYCFUai5Rz5Y+542+oteQz7WcmXO/7L8sOItY=,DYNAMIC_QR,cust_2db547fcb3,C0013
VYOMDEMO0001234567,ORD_VYOM_000185,20260706181807C7B2E030802601,270.00,INR,2026-07-06 18:18:07.0,UPI,UPI,Paytm Payments Bank,442976059047908,TXN_SUCCESS,01,Txn Success,l68foeRcM+GSvDIbp0m7vMGB3CvKrxQIe1hGD+5Whoc=,DYNAMIC_QR,cust_24551de984,C0009
VYOMDEMO0001234567,ORD_VYOM_000752,202607061844573F9863E51F4431,400.00,INR,2026-07-06 18:44:57.0,UPI,UPI,Paytm Payments Bank,533020493893331,TXN_SUCCESS,01,Txn Success,zcirmEpycyAI77znCN+x6kkCmtBucnJhjmnDU/l4Zdw=,DYNAMIC_QR,cust_9a8d00481d,C0037
VYOMDEMO0001234567,ORD_VYOM_002120,202607061940097CFAFD0F6F8AB0,170.00,INR,2026-07-06 19:40:09.0,UPI,UPI,Paytm Payments Bank,202756530076935,TXN_SUCCESS,01,Txn Success,pLDI4t5q3zMuou/WMxfBiHeLVNDUPRqygtsubNVtLcY=,DYNAMIC_QR,cust_8420971346,C0186
VYOMDEMO0001234567,ORD_VYOM_000598,2026070619515477F344A31F603D,300.00,INR,2026-07-06 19:51:54.0,CC,HDFC,HDFC,379039438746062,TXN_SUCCESS,01,Txn Success,1JrFz+SUGndzop2OT4w5Uo2uLThu6B5JcOOaMfV8ZwQ=,DYNAMIC_QR,cust_106abbb9b5,C0029
VYOMDEMO0001234567,ORD_VYOM_000038,20260706204456A7936F0C8E0EEC,300.00,INR,2026-07-06 20:44:56.0,UPI,UPI,Paytm Payments Bank,362757001103493,TXN_SUCCESS,01,Txn Success,fzUd/BjlfBIrTRoJ6IlR/75UymzHASo8/ZSEXEa6CEg=,DYNAMIC_QR,cust_c4796bc897,C0003
VYOMDEMO0001234567,ORD_VYOM_001519,20260706215935D6315D5E5C1C6B,450.00,INR,2026-07-06 21:59:35.0,DC,ICICI,ICICI,751938565705730,TXN_SUCCESS,01,Txn Success,8vwvm+T6eveS3ZZbmtOBnprGUD64k/aobvtlxUMXG9o=,DYNAMIC_QR,cust_2f8f5bb109,C0072
VYOMDEMO0001234567,ORD_VYOM_000550,202607070855057529332DE76317,360.00,INR,2026-07-07 08:55:05.0,CC,HDFC,HDFC,319462107880607,TXN_SUCCESS,01,Txn Success,GsX98ABVBVzO7Uc4U6Sc05ovPRfB7fScPHi4nbMHCIw=,DYNAMIC_QR,cust_a1b51de3dc,C0027
VYOMDEMO0001234567,ORD_VYOM_000642,202607070903598CC0CE84D14F90,360.00,INR,2026-07-07 09:03:59.0,CC,HDFC,HDFC,592109398938818,TXN_SUCCESS,01,Txn Success,yPnN0kY6c2x8PJERfNE5UBMZycflk0z/gTJsYegRS/Y=,DYNAMIC_QR,cust_30c7131331,C0031
VYOMDEMO0001234567,ORD_VYOM_001671,2026070709350985124C05C40F41,300.00,INR,2026-07-07 09:35:09.0,UPI,UPI,Paytm Payments Bank,385556187401080,TXN_SUCCESS,01,Txn Success,SQbmakQDo2Jsv4d51KZBTCBY5UraGZ3oJxmH56I0w4M=,DYNAMIC_QR,cust_727cd2c5c9,C0098
VYOMDEMO0001234567,ORD_VYOM_000117,2026070711034369F9E3413AE045,240.00,INR,2026-07-07 11:03:43.0,UPI,UPI,Paytm Payments Bank,338504022472596,TXN_SUCCESS,01,Txn Success,VzIRYsyAo3M9rRg/g+LxfSFyPRrKezzF1mBRqVw/Plc=,DYNAMIC_QR,cust_4b7feffc40,C0006
VYOMDEMO0001234567,ORD_VYOM_001295,202607071147099BA07C81650F1C,340.00,INR,2026-07-07 11:47:09.0,UPI,UPI,Paytm Payments Bank,462348221786253,TXN_SUCCESS,01,Txn Success,oPdKcFhAkjIsuAHM1A2+Yp4qoHI26dd+aqbtOXtynYE=,DYNAMIC_QR,cust_2658be5647,C0060
VYOMDEMO0001234567,ORD_VYOM_001329,20260707183808E31C72A47DCAE2,280.00,INR,2026-07-07 18:38:08.0,CC,HDFC,HDFC,502491119873744,TXN_SUCCESS,01,Txn Success,1Qo7uKPNxEZmskpDWuBpEkanAAo4Sm/06ivA14O8XEU=,DYNAMIC_QR,cust_33de551bb3,C0061
VYOMDEMO0001234567,ORD_VYOM_001473,20260707184521545E5C7BA653FB,420.00,INR,2026-07-07 18:45:21.0,UPI,UPI,Paytm Payments Bank,128405047836791,TXN_SUCCESS,01,Txn Success,HBZ0pLR5ze/pmwLGP9d48lJYuloQXR4TLRw/rGFKQU0=,DYNAMIC_QR,cust_2775c4cf89,C0069
VYOMDEMO0001234567,ORD_VYOM_001923,2026070718484537412C95EA61C0,80.00,INR,2026-07-07 18:48:45.0,UPI,UPI,Paytm Payments Bank,745071594854197,TXN_SUCCESS,01,Txn Success,kf8fe+HCXh5H3dssmNYpCDom7kpTRNmYVZeBaJEJ6rc=,DYNAMIC_QR,cust_5a59e13d58,C0147
VYOMDEMO0001234567,ORD_VYOM_002008,20260707185934B22E5965E2B511,80.00,INR,2026-07-07 18:59:34.0,UPI,UPI,Paytm Payments Bank,956682959311216,TXN_SUCCESS,01,Txn Success,hxCPmuwulR6zdWO7VQlm5/F7EtDnX3Qd5wuIheHv8T8=,DYNAMIC_QR,cust_1a6a0727b9,C0164
VYOMDEMO0001234567,ORD_VYOM_001618,20260707192814F3FF8175850881,230.00,INR,2026-07-07 19:28:14.0,DC,ICICI,ICICI,986669400606842,TXN_SUCCESS,01,Txn Success,X8ZjZLrjpu+34l7DzEuM/rNdUZ/z8Q3TfJmwU1RiZ5g=,DYNAMIC_QR,cust_e6f4b63a28,C0087
VYOMDEMO0001234567,ORD_VYOM_001528,20260707201350956C13DE1BDAF1,420.00,INR,2026-07-07 20:13:50.0,DC,ICICI,ICICI,215683787160185,TXN_SUCCESS,01,Txn Success,BDxUj47lwK8RT8Io5R+B/iHjB2gWe9Y9HQVxtCT9B2E=,DYNAMIC_QR,cust_da25303e2b,C0073
VYOMDEMO0001234567,ORD_VYOM_001809,202607072026171A83AFFFABC746,300.00,INR,2026-07-07 20:26:17.0,CC,HDFC,HDFC,953293126972078,TXN_SUCCESS,01,Txn Success,8Vn4iY2FzAnmvXRRRNVXRkxqm2hyvOTqLA5RSyPQhGs=,DYNAMIC_QR,cust_35506736a0,C0124
VYOMDEMO0001234567,ORD_VYOM_000088,20260707205508E9770D693BB3E3,350.00,INR,2026-07-07 20:55:08.0,DC,ICICI,ICICI,513707641461406,TXN_SUCCESS,01,Txn Success,qhnTh73fmKEVGvVwzUCe/bnhgvvS2KKA7tGi7sfLoTI=,DYNAMIC_QR,cust_d97b299d31,C0005
VYOMDEMO0001234567,ORD_VYOM_000916,20260707205833383E136267A826,210.00,INR,2026-07-07 20:58:33.0,UPI,UPI,Paytm Payments Bank,900193089579395,TXN_FAILURE,810,Payment failed due to a technical error.,1Pj3HQenKF46qGa2V/hekUQ97klzCZ6dO44DsL3wqIw=,DYNAMIC_QR,cust_a4d97a4e7d,C0044
VYOMDEMO0001234567,ORD_VYOM_001357,202607080800176A9A242432162B,340.00,INR,2026-07-08 08:00:17.0,CC,HDFC,HDFC,275109990669138,TXN_SUCCESS,01,Txn Success,cijitd490YryH/8maMhUKKgLx+eOgv+rVWp5A7Zx2a4=,DYNAMIC_QR,cust_2f66dd2f4f,C0062
VYOMDEMO0001234567,ORD_VYOM_001991,20260708082411ADBD789BB4BAC0,200.00,INR,2026-07-08 08:24:11.0,DC,ICICI,ICICI,170090217967438,TXN_SUCCESS,01,Txn Success,iXym+vJHKKkUNwLz0c643XXAfMZz/4KpgYDK9mH/jjY=,DYNAMIC_QR,cust_6acbbf9b37,C0159
VYOMDEMO0001234567,ORD_VYOM_002035,202607080953559CE1B44B131D13,350.00,INR,2026-07-08 09:53:55.0,UPI,UPI,Paytm Payments Bank,367817282011472,TXN_SUCCESS,01,Txn Success,Z/SA2yXluP6OKILqEio2TeGIqc8iF3TWyz1cGuA4G2E=,DYNAMIC_QR,cust_a3cf8e4c75,C0167
VYOMDEMO0001234567,ORD_VYOM_000793,20260708100540D69AC6A6954823,460.00,INR,2026-07-08 10:05:40.0,UPI,UPI,Paytm Payments Bank,630305275470604,TXN_SUCCESS,01,Txn Success,9JmEuqcQdab9k2K9IKFkWX0PJ2yOe+AiGYsmsYVTqIo=,DYNAMIC_QR,cust_0b348a9dd1,C0039
VYOMDEMO0001234567,ORD_VYOM_001381,2026070811314891CD5A2806FF2B,350.00,INR,2026-07-08 11:31:48.0,UPI,UPI,Paytm Payments Bank,295902845104600,TXN_SUCCESS,01,Txn Success,JTuTZnj3VRX7UX7hbj9mJw4bSUPLMKmwi7PSOQZ+ZzE=,DYNAMIC_QR,cust_6e5ea23889,C0063
VYOMDEMO0001234567,ORD_VYOM_002229,202607081158553B8D946378C0E1,130.00,INR,2026-07-08 11:58:55.0,UPI,UPI,Paytm Payments Bank,941063676327629,TXN_SUCCESS,01,Txn Success,SAKDl44zwsjSe5PBoiwjZMlTb/qdHPZX00rlA3Am7L0=,DYNAMIC_QR,cust_57cfbd566f,C0263
VYOMDEMO0001234567,ORD_VYOM_001613,2026070817191666BF973D93D643,150.00,INR,2026-07-08 17:19:16.0,UPI,UPI,Paytm Payments Bank,572704848382796,TXN_SUCCESS,01,Txn Success,GzbkiYZgFAohIo4CjBbGlZUFaOl7jO95OWKOxSKZBzY=,DYNAMIC_QR,cust_e457527155,C0086
VYOMDEMO0001234567,ORD_VYOM_000436,20260708181649A19DAA459FDB2F,380.00,INR,2026-07-08 18:16:49.0,UPI,UPI,Paytm Payments Bank,611903626873601,TXN_SUCCESS,01,Txn Success,5VtYNUHUvxuaObMfqhkT+n3OLKU6KPziG8w1KS18xHc=,DYNAMIC_QR,cust_bb103c6777,C0021
VYOMDEMO0001234567,ORD_VYOM_001227,20260708184927FF579329247E6A,300.00,INR,2026-07-08 18:49:27.0,DC,ICICI,ICICI,887366844899494,TXN_SUCCESS,01,Txn Success,TR/r6GAl7ATNl4VzoiLxJzY15ACqf3dqiXVCfMs4bJE=,DYNAMIC_QR,cust_f249fd9c9c,C0057
VYOMDEMO0001234567,ORD_VYOM_001687,20260708190803FCE3A811C9544D,190.00,INR,2026-07-08 19:08:03.0,PPI,WALLET,WALLET,996458299106262,TXN_SUCCESS,01,Txn Success,JYy/K7BZZbxEAjD2TBqjNFmaEMNeffqrbZpZh+j4ho0=,DYNAMIC_QR,cust_5b4cae3c81,C0101
VYOMDEMO0001234567,ORD_VYOM_001563,2026070819331162A3CACE6A9314,200.00,INR,2026-07-08 19:33:11.0,DC,ICICI,ICICI,294904218603921,TXN_SUCCESS,01,Txn Success,UcOwCZIfGpwPatGJBrPp/1z+38uUlB74Ljrlx2hld2U=,DYNAMIC_QR,cust_4266a809e4,C0077
VYOMDEMO0001234567,ORD_VYOM_001207,2026070820314955BE97F2657E06,250.00,INR,2026-07-08 20:31:49.0,CC,HDFC,HDFC,104574847220848,TXN_SUCCESS,01,Txn Success,x3rtiE1erzX2dW3I89V4r9tJpE/QSw84YS/x9JBC1Ko=,DYNAMIC_QR,cust_b981b6cff8,C0056
VYOMDEMO0001234567,ORD_VYOM_001495,202607082040208DE9219935E640,380.00,INR,2026-07-08 20:40:20.0,UPI,UPI,Paytm Payments Bank,227268579858808,TXN_SUCCESS,01,Txn Success,Y/T//DEWLY4I80OeNqXryJB1L2lhTEZqSOQSCR8FGVE=,DYNAMIC_QR,cust_6549be84fc,C0070
VYOMDEMO0001234567,ORD_VYOM_000152,2026070821065937F7C0246A66B0,180.00,INR,2026-07-08 21:06:59.0,UPI,UPI,Paytm Payments Bank,570978533221374,TXN_SUCCESS,01,Txn Success,V93v6BFsroQvrb7y+LjYwTGfZzGtkhyn4sZgVcHGYi4=,DYNAMIC_QR,cust_8e84008d36,C0008
VYOMDEMO0001234567,ORD_VYOM_000852,202607082123039B4CA0AEB577F7,300.00,INR,2026-07-08 21:23:03.0,UPI,UPI,Paytm Payments Bank,530291989591406,TXN_SUCCESS,01,Txn Success,RZytX/4ld5gStpbtqz2z9y5lRhArnoXoS2pLR8WWIDw=,DYNAMIC_QR,cust_d212ee719a,C0041
VYOMDEMO0001234567,ORD_VYOM_000269,2026070908245959BA22081B42B2,400.00,INR,2026-07-09 08:24:59.0,PPI,WALLET,WALLET,430968488334331,TXN_SUCCESS,01,Txn Success,zR1vOZ1mnLhljRdPTRotgasC8fuvnUr6MU6afcNCzs0=,DYNAMIC_QR,cust_679aa0bd53,C0012
VYOMDEMO0001234567,ORD_VYOM_001907,2026070909325197824833027F64,360.00,INR,2026-07-09 09:32:51.0,UPI,UPI,Paytm Payments Bank,843441596286890,TXN_FAILURE,227,Your payment has been declined by your bank.,Au3uVYFEZiDq9ALJBp2Rr2NAi6OY7zLb6AgzAIvn2Ag=,DYNAMIC_QR,cust_4062a5bfea,C0143
VYOMDEMO0001234567,ORD_VYOM_000956,20260709094200283091F52C0FFE,250.00,INR,2026-07-09 09:42:00.0,UPI,UPI,Paytm Payments Bank,508701867457420,TXN_SUCCESS,01,Txn Success,KE+00/RaOz/DVVaSXnALOFa1CzK0aO34R0Kpg5laTk4=,DYNAMIC_QR,cust_d544bf3b16,C0045
VYOMDEMO0001234567,ORD_VYOM_001940,2026070910334839C47011713B41,200.00,INR,2026-07-09 10:33:48.0,CC,HDFC,HDFC,889047320566103,TXN_SUCCESS,01,Txn Success,kTk6xdQXfJL4LPWmVEKuGn3ofBlnDmgoAHgk8TyP9l0=,DYNAMIC_QR,cust_ae8f8ca329,C0150
VYOMDEMO0001234567,ORD_VYOM_001030,20260709122833F3E51185780F69,340.00,INR,2026-07-09 12:28:33.0,CC,HDFC,HDFC,60461280031638,TXN_SUCCESS,01,Txn Success,T4I3zw2+jxwXSA/pgsn+wEm/EqAgj9p4XCnmDrzLA2o=,DYNAMIC_QR,cust_c3657372a9,C0048
VYOMDEMO0001234567,ORD_VYOM_000551,20260709125852E050802F1D67F5,130.00,INR,2026-07-09 12:58:52.0,CC,HDFC,HDFC,275959637282957,TXN_SUCCESS,01,Txn Success,xvPRnMGp6+Z/d+FToW0sP/nnxFTWpSBoB6yvPLSgipU=,DYNAMIC_QR,cust_a1b51de3dc,C0027
VYOMDEMO0001234567,ORD_VYOM_001404,20260709130544EDFD3D7113BA7D,260.00,INR,2026-07-09 13:05:44.0,DC,ICICI,ICICI,186035357146541,TXN_SUCCESS,01,Txn Success,YIRS4WMVro7LAoHfvqNCEXPGSkHkO+tojgf7cBScagI=,DYNAMIC_QR,cust_63b68fdde8,C0064
VYOMDEMO0001234567,ORD_VYOM_000392,20260709160019B2E226F8E0421F,350.00,INR,2026-07-09 16:00:19.0,DC,ICICI,ICICI,329956575954454,TXN_SUCCESS,01,Txn Success,fuGMus4AuwcBneMHp1ibELwl+Ujk1VCus6ekMAOCVpo=,DYNAMIC_QR,cust_1758aa28d3,C0018
VYOMDEMO0001234567,ORD_VYOM_001427,202607091616286D5F44A68B874D,380.00,INR,2026-07-09 16:16:28.0,UPI,UPI,Paytm Payments Bank,735325048172304,TXN_SUCCESS,01,Txn Success,bLW3kwJl+z/fLmIG9stmqzjs6sC76yUlWjf+/Vjab+Y=,DYNAMIC_QR,cust_1dc57b77e4,C0066
VYOMDEMO0001234567,ORD_VYOM_000995,20260709181952E680E07254D0D0,570.00,INR,2026-07-09 18:19:52.0,UPI,UPI,Paytm Payments Bank,120828115459991,TXN_SUCCESS,01,Txn Success,5QkXHOBkuvXmEyL/w15VJmadm9bNQt9tsVcEv6+wpnM=,DYNAMIC_QR,cust_f966ed1ab1,C0047
VYOMDEMO0001234567,ORD_VYOM_001932,202607091902167AA4D7C89FE057,260.00,INR,2026-07-09 19:02:16.0,UPI,UPI,Paytm Payments Bank,673996777463376,TXN_SUCCESS,01,Txn Success,Oi8dTOJtslggLble7J+1JarUj7x9WevDhcphPtp4fh4=,DYNAMIC_QR,cust_84f1d1e80b,C0149
VYOMDEMO0001234567,ORD_VYOM_001173,202607091935338B24DFFDB1B9CE,440.00,INR,2026-07-09 19:35:33.0,CC,HDFC,HDFC,324890659899547,TXN_SUCCESS,01,Txn Success,rbH5MRF7x0By6+ezlb72SePXXxPEJ6y6We/GcANQMyE=,DYNAMIC_QR,cust_5cd1790ef5,C0054
VYOMDEMO0001234567,ORD_VYOM_001193,202607091948022325EBB3248AB9,500.00,INR,2026-07-09 19:48:02.0,PPI,WALLET,WALLET,182064688044822,TXN_SUCCESS,01,Txn Success,G6t764j24zLLela4+mvEgfN+G+c81WSJc6YDH5uIF2w=,DYNAMIC_QR,cust_4b274e83b3,C0055
VYOMDEMO0001234567,ORD_VYOM_000473,20260709202839F00DAB6EC44182,200.00,INR,2026-07-09 20:28:39.0,CC,HDFC,HDFC,528833393855669,TXN_SUCCESS,01,Txn Success,/1kY2qforXBVH2J4OWI+0YDm06lnlrsEwb3+zbPYjdI=,DYNAMIC_QR,cust_6e959f4c64,C0023
VYOMDEMO0001234567,ORD_VYOM_001439,20260709205048457196272AC6F6,400.00,INR,2026-07-09 20:50:48.0,UPI,UPI,Paytm Payments Bank,903620113138637,TXN_SUCCESS,01,Txn Success,6Xr3wrg4wWwOKfcWGlxN7oZc51cE89lUV1Joi/XsOGI=,DYNAMIC_QR,cust_0190a5b25c,C0067
VYOMDEMO0001234567,ORD_VYOM_002249,20260709212510330724FBEB1531,300.00,INR,2026-07-09 21:25:10.0,UPI,UPI,Paytm Payments Bank,83889648182354,TXN_SUCCESS,01,Txn Success,5DZH/gp9nBRbYxnY1PV8gb2ZRHjeXxZpEvEHYJAvSOU=,DYNAMIC_QR,cust_e6bb21256f,C0283
VYOMDEMO0001234567,ORD_VYOM_000332,20260709213235484BA20443C0F9,250.00,INR,2026-07-09 21:32:35.0,UPI,UPI,Paytm Payments Bank,81291325687204,TXN_SUCCESS,01,Txn Success,DuX6DkjFf2HZ/JZGeUV59/TbZgDCL5dYihLQ4MK09nU=,DYNAMIC_QR,cust_240753abf1,C0015
VYOMDEMO0001234567,ORD_VYOM_001270,2026070921433632A24163629CFB,340.00,INR,2026-07-09 21:43:36.0,UPI,UPI,Paytm Payments Bank,631793040609767,TXN_SUCCESS,01,Txn Success,u5GJG5lbUHzGeYM/7SvU5bjPBTMsypgwmxJwWk60u00=,DYNAMIC_QR,cust_4b0cb4e62f,C0059
VYOMDEMO0001234567,ORD_VYOM_001710,20260709215155ADD05C14462709,310.00,INR,2026-07-09 21:51:55.0,CC,HDFC,HDFC,924902106212583,TXN_SUCCESS,01,Txn Success,HgBoWW+gBCuPePASrSmxyiltUQdGqtsGw4S824XcwB4=,DYNAMIC_QR,cust_14d4752a6b,C0105
VYOMDEMO0001234567,ORD_VYOM_000065,202607100922540C2E23EEF3919D,560.00,INR,2026-07-10 09:22:54.0,PPI,WALLET,WALLET,271382859866534,TXN_SUCCESS,01,Txn Success,86g9AwMZyG1AEo3BMKZDreFb5Vyv0tkQMYWSEQPQ5Ao=,DYNAMIC_QR,cust_23bc5b213e,C0004
VYOMDEMO0001234567,ORD_VYOM_000890,202607100949290AE5A87A593EBD,280.00,INR,2026-07-10 09:49:29.0,DC,ICICI,ICICI,229605991611790,TXN_SUCCESS,01,Txn Success,Jq8eODrYoZ/YxMR4eFoqYPtzV1b7bkRGpBdJJu9vaRg=,DYNAMIC_QR,cust_20281afbd7,C0043
VYOMDEMO0001234567,ORD_VYOM_000136,202607101040565773C0FA54437D,550.00,INR,2026-07-10 10:40:56.0,PPI,WALLET,WALLET,595590929402053,TXN_SUCCESS,01,Txn Success,Kl8b7oyaixOcrppEiMp1c/qfaylvdB3O3soJvL+b4/w=,DYNAMIC_QR,cust_eabdbf3bc8,C0007
VYOMDEMO0001234567,ORD_VYOM_001806,202607101451450249F3485F8DE5,320.00,INR,2026-07-10 14:51:45.0,CC,HDFC,HDFC,920334643075412,TXN_SUCCESS,01,Txn Success,Tfn7OcLtjc7cAUnMV07xNA1zSBv5Mv9WdTQ2uV3KJOY=,DYNAMIC_QR,cust_3b4a9b36db,C0123
VYOMDEMO0001234567,ORD_VYOM_001589,202607101609342B0C8D1E7BF291,250.00,INR,2026-07-10 16:09:34.0,DC,ICICI,ICICI,733084969690347,TXN_SUCCESS,01,Txn Success,Sk8GsZF5pxiy67sb05a8G7Y0dobOFFdWNpqZOE75epw=,DYNAMIC_QR,cust_72f28a419b,C0082
VYOMDEMO0001234567,ORD_VYOM_001059,202607101820296C924F536DC189,200.00,INR,2026-07-10 18:20:29.0,UPI,UPI,Paytm Payments Bank,963858059222789,TXN_SUCCESS,01,Txn Success,JYvV4nibLLLPMn6oBCOVXsONUOHerGwPWroH2AVxCpw=,DYNAMIC_QR,cust_fc7659f04d,C0049
VYOMDEMO0001234567,ORD_VYOM_000406,20260710202031336396339D1D0F,280.00,INR,2026-07-10 20:20:31.0,CC,HDFC,HDFC,134223990053008,TXN_SUCCESS,01,Txn Success,nHT14YM2PuocGohL401Pe0NlkuV3ErIDiE3P2FAOiVs=,DYNAMIC_QR,cust_7504516d8c,C0019
VYOMDEMO0001234567,ORD_VYOM_001296,20260710203021C953ABB3F57B3B,250.00,INR,2026-07-10 20:30:21.0,UPI,UPI,Paytm Payments Bank,520194962031946,TXN_SUCCESS,01,Txn Success,hRBKmXEP0jm7vyl5uYmubWhVSPEw0VyZepjRC5sjK2Q=,DYNAMIC_QR,cust_2658be5647,C0060
VYOMDEMO0001234567,ORD_VYOM_002282,20260710203044C59E276F28F149,230.00,INR,2026-07-10 20:30:44.0,UPI,UPI,Paytm Payments Bank,5982253038767,TXN_SUCCESS,01,Txn Success,KeK4awXcz0vgr59NvERA3J7s62qoXQn6F7f1qKkhbBQ=,DYNAMIC_QR,cust_745024a518,C0318
VYOMDEMO0001234567,ORD_VYOM_002144,202607102056262BADC779AF0DFA,300.00,INR,2026-07-10 20:56:26.0,UPI,UPI,Paytm Payments Bank,152675040784648,TXN_SUCCESS,01,Txn Success,XDtE4sN7rr8Hvx9G3fLiyxiAm36gVn5mHVy3zzUK2Aw=,DYNAMIC_QR,cust_6df5a566e8,C0190
VYOMDEMO0001234567,ORD_VYOM_002102,20260710213053F76CB3A28E3E55,130.00,INR,2026-07-10 21:30:53.0,UPI,UPI,Paytm Payments Bank,711114484456852,TXN_SUCCESS,01,Txn Success,WkvV9n7w8C9idzhXTGJeE+C/ZM9p98734ujyosHX4Qs=,DYNAMIC_QR,cust_870942d0e6,C0181
VYOMDEMO0001234567,ORD_VYOM_000719,202607102149448ABDA202C0C746,610.00,INR,2026-07-10 21:49:44.0,UPI,UPI,Paytm Payments Bank,187222302223826,TXN_SUCCESS,01,Txn Success,cCw5h9Dq72zjNEbPlTwWq3cXw7SaA/D4SS3Z6GsPZ1w=,DYNAMIC_QR,cust_37d415cd87,C0035
VYOMDEMO0001234567,ORD_VYOM_001575,2026071109152898C11AFFF15804,140.00,INR,2026-07-11 09:15:28.0,UPI,UPI,Paytm Payments Bank,873390846362412,TXN_SUCCESS,01,Txn Success,/6QODupEftb8nK3dufq2ZtTzQghK39d35cKRPVOhqUc=,DYNAMIC_QR,cust_0f60f6842b,C0079
VYOMDEMO0001234567,ORD_VYOM_001983,2026071109205919251EF911E082,180.00,INR,2026-07-11 09:20:59.0,UPI,UPI,Paytm Payments Bank,144621124855830,TXN_SUCCESS,01,Txn Success,9q1KNVt2n3CZaF3+tK/aHDlkymmyQUFQztO6cqA/8yM=,DYNAMIC_QR,cust_5669b8558f,C0158
VYOMDEMO0001234567,ORD_VYOM_001857,2026071110344850CF1571863D44,300.00,INR,2026-07-11 10:34:48.0,DC,ICICI,ICICI,5121164156998,TXN_SUCCESS,01,Txn Success,Twi52DweDxc0Q4+ifQnRoK+X/mwFPcFKJ55k2AiY0zA=,DYNAMIC_QR,cust_0394d626dc,C0133
VYOMDEMO0001234567,ORD_VYOM_001878,20260711105245B9F8D703D1E3C9,280.00,INR,2026-07-11 10:52:45.0,UPI,UPI,Paytm Payments Bank,180877742967537,TXN_SUCCESS,01,Txn Success,/JaIYNkooOOv1YxehLih5gDO+3ck0uNHwP9W2GHnWwo=,DYNAMIC_QR,cust_9be65df5a3,C0136
VYOMDEMO0001234567,ORD_VYOM_001998,20260711111247ECB6B19100151C,140.00,INR,2026-07-11 11:12:47.0,UPI,UPI,Paytm Payments Bank,46907346690994,TXN_SUCCESS,01,Txn Success,HbSFP3u2oE58NmSAIh422raEc3/J1B2rxHbWEGX4aeM=,DYNAMIC_QR,cust_3594fc7200,C0162
VYOMDEMO0001234567,ORD_VYOM_001145,20260711112345B4FD39DB09A45A,350.00,INR,2026-07-11 11:23:45.0,UPI,UPI,Paytm Payments Bank,396405269622282,TXN_SUCCESS,01,Txn Success,mjt9qF6Zxr+KHaWmcOJrth3wvrSx6IkaqDzTCDo5k9o=,DYNAMIC_QR,cust_82cd81d65f,C0053
VYOMDEMO0001234567,ORD_VYOM_000293,20260711133936015514169B78EB,330.00,INR,2026-07-11 13:39:36.0,UPI,UPI,Paytm Payments Bank,620637244498707,TXN_SUCCESS,01,Txn Success,aev9G+aoKmg1OgrR5ka/JTVZTbaZr/jswJK7NbDjALs=,DYNAMIC_QR,cust_2db547fcb3,C0013
VYOMDEMO0001234567,ORD_VYOM_000250,202607111530568D25B6375C91C5,240.00,INR,2026-07-11 15:30:56.0,UPI,UPI,Paytm Payments Bank,379010269342636,TXN_SUCCESS,01,Txn Success,vutOeYayzhlIDMS5ohnvOHlPsX0oaTRxHA7yRo/ZC0Q=,DYNAMIC_QR,cust_ca9b9b6adf,C0011
VYOMDEMO0001234567,ORD_VYOM_002172,20260711175859C4E16D06913B43,150.00,INR,2026-07-11 17:58:59.0,DC,ICICI,ICICI,979560372921293,TXN_SUCCESS,01,Txn Success,rDII70ap25IOqu7MvDGFHGONLi2VApqS9mgwuDS8XvM=,DYNAMIC_QR,cust_7e6abfe538,C0206
VYOMDEMO0001234567,ORD_VYOM_000368,20260711191045F4F90D035E5B3D,350.00,INR,2026-07-11 19:10:45.0,UPI,UPI,Paytm Payments Bank,434909988032624,TXN_SUCCESS,01,Txn Success,ICQrBIXv+XKOl9F/t4G5naGqtj9m/OOh5ESfFUcPRTE=,DYNAMIC_QR,cust_8fe3b75ae8,C0017
VYOMDEMO0001234567,ORD_VYOM_000508,20260711191532413BA8A92E84E3,440.00,INR,2026-07-11 19:15:32.0,CC,HDFC,HDFC,531533441572684,TXN_SUCCESS,01,Txn Success,XN3afRgJJy5iQ7ujz6/xBjyu5fJ95zdE/lnGQ+aLCvw=,DYNAMIC_QR,cust_f28cbf1be8,C0025
VYOMDEMO0001234567,ORD_VYOM_000211,20260711192045C548F8D97CF414,500.00,INR,2026-07-11 19:20:45.0,DC,ICICI,ICICI,273108462209440,TXN_SUCCESS,01,Txn Success,CZA5ibSAeOk8THb8BYWF1seqmMS/ycyewVAx31u7fSw=,DYNAMIC_QR,cust_785ff6e6b2,C0010
VYOMDEMO0001234567,ORD_VYOM_001727,202607111928563D0EC8572F84A7,280.00,INR,2026-07-11 19:28:56.0,UPI,UPI,Paytm Payments Bank,780926380500677,TXN_SUCCESS,01,Txn Success,AUueDDwl/dXgpop4NyUi/uF69k6qx4TJlXeGOe9gJfA=,DYNAMIC_QR,cust_69691cd29b,C0108
VYOMDEMO0001234567,ORD_VYOM_000186,20260711201222569BB90A2A8BDD,300.00,INR,2026-07-11 20:12:22.0,DC,ICICI,ICICI,433911361531945,TXN_SUCCESS,01,Txn Success,210qEAFsZQ3DIPgkU7BYwarcuxCvYhw0JRAtLdlRQlQ=,DYNAMIC_QR,cust_24551de984,C0009
VYOMDEMO0001234567,ORD_VYOM_000866,2026071120270231D6759E9FBE32,300.00,INR,2026-07-11 20:27:02.0,UPI,UPI,Paytm Payments Bank,967415977407322,TXN_SUCCESS,01,Txn Success,Sw6mLAFA+9tCCrwShdm5Uc3Fl+WT4uoeVnhIXhJnoeo=,DYNAMIC_QR,cust_e2d64a5dd5,C0042
VYOMDEMO0001234567,ORD_VYOM_000437,20260712080242B707B2273E861D,260.00,INR,2026-07-12 08:02:42.0,PPI,WALLET,WALLET,507459702657626,TXN_SUCCESS,01,Txn Success,ZUJ4XQoll74wrAGVgHONiyFoYQILSHko08QTjt/b9Io=,DYNAMIC_QR,cust_bb103c6777,C0021
VYOMDEMO0001234567,ORD_VYOM_000996,202607120824248E147477641F0D,300.00,INR,2026-07-12 08:24:24.0,UPI,UPI,Paytm Payments Bank,100604178119129,TXN_SUCCESS,01,Txn Success,+RmryaLBJVPiNCDZt1AJZMWXcicrz58LLrNujPgqGKM=,DYNAMIC_QR,cust_f966ed1ab1,C0047
VYOMDEMO0001234567,ORD_VYOM_000316,20260712084109000D4104E6237C,540.00,INR,2026-07-12 08:41:09.0,UPI,UPI,Paytm Payments Bank,658106145188266,TXN_SUCCESS,01,Txn Success,iP/9zxuurr95ubzHWg8Np/qfnAA3+bOIXYNw4QGHsCg=,DYNAMIC_QR,cust_1ae6b5d45e,C0014
VYOMDEMO0001234567,ORD_VYOM_000599,20260712093831AF7D493A4B2C8A,340.00,INR,2026-07-12 09:38:31.0,DC,ICICI,ICICI,847683203228545,TXN_SUCCESS,01,Txn Success,rtE90VC3R+COeJm0yup0TEPSKDGZPkHfsz+r5FiTDxM=,DYNAMIC_QR,cust_106abbb9b5,C0029
VYOMDEMO0001234567,ORD_VYOM_002187,2026071209523275F1E2392E11A7,50.00,INR,2026-07-12 09:52:32.0,UPI,UPI,Paytm Payments Bank,77274151086129,TXN_SUCCESS,01,Txn Success,a5lAJXugx+RrNrk9v1h5+Gy0b8BdYgZ8XWPDzlK9gK0=,DYNAMIC_QR,cust_904a2a2b44,C0221
VYOMDEMO0001234567,ORD_VYOM_000828,202607121003403B6E0594C34BBD,160.00,INR,2026-07-12 10:03:40.0,UPI,UPI,Paytm Payments Bank,448915155973132,TXN_SUCCESS,01,Txn Success,q5JcZ5t9xf6UHqsFYeUYTs7Wlw9G+6F6zbJI2H/ayW4=,DYNAMIC_QR,cust_8f7c742c92,C0040
VYOMDEMO0001234567,ORD_VYOM_000696,2026071210100613689ED2E8C9A9,500.00,INR,2026-07-12 10:10:06.0,UPI,UPI,Paytm Payments Bank,297089790181885,TXN_SUCCESS,01,Txn Success,HsY4zVM0LC5MhfEXLpEwlZN56aujyKSYGjLmmXefw50=,DYNAMIC_QR,cust_d4aeae392b,C0034
VYOMDEMO0001234567,ORD_VYOM_001950,20260712102414B828798F1C93D0,260.00,INR,2026-07-12 10:24:14.0,UPI,UPI,Paytm Payments Bank,587867791997163,TXN_SUCCESS,01,Txn Success,35knQrNLTld8P8RFdZueDrlgYYlvkwBzU++IHuUk4mk=,DYNAMIC_QR,cust_0137d9f5bc,C0151
VYOMDEMO0001234567,ORD_VYOM_002025,20260712123756C531C5BB5556FB,250.00,INR,2026-07-12 12:37:56.0,UPI,UPI,Paytm Payments Bank,100658685023122,TXN_SUCCESS,01,Txn Success,jGdG94zaEG0H92R/ptHPt4XBqwm5jsRdOcDntwSyQD8=,DYNAMIC_QR,cust_b4af432e1d,C0166
VYOMDEMO0001234567,ORD_VYOM_000624,20260712140247665EA1D95D9AF9,350.00,INR,2026-07-12 14:02:47.0,UPI,UPI,Paytm Payments Bank,678238384405031,TXN_SUCCESS,01,Txn Success,Da8kiDvKEdmBagPxrzMuu+1m+XBIWN0Lx0QRAOB5Ngg=,DYNAMIC_QR,cust_9138b9325b,C0030
VYOMDEMO0001234567,ORD_VYOM_000153,20260712162256C1226FC91AEC14,250.00,INR,2026-07-12 16:22:56.0,UPI,UPI,Paytm Payments Bank,451615203690147,TXN_SUCCESS,01,Txn Success,CAV7s6KoV5Z++jDC2gjSxEwPzK0a6l7rlrfSH3OkclM=,DYNAMIC_QR,cust_8e84008d36,C0008
VYOMDEMO0001234567,ORD_VYOM_000794,20260712163151F3B2C85D4F53D4,440.00,INR,2026-07-12 16:31:51.0,PPI,WALLET,WALLET,688152015716297,TXN_SUCCESS,01,Txn Success,SzYdtIJwI0cEhzyjZ9r2BS/UYUcxl7/s9qDzmmTno4c=,DYNAMIC_QR,cust_0b348a9dd1,C0039
VYOMDEMO0001234567,ORD_VYOM_001208,20260712192741607658D0D93D79,350.00,INR,2026-07-12 19:27:41.0,UPI,UPI,Paytm Payments Bank,404111091343283,TXN_SUCCESS,01,Txn Success,qs+zrASecSnS67u4YmylpgtiTNyl8t6+/oS5cfedwn4=,DYNAMIC_QR,cust_b981b6cff8,C0056
VYOMDEMO0001234567,ORD_VYOM_001646,20260712201206109F9988CF91D8,330.00,INR,2026-07-12 20:12:06.0,CC,HDFC,HDFC,555001006224594,TXN_SUCCESS,01,Txn Success,PIHv3BScOIgaP2rZZvalMCo7djT8rFmmiaVicwADMZ4=,DYNAMIC_QR,cust_3e84afa8ec,C0094
VYOMDEMO0001234567,ORD_VYOM_000917,20260712204619B8F1F22DEDB041,350.00,INR,2026-07-12 20:46:19.0,CC,HDFC,HDFC,600656845456960,TXN_SUCCESS,01,Txn Success,rOSd5lcH18ttkQRgwhoe/ZYAiM0DHDC1WJMNMJHDtec=,DYNAMIC_QR,cust_a4d97a4e7d,C0044
VYOMDEMO0001234567,ORD_VYOM_002071,202607130821550526D9C35CF7DA,240.00,INR,2026-07-13 08:21:55.0,CC,HDFC,HDFC,930569208253782,TXN_SUCCESS,01,Txn Success,x4aJ46usC0s4zo2vsZUK1VAmpWSFj+87sq/Y51Os3bw=,DYNAMIC_QR,cust_e15240849f,C0175
VYOMDEMO0001234567,ORD_VYOM_000089,202607130841107E7DB8538A64BF,250.00,INR,2026-07-13 08:41:10.0,CC,HDFC,HDFC,81714103702158,TXN_SUCCESS,01,Txn Success,UrUdEv0/M8TFE8eU7rzr9Sz3Ze4t4+BM1h+JOSp1TBA=,DYNAMIC_QR,cust_d97b299d31,C0005
VYOMDEMO0001234567,ORD_VYOM_001787,20260713090252BED87355442C5B,320.00,INR,2026-07-13 09:02:52.0,DC,ICICI,ICICI,889644114601555,TXN_FAILURE,411,Invalid Amount sent to Paytm,3TmF9D8Dk65USFelIDHiGH3lbMniIE0n7Z03wV/AmfQ=,DYNAMIC_QR,cust_a2e7f35d30,C0117
VYOMDEMO0001234567,ORD_VYOM_000251,20260713091023321CDFDAD9D2F1,250.00,INR,2026-07-13 09:10:23.0,CC,HDFC,HDFC,307216699963287,TXN_SUCCESS,01,Txn Success,CVyH+tiZ36Kr+sPovswPuUZbE1qCYR+Jx7FTP8TlDXc=,DYNAMIC_QR,cust_ca9b9b6adf,C0011
VYOMDEMO0001234567,ORD_VYOM_001695,20260713091227C4C3E089B4B43D,160.00,INR,2026-07-13 09:12:27.0,UPI,UPI,Paytm Payments Bank,21927392217870,TXN_SUCCESS,01,Txn Success,wbhEtFyKEc8yXIA9OQRNQTr+IwXkHTRqeyuSHWLwnRM=,DYNAMIC_QR,cust_e5084e5c52,C0102
VYOMDEMO0001234567,ORD_VYOM_001105,202607130913191B18D6F53A6648,380.00,INR,2026-07-13 09:13:19.0,UPI,UPI,Paytm Payments Bank,637702968131565,TXN_SUCCESS,01,Txn Success,s191crbkE5Tzmkv0W637upTvp2fmJyHugH8kPy4lsPc=,DYNAMIC_QR,cust_daf1fef437,C0051
VYOMDEMO0001234567,ORD_VYOM_000066,202607131039374AFFB0FC4A9242,420.00,INR,2026-07-13 10:39:37.0,UPI,UPI,Paytm Payments Bank,414844109439389,TXN_SUCCESS,01,Txn Success,AeTyDYGRg7pGXzRdYjVTMeroUCYAVvZT4/E9UpLMIko=,DYNAMIC_QR,cust_23bc5b213e,C0004
VYOMDEMO0001234567,ORD_VYOM_001271,202607131044006E8E99B2C75E9F,180.00,INR,2026-07-13 10:44:00.0,CC,HDFC,HDFC,652016977950629,TXN_SUCCESS,01,Txn Success,1CMpf7We07E4i/XsUKQFuAktZEr+dPpLikSAfmtZLak=,DYNAMIC_QR,cust_4b0cb4e62f,C0059
VYOMDEMO0001234567,ORD_VYOM_002224,20260713112150F78C6E57E6EB70,200.00,INR,2026-07-13 11:21:50.0,PPI,WALLET,WALLET,895951482637740,TXN_FAILURE,810,Payment failed due to a technical error.,qKfnYMLKxJhWGkIlFXGcVvQzaTP0CqwchbYnWLpS1hM=,DYNAMIC_QR,cust_436fc8cc9b,C0258
VYOMDEMO0001234567,ORD_VYOM_001358,2026071311411272D9A91CAA7C61,260.00,INR,2026-07-13 11:41:12.0,CC,HDFC,HDFC,349600389351251,TXN_SUCCESS,01,Txn Success,ELwRRluCah6m9KIUqhp2XfcnJcuIM9QbkpVuw1a4VCE=,DYNAMIC_QR,cust_2f66dd2f4f,C0062
VYOMDEMO0001234567,ORD_VYOM_000977,202607131234554D8B8ADAF01066,400.00,INR,2026-07-13 12:34:55.0,DC,ICICI,ICICI,709374579557838,TXN_SUCCESS,01,Txn Success,9vgTiVqkieNc2Qab9kFIoEjvBiOmo5bQOhcqMEG0VvM=,DYNAMIC_QR,cust_3433633783,C0046
VYOMDEMO0001234567,ORD_VYOM_001996,20260713143928C3591D5F6EEB4B,320.00,INR,2026-07-13 14:39:28.0,CC,HDFC,HDFC,124978024277549,TXN_SUCCESS,01,Txn Success,cDSD2rLbdNtrQ+dw14i+8EhYbiFKsYIGUw6Fga0Z2Bg=,DYNAMIC_QR,cust_78068e26be,C0161
VYOMDEMO0001234567,ORD_VYOM_000753,20260713175445605953C53F1BA8,400.00,INR,2026-07-13 17:54:45.0,UPI,UPI,Paytm Payments Bank,475173753647638,TXN_SUCCESS,01,Txn Success,friv3BN33XBMM2mvZs1Ec/mZIN4Ceeof89SdektDkRk=,DYNAMIC_QR,cust_9a8d00481d,C0037
VYOMDEMO0001234567,ORD_VYOM_001504,20260713195255DD16EBC6631204,280.00,INR,2026-07-13 19:52:55.0,UPI,UPI,Paytm Payments Bank,194890932724723,TXN_SUCCESS,01,Txn Success,raFyoOUZSIPOtlssTFBK9vpHs5fhHl6FbcfqPaEmpHo=,DYNAMIC_QR,cust_196caee96d,C0071
VYOMDEMO0001234567,ORD_VYOM_001454,202607131956150982693D9D7D13,280.00,INR,2026-07-13 19:56:15.0,PPI,WALLET,WALLET,681573709840176,TXN_SUCCESS,01,Txn Success,HPIvXYcg95YFJkGMMLgi9M36BOgGVO8AeWPcqNhmt+Q=,DYNAMIC_QR,cust_f5144e6e67,C0068
VYOMDEMO0001234567,ORD_VYOM_001060,20260713195806B82352E5C6BA5E,270.00,INR,2026-07-13 19:58:06.0,CC,HDFC,HDFC,184793905165263,TXN_SUCCESS,01,Txn Success,jzoBexT7kuga0fcXzZSpF5YPq5/RC9QriQWvk1Gb0BQ=,DYNAMIC_QR,cust_fc7659f04d,C0049
VYOMDEMO0001234567,ORD_VYOM_000535,20260713203631C8969609C7C8D4,400.00,INR,2026-07-13 20:36:31.0,PPI,WALLET,WALLET,477782103240556,TXN_SUCCESS,01,Txn Success,iv0Wzeo72m4176IFMgvfEUXjdgKPV12QLLxpFk+N3Ik=,DYNAMIC_QR,cust_41941dbbd4,C0026
VYOMDEMO0001234567,ORD_VYOM_000957,2026071320410651D073A477C70F,420.00,INR,2026-07-13 20:41:06.0,PPI,WALLET,WALLET,566548607703113,TXN_SUCCESS,01,Txn Success,QEz3n7H8co0Z6xL3jN0zHMflpZ/18CdjHJ0Z/SrvHdU=,DYNAMIC_QR,cust_d544bf3b16,C0045
VYOMDEMO0001234567,ORD_VYOM_000424,202607132048264E815FB5B6BF8B,420.00,INR,2026-07-13 20:48:26.0,UPI,UPI,Paytm Payments Bank,199008453724604,TXN_SUCCESS,01,Txn Success,WpmnyJkib4O6sVP3c5EuWVcs5M0WHxDgBu0Jdoybytw=,DYNAMIC_QR,cust_173fc6de8b,C0020
VYOMDEMO0001234567,ORD_VYOM_001520,20260714080120E0A7FEF9AE1204,300.00,INR,2026-07-14 08:01:20.0,CC,HDFC,HDFC,39330414314194,TXN_SUCCESS,01,Txn Success,azA/LWvG53pAZr/cUPQlZF8egX2xlIYlwbYPwjkdJEA=,DYNAMIC_QR,cust_2f8f5bb109,C0072
VYOMDEMO0001234567,ORD_VYOM_000659,202607140906306B2F7844963AAE,320.00,INR,2026-07-14 09:06:30.0,CC,HDFC,HDFC,295940036324704,TXN_SUCCESS,01,Txn Success,F/lvqYfVn7c02p3/e5NqsN7kWCXKaHZ6LgKgaRBqqtM=,DYNAMIC_QR,cust_a06e38f5f5,C0032
VYOMDEMO0001234567,ORD_VYOM_001297,2026071409560949A8F55A8C6B4E,300.00,INR,2026-07-14 09:56:09.0,UPI,UPI,Paytm Payments Bank,846271825810680,TXN_SUCCESS,01,Txn Success,n67ybuNPMlWI4Oxi8QIpfUP4PLqpyKDudO3bOA5fNSE=,DYNAMIC_QR,cust_2658be5647,C0060
VYOMDEMO0001234567,ORD_VYOM_000137,20260714101544856365D47B7852,330.00,INR,2026-07-14 10:15:44.0,UPI,UPI,Paytm Payments Bank,653437669647746,TXN_SUCCESS,01,Txn Success,57Mi8/Avi3igyQ4TBdiH2wc8wtaZXg084sTnRIRJnHk=,DYNAMIC_QR,cust_eabdbf3bc8,C0007
VYOMDEMO0001234567,ORD_VYOM_001428,2026071410330469C873A0D1D426,390.00,INR,2026-07-14 10:33:04.0,DC,ICICI,ICICI,793171788417997,TXN_SUCCESS,01,Txn Success,JKBTcbptNRsjtrV8uMCmOSgARQg0m2XiVQXmc5ozeIQ=,DYNAMIC_QR,cust_1dc57b77e4,C0066
VYOMDEMO0001234567,ORD_VYOM_001678,20260714103531C8EDBCA896D442,200.00,INR,2026-07-14 10:35:31.0,CC,HDFC,HDFC,508739058677524,TXN_SUCCESS,01,Txn Success,Ed9pa9v+cGXcGPJ+9DzDAn1KRupr+A2hMpPhYjLIo30=,DYNAMIC_QR,cust_db670996ed,C0099
VYOMDEMO0001234567,ORD_VYOM_000003,20260714103746D8C79E4EA3E871,300.00,INR,2026-07-14 10:37:46.0,UPI,UPI,Paytm Payments Bank,441977432547229,TXN_SUCCESS,01,Txn Success,duduRCRA/TZgJFqrPHEds9BxxFAeetXv4BX2ROjs0mA=,DYNAMIC_QR,cust_639130ba19,C0001
VYOMDEMO0001234567,ORD_VYOM_001541,202607141254533849F5C8F5D267,360.00,INR,2026-07-14 12:54:53.0,PPI,WALLET,WALLET,196040686581904,TXN_SUCCESS,01,Txn Success,qy3cw0WX85T31PNznYil+G80t3crGVRUkstdjeJDfyA=,DYNAMIC_QR,cust_61b01a22c0,C0074
VYOMDEMO0001234567,ORD_VYOM_002015,20260714182531A5817DE504DCD4,360.00,INR,2026-07-14 18:25:31.0,UPI,UPI,Paytm Payments Bank,166499911965228,TXN_SUCCESS,01,Txn Success,wh8T211TP4Gw3ZcMaIpAGvUngcXAto50YCuNyUkHUaE=,DYNAMIC_QR,cust_e008798f73,C0165
VYOMDEMO0001234567,ORD_VYOM_000643,2026071418375321816E8A34F9E8,300.00,INR,2026-07-14 18:37:53.0,UPI,UPI,Paytm Payments Bank,556542565449234,TXN_SUCCESS,01,Txn Success,YMyZb8TEAStY0CsGEF9ReInm3ZVJlSk8PmKmUN7MU5g=,DYNAMIC_QR,cust_30c7131331,C0031
VYOMDEMO0001234567,ORD_VYOM_001174,20260714192054D15A9EAD826A34,240.00,INR,2026-07-14 19:20:54.0,DC,ICICI,ICICI,627914069632145,TXN_SUCCESS,01,Txn Success,ku84FPzqqbPTq0v+ZcVPZhTs+BnF7XnZLi/yKurCiKE=,DYNAMIC_QR,cust_5cd1790ef5,C0054
VYOMDEMO0001234567,ORD_VYOM_001748,2026071419372525A667AB87265A,200.00,INR,2026-07-14 19:37:25.0,PPI,WALLET,WALLET,762474616950521,TXN_SUCCESS,01,Txn Success,8+jgX6qMxw07PSKyVjpXc6KhSKKJR6l4yBJg2lFoYZI=,DYNAMIC_QR,cust_160019570b,C0112
VYOMDEMO0001234567,ORD_VYOM_001440,202607142016313AF99EFA57492B,260.00,INR,2026-07-14 20:16:31.0,UPI,UPI,Paytm Payments Bank,604083869016202,TXN_SUCCESS,01,Txn Success,pry8kLZWgIQCpVw6hlGArVHLPeGSI2ztlTGtXLptXPE=,DYNAMIC_QR,cust_0190a5b25c,C0067
VYOMDEMO0001234567,ORD_VYOM_001330,20260714210401542463BC4FEF4E,340.00,INR,2026-07-14 21:04:01.0,UPI,UPI,Paytm Payments Bank,522715057214606,TXN_SUCCESS,01,Txn Success,9sTRNlB4UXRxY8JBTCgHntzwN3ZQaDT8UpWUJAyZmlo=,DYNAMIC_QR,cust_33de551bb3,C0061
VYOMDEMO0001234567,ORD_VYOM_000039,202607142157341599853E5BAE45,340.00,INR,2026-07-14 21:57:34.0,UPI,UPI,Paytm Payments Bank,785894963284559,TXN_SUCCESS,01,Txn Success,sZe3L67slZdKABAEk8VkaXAN+NYiRj58tPZsZvkke6I=,DYNAMIC_QR,cust_c4796bc897,C0003
VYOMDEMO0001234567,ORD_VYOM_000697,20260715090458D4820FA397B687,460.00,INR,2026-07-15 09:04:58.0,UPI,UPI,Paytm Payments Bank,239243049936192,TXN_SUCCESS,01,Txn Success,q49RwP7XCLQnqfPdUciPa+qqdw7c+fC5ZrHhrz+ulyA=,DYNAMIC_QR,cust_d4aeae392b,C0034
VYOMDEMO0001234567,ORD_VYOM_001474,20260715090921766107D6CA42CA,300.00,INR,2026-07-15 09:09:21.0,PPI,WALLET,WALLET,70558307591098,TXN_SUCCESS,01,Txn Success,d7sWBlj7oA7qaXZbTqr15ZIqVUNu43L8vr0xGHy4vVM=,DYNAMIC_QR,cust_2775c4cf89,C0069
VYOMDEMO0001234567,ORD_VYOM_000333,20260715113715E65603BC75097F,310.00,INR,2026-07-15 11:37:15.0,UPI,UPI,Paytm Payments Bank,514130419476360,TXN_SUCCESS,01,Txn Success,W60+rYviC54VQ+jRas0XngA2ZQJkE6GgPCRXkFcMYQg=,DYNAMIC_QR,cust_240753abf1,C0015
VYOMDEMO0001234567,ORD_VYOM_000118,2026071512283523C5617987760A,360.00,INR,2026-07-15 12:28:35.0,UPI,UPI,Paytm Payments Bank,638040266595031,TXN_SUCCESS,01,Txn Success,vJeQeJQrCcjcrclwVTYn5v2W9WVrTST39+JUln+U7r8=,DYNAMIC_QR,cust_4b7feffc40,C0006
VYOMDEMO0001234567,ORD_VYOM_001757,2026071518501994FF510E810D6B,360.00,INR,2026-07-15 18:50:19.0,DC,ICICI,ICICI,656593755367052,TXN_SUCCESS,01,Txn Success,ApOJT8mBTz5l4qQj6B234aL+cUPXrzVO3Wn2ymsaqhE=,DYNAMIC_QR,cust_2454d761f6,C0113
VYOMDEMO0001234567,ORD_VYOM_000677,20260715193351AF0BC0900F3B44,400.00,INR,2026-07-15 19:33:51.0,UPI,UPI,Paytm Payments Bank,512888967495082,TXN_SUCCESS,01,Txn Success,ZsYxyu4dG47m5RYheIousFZ6AJwEzqG23/4KsQ0z5mk=,DYNAMIC_QR,cust_e87a5633d4,C0033
VYOMDEMO0001234567,ORD_VYOM_002177,20260715202054B0ACC3D71363B1,280.00,INR,2026-07-15 20:20:54.0,DC,ICICI,ICICI,332710417756946,TXN_SUCCESS,01,Txn Success,t0w+3+Uy5PoHZZSuUBY96y5QCz16N2quU45BpItfG/k=,DYNAMIC_QR,cust_0ff12a2399,C0211
VYOMDEMO0001234567,ORD_VYOM_000369,2026071520323934B3F389AE09B7,280.00,INR,2026-07-15 20:32:39.0,UPI,UPI,Paytm Payments Bank,82441079544385,TXN_SUCCESS,01,Txn Success,ZW/OJZpvutEIrZJc+ey4rM8Wtw9N0f71y4reUSN6Ybg=,DYNAMIC_QR,cust_8fe3b75ae8,C0017
VYOMDEMO0001234567,ORD_VYOM_002132,2026071521142202A6E9EA2BA162,340.00,INR,2026-07-15 21:14:22.0,UPI,UPI,Paytm Payments Bank,15620024181685,TXN_SUCCESS,01,Txn Success,ONqaAislLAwnubJb+zbwd/J+es/ppPKPzQjnLJLwUBs=,DYNAMIC_QR,cust_3325a57c29,C0188
VYOMDEMO0001234567,ORD_VYOM_001705,20260716080651F3C7DB941E8488,350.00,INR,2026-07-16 08:06:51.0,PPI,WALLET,WALLET,289085989206220,TXN_SUCCESS,01,Txn Success,sHcxCrtInoYSYSaygsCe+LsJ1Zgzgy78jHG8S4oGhwQ=,DYNAMIC_QR,cust_86651a9c66,C0104
VYOMDEMO0001234567,ORD_VYOM_000004,20260716080729EE2E51D19FA6E3,250.00,INR,2026-07-16 08:07:29.0,DC,ICICI,ICICI,706674531840823,TXN_SUCCESS,01,Txn Success,AsR/o2nqruw5rbhG6Bcv5DZf7rxx5amZOGCSCK7Ru2k=,DYNAMIC_QR,cust_639130ba19,C0001
VYOMDEMO0001234567,ORD_VYOM_002207,20260716085617FF49D97A751558,300.00,INR,2026-07-16 08:56:17.0,CC,HDFC,HDFC,39927208349646,TXN_SUCCESS,01,Txn Success,2q2MXsWy4TcjaLFa3rXt2fFyaEpyqAqjSJ366w1do3E=,DYNAMIC_QR,cust_da80402e52,C0241
VYOMDEMO0001234567,ORD_VYOM_001194,202607160911110D7DBFB81C6479,400.00,INR,2026-07-16 09:11:11.0,DC,ICICI,ICICI,124217947799129,TXN_SUCCESS,01,Txn Success,8d5zDY+dawWv6s5VfGC5GYJKxVqGu2RwBBk8mo9OJz4=,DYNAMIC_QR,cust_4b274e83b3,C0055
VYOMDEMO0001234567,ORD_VYOM_001529,202607160936172996120E34B936,560.00,INR,2026-07-16 09:36:17.0,CC,HDFC,HDFC,379737958003379,TXN_SUCCESS,01,Txn Success,mmSRC5T21ZFqZtUP9YoXVmYAMI2dcQj++/U+Kf99mBA=,DYNAMIC_QR,cust_da25303e2b,C0073
VYOMDEMO0001234567,ORD_VYOM_001146,20260716095144765B7461A4AA77,600.00,INR,2026-07-16 09:51:44.0,UPI,UPI,Paytm Payments Bank,913756337199291,TXN_SUCCESS,01,Txn Success,of/lBbOZbCyQvy+Aya3t5FcqJrdqvAkR9LnnQwA3aLI=,DYNAMIC_QR,cust_82cd81d65f,C0053
VYOMDEMO0001234567,ORD_VYOM_000918,2026071610293119B69D5DBB25F9,500.00,INR,2026-07-16 10:29:31.0,DC,ICICI,ICICI,190612134562964,TXN_SUCCESS,01,Txn Success,CrDP+PLbI55W0ss0HSd+LrvrSZNdxvlhlBU24hnOU8M=,DYNAMIC_QR,cust_a4d97a4e7d,C0044
VYOMDEMO0001234567,ORD_VYOM_000552,20260716113846C53752DC620C7D,320.00,INR,2026-07-16 11:38:46.0,PPI,WALLET,WALLET,333806377528650,TXN_SUCCESS,01,Txn Success,hBCZIZsZ7U9TIG2AzO4yUZEtei2vLKd4MQBttPAAjY8=,DYNAMIC_QR,cust_a1b51de3dc,C0027
VYOMDEMO0001234567,ORD_VYOM_000891,202607161358520535A7F8CC41FC,300.00,INR,2026-07-16 13:58:52.0,PPI,WALLET,WALLET,712254924034781,TXN_SUCCESS,01,Txn Success,1qfUfwmV9XDWCKiGcUk/+AKj4Ax1P2/DtEGEMtagDJU=,DYNAMIC_QR,cust_20281afbd7,C0043
VYOMDEMO0001234567,ORD_VYOM_000795,2026071614434319FAB8F9D1CD67,440.00,INR,2026-07-16 14:43:43.0,UPI,UPI,Paytm Payments Bank,708375953057159,TXN_SUCCESS,01,Txn Success,vviIBUC8u2DFdDCmQY6yi0LwJgIF30lPgQCD3PYdCok=,DYNAMIC_QR,cust_0b348a9dd1,C0039
VYOMDEMO0001234567,ORD_VYOM_000997,2026071617225979B678DA306EE0,390.00,INR,2026-07-16 17:22:59.0,DC,ICICI,ICICI,42757437873436,TXN_SUCCESS,01,Txn Success,28qIFhSVYSqnKGcI5qyM32rKDaPH/hwrM3hszXb8mBw=,DYNAMIC_QR,cust_f966ed1ab1,C0047
VYOMDEMO0001234567,ORD_VYOM_001475,20260716175633D1FBA8093BAFEF,500.00,INR,2026-07-16 17:56:33.0,UPI,UPI,Paytm Payments Bank,524863437572466,TXN_SUCCESS,01,Txn Success,MVeACOsxa0Hs0GCwcABRtPw2/WMfnqAfE0fE3LiwHSg=,DYNAMIC_QR,cust_2775c4cf89,C0069
VYOMDEMO0001234567,ORD_VYOM_001228,2026071618210646DD7290639F5D,340.00,INR,2026-07-16 18:21:06.0,CC,HDFC,HDFC,261285119488558,TXN_SUCCESS,01,Txn Success,QzBz+77x4vuDkALm6xv/wzroXOoILIufp0/2R5BMOb4=,DYNAMIC_QR,cust_f249fd9c9c,C0057
VYOMDEMO0001234567,ORD_VYOM_000294,20260716184517440F8E7E87FD51,320.00,INR,2026-07-16 18:45:17.0,CC,HDFC,HDFC,606085397475900,TXN_SUCCESS,01,Txn Success,NGTHBryOp5diUHM9pZ8wNiHcITsZfjY2/tmurtT3HwI=,DYNAMIC_QR,cust_2db547fcb3,C0013
VYOMDEMO0001234567,ORD_VYOM_002061,2026071619394260E049B2853B6A,500.00,INR,2026-07-16 19:39:42.0,PPI,WALLET,WALLET,697230184043867,TXN_SUCCESS,01,Txn Success,xSJlI6ilUEAg8l5rI+NmmeiDaRcgNZNkYV0xNqgz+O4=,DYNAMIC_QR,cust_4d15446b2c,C0173
VYOMDEMO0001234567,ORD_VYOM_001031,20260716195407217382FFEE3411,280.00,INR,2026-07-16 19:54:07.0,UPI,UPI,Paytm Payments Bank,359997524154073,TXN_SUCCESS,01,Txn Success,uz8qujr6x5yxhKY4hG2Vsbci5dCt9FpOjaNH59RbdEU=,DYNAMIC_QR,cust_c3657372a9,C0048
VYOMDEMO0001234567,ORD_VYOM_001954,202607162024480E0A35C6303E41,200.00,INR,2026-07-16 20:24:48.0,DC,ICICI,ICICI,575133245441359,TXN_SUCCESS,01,Txn Success,jZ36F6OwInBzyHPeuxI/GVmV60Ilk2P9e2hHfw6w1vo=,DYNAMIC_QR,cust_45ad7a8f47,C0152
VYOMDEMO0001234567,ORD_VYOM_000474,202607162029055091F6681ADEFE,370.00,INR,2026-07-16 20:29:05.0,UPI,UPI,Paytm Payments Bank,668600613262113,TXN_SUCCESS,01,Txn Success,JNOcntfhKPN6mmwcY7EEQ5ynG57g+mURGUb+GAoxuzc=,DYNAMIC_QR,cust_6e959f4c64,C0023
VYOMDEMO0001234567,ORD_VYOM_000754,20260716203555FEC5A42D8257BA,170.00,INR,2026-07-16 20:35:55.0,UPI,UPI,Paytm Payments Bank,722260253470144,TXN_SUCCESS,01,Txn Success,wrs8gvfB4zdPG+aAtbWKhgInjGEgNLFF9bBwaMUzfb0=,DYNAMIC_QR,cust_9a8d00481d,C0037
VYOMDEMO0001234567,ORD_VYOM_000732,202607170808453A1498FC71E001,330.00,INR,2026-07-17 08:08:45.0,UPI,UPI,Paytm Payments Bank,318463481379928,TXN_SUCCESS,01,Txn Success,MZYB4K28UJKXNRkHj/If6FPDhlAwOEXO5h2aD5IASRM=,DYNAMIC_QR,cust_99835ad417,C0036
VYOMDEMO0001234567,ORD_VYOM_000138,202607170828461B27E071BA83C1,320.00,INR,2026-07-17 08:28:46.0,UPI,UPI,Paytm Payments Bank,353901425525311,TXN_SUCCESS,01,Txn Success,sTUu2R+hAvSsjDQzWWcblzNUVLC/nEa6T9Cay4E8G5E=,DYNAMIC_QR,cust_eabdbf3bc8,C0007
VYOMDEMO0001234567,ORD_VYOM_001865,202607170905260EA79D4487C7C7,320.00,INR,2026-07-17 09:05:26.0,UPI,UPI,Paytm Payments Bank,979652071045390,TXN_FAILURE,227,Your payment has been declined by your bank.,IuJWv69sVA32TcH6a2JoPUr1Q0V0Dv4BjH1G0Crz7s8=,DYNAMIC_QR,cust_c60462553f,C0134
VYOMDEMO0001234567,ORD_VYOM_002093,20260717090531881B3632D8AD54,260.00,INR,2026-07-17 09:05:31.0,UPI,UPI,Paytm Payments Bank,831705676231765,TXN_SUCCESS,01,Txn Success,fPk5YmyE8WQt8tn7TzreuCFZTMQi7UsrECcsqQhCzFM=,DYNAMIC_QR,cust_fdf604a395,C0180
VYOMDEMO0001234567,ORD_VYOM_001959,202607170916261288BB88078D35,240.00,INR,2026-07-17 09:16:26.0,UPI,UPI,Paytm Payments Bank,620245439131248,TXN_SUCCESS,01,Txn Success,Oz7pmblkt/zgGixbOgGWb5VD8NeRTqelrZNjLP/q2ic=,DYNAMIC_QR,cust_ce8fdf862c,C0153
VYOMDEMO0001234567,ORD_VYOM_000067,202607170924264D8BA5179B4420,400.00,INR,2026-07-17 09:24:26.0,UPI,UPI,Paytm Payments Bank,356997369193696,TXN_SUCCESS,01,Txn Success,XdNjPuMfnMpUgQgxQ/88zsKL/NX7f33vyJS94BsMoFg=,DYNAMIC_QR,cust_23bc5b213e,C0004
VYOMDEMO0001234567,ORD_VYOM_001890,20260717102056F3EF69E05BC329,200.00,INR,2026-07-17 10:20:56.0,UPI,UPI,Paytm Payments Bank,987417321998796,TXN_SUCCESS,01,Txn Success,S8v2QlxlKSRl4c0+MMpAkSGIVKVcH2WjXzhGcBGB750=,DYNAMIC_QR,cust_e3f7b1e793,C0138
VYOMDEMO0001234567,ORD_VYOM_001559,202607171029553065EBEE999E45,290.00,INR,2026-07-17 10:29:55.0,CC,HDFC,HDFC,717830327951883,TXN_SUCCESS,01,Txn Success,qjr5GDf6wCgwmsRT2NYEfm/Hha1YNIkJsLOjjf+Ldv8=,DYNAMIC_QR,cust_c46ad3a524,C0076
VYOMDEMO0001234567,ORD_VYOM_001414,2026071713025782F6DE97CB9872,300.00,INR,2026-07-17 13:02:57.0,UPI,UPI,Paytm Payments Bank,715681947594023,TXN_FAILURE,810,Payment failed due to a technical error.,ldaEY5CcpDzkF0ZPr4SOfzla58qdGLsHP/f+vChQurw=,DYNAMIC_QR,cust_3cb63d84a8,C0065
VYOMDEMO0001234567,ORD_VYOM_001818,20260717140726BEECCF42B29DAE,300.00,INR,2026-07-17 14:07:26.0,CC,HDFC,HDFC,465775245345495,TXN_SUCCESS,01,Txn Success,GwV2vvlCRCwzpKnswJjE39ugjBPQjvVxXVZaHdLjxKE=,DYNAMIC_QR,cust_e41964869d,C0126
VYOMDEMO0001234567,ORD_VYOM_001603,20260717181705CB252F0176B45A,380.00,INR,2026-07-17 18:17:05.0,PPI,WALLET,WALLET,810574810514321,TXN_SUCCESS,01,Txn Success,15fyXvLvh3c4Rl+I3/QBiBSBWxtbBwfvCTKiQcw/OPc=,DYNAMIC_QR,cust_a7c5e13796,C0084
VYOMDEMO0001234567,ORD_VYOM_001032,2026071718225126E22F7AFCDB46,410.00,INR,2026-07-17 18:22:51.0,CC,HDFC,HDFC,121977869317172,TXN_SUCCESS,01,Txn Success,p5g5HOosy9duBRg+4O7yhO+WgqGYVzXzpNdzY+FHTUM=,DYNAMIC_QR,cust_c3657372a9,C0048
VYOMDEMO0001234567,ORD_VYOM_001298,202607171917446183C5B2554181,310.00,INR,2026-07-17 19:17:44.0,DC,ICICI,ICICI,145808069933115,TXN_SUCCESS,01,Txn Success,m2fCoHFwnFcVxlgf2bhb7aSU6m8c5Sdu/hDVZB2hU7Q=,DYNAMIC_QR,cust_2658be5647,C0060
VYOMDEMO0001234567,ORD_VYOM_000509,202607171918102E0D3FFE4EB39F,500.00,INR,2026-07-17 19:18:10.0,UPI,UPI,Paytm Payments Bank,589380181818377,TXN_SUCCESS,01,Txn Success,ucMeL2gJ3IHQTyZlcyjtFQFBhPD+iZLwopHzVlFM+eo=,DYNAMIC_QR,cust_f28cbf1be8,C0025
VYOMDEMO0001234567,ORD_VYOM_002121,20260717193743A66A2D1DA0D8E4,100.00,INR,2026-07-17 19:37:43.0,UPI,UPI,Paytm Payments Bank,945895434311117,TXN_SUCCESS,01,Txn Success,asAAPfgaAh//oxl+RhF0tUGBYohuFnTHMkv05DJOraw=,DYNAMIC_QR,cust_8420971346,C0186
VYOMDEMO0001234567,ORD_VYOM_000317,20260717194822531AC9FD949AAC,430.00,INR,2026-07-17 19:48:22.0,UPI,UPI,Paytm Payments Bank,358569901065831,TXN_SUCCESS,01,Txn Success,OBLHWRvfEgMgKQXDz9nUYOHbt/IzFXMRuBUYafYgLaQ=,DYNAMIC_QR,cust_1ae6b5d45e,C0014
VYOMDEMO0001234567,ORD_VYOM_000212,20260717203418384785F0323FEF,460.00,INR,2026-07-17 20:34:18.0,CC,HDFC,HDFC,322313282954124,TXN_SUCCESS,01,Txn Success,B6U7w44fDIWWHdIdd08mmjfARTI4xxKl3Jke/Qu4ZwU=,DYNAMIC_QR,cust_785ff6e6b2,C0010
VYOMDEMO0001234567,ORD_VYOM_000252,202607172046078640B2E477ECB7,220.00,INR,2026-07-17 20:46:07.0,PPI,WALLET,WALLET,286992762622425,TXN_SUCCESS,01,Txn Success,rUlMWXklXuouLQ74INZ0ToxPzlTB53/vbt81+aAP3zM=,DYNAMIC_QR,cust_ca9b9b6adf,C0011
VYOMDEMO0001234567,ORD_VYOM_000829,202607172134423F973A9F51A797,400.00,INR,2026-07-17 21:34:42.0,UPI,UPI,Paytm Payments Bank,966266223550141,TXN_SUCCESS,01,Txn Success,FJCy8JYAYkDqdkTr2kIHBMpS66MMpaDzvLToiuweIHk=,DYNAMIC_QR,cust_8f7c742c92,C0040
VYOMDEMO0001234567,ORD_VYOM_001608,202607172136448C62E0BD11B394,280.00,INR,2026-07-17 21:36:44.0,UPI,UPI,Paytm Payments Bank,527592654692907,TXN_SUCCESS,01,Txn Success,8gzMJxOp0eIGGXJb2CRMX9080J9xIR9CBKpz8mBROmw=,DYNAMIC_QR,cust_515446ef47,C0085
VYOMDEMO0001234567,ORD_VYOM_001653,20260717215742AE87E7ACEEAF9F,200.00,INR,2026-07-17 21:57:42.0,PPI,WALLET,WALLET,65889832050578,TXN_SUCCESS,01,Txn Success,jcHh1id1DVOh4U61bCvigmqzvap4qsprFc0aIvpFdW0=,DYNAMIC_QR,cust_2eabcb6f32,C0095
VYOMDEMO0001234567,ORD_VYOM_001831,2026071808054204D756F178B014,220.00,INR,2026-07-18 08:05:42.0,DC,ICICI,ICICI,116719242734819,TXN_SUCCESS,01,Txn Success,E0NkSKDYLwMWPL8+BtWaXsUHZGKtT+qpOJLoywasb/M=,DYNAMIC_QR,cust_1dd4421c42,C0128
VYOMDEMO0001234567,ORD_VYOM_000475,202607180810170148705A74CFF7,330.00,INR,2026-07-18 08:10:17.0,UPI,UPI,Paytm Payments Bank,480051351125939,TXN_SUCCESS,01,Txn Success,GVc+D5rvXQBh1G6XaxM6bnulD8IgTb5qTKhiIodhHXM=,DYNAMIC_QR,cust_6e959f4c64,C0023
VYOMDEMO0001234567,ORD_VYOM_002040,20260718082829F3F44173150515,240.00,INR,2026-07-18 08:28:29.0,UPI,UPI,Paytm Payments Bank,846170813407331,TXN_SUCCESS,01,Txn Success,YlmM+vxkzFL/5bJqiAdnPv1gcaWibqsxiCar627xsvo=,DYNAMIC_QR,cust_486fe721bd,C0168
VYOMDEMO0001234567,ORD_VYOM_000187,20260718090042929C7243389222,260.00,INR,2026-07-18 09:00:42.0,CC,HDFC,HDFC,491758101777638,TXN_SUCCESS,01,Txn Success,XPYTcQpRt7Md+Fd53JMiAyKSV7CcY5Rs9UBMv7WJDXU=,DYNAMIC_QR,cust_24551de984,C0009
VYOMDEMO0001234567,ORD_VYOM_000978,20260718091336D128EFB9CF25F7,400.00,INR,2026-07-18 09:13:36.0,UPI,UPI,Paytm Payments Bank,409838335435403,TXN_SUCCESS,01,Txn Success,z1dKZunqurSba601dEVafSvCtlL8UTRDI3MoPopA1g0=,DYNAMIC_QR,cust_3433633783,C0046
VYOMDEMO0001234567,ORD_VYOM_001106,2026071809192439DF53187DE3FD,340.00,INR,2026-07-18 09:19:24.0,UPI,UPI,Paytm Payments Bank,695549708377258,TXN_SUCCESS,01,Txn Success,DXwCc32QupuiKh+VycrI1jTR/VehXa1p27PXqPTK+A8=,DYNAMIC_QR,cust_daf1fef437,C0051
VYOMDEMO0001234567,ORD_VYOM_001598,2026071809353061FDEC45F0AA2B,370.00,INR,2026-07-18 09:35:30.0,CC,HDFC,HDFC,765462616824432,TXN_SUCCESS,01,Txn Success,kV7fRh1bAvUlT4+XUhEBBLXKC0UDhqKwutiqGXfokps=,DYNAMIC_QR,cust_8d0c9a7d85,C0083
VYOMDEMO0001234567,ORD_VYOM_001209,202607180935454C828F0E84947A,340.00,INR,2026-07-18 09:35:45.0,UPI,UPI,Paytm Payments Bank,26504169634293,TXN_SUCCESS,01,Txn Success,bAcLv34qR7Px9tjO22kPkOcxOWQivj4TmgsbtOxGsPE=,DYNAMIC_QR,cust_b981b6cff8,C0056
VYOMDEMO0001234567,ORD_VYOM_000393,202607180949420A102F503A5243,230.00,INR,2026-07-18 09:49:42.0,PPI,WALLET,WALLET,272109835708761,TXN_SUCCESS,01,Txn Success,wr6oasJXBz5ySOIvNx+YEiC2ZxIHDh7c/hrXM9I1vxs=,DYNAMIC_QR,cust_1758aa28d3,C0018
VYOMDEMO0001234567,ORD_VYOM_000438,2026071815272592659D187D0334,330.00,INR,2026-07-18 15:27:25.0,UPI,UPI,Paytm Payments Bank,550387037588067,TXN_FAILURE,411,Invalid Amount sent to Paytm,jTJfNAisvQ7uyvKfFzZhacqig8vz0f0NNeApNmxjOdE=,DYNAMIC_QR,cust_bb103c6777,C0021
VYOMDEMO0001234567,ORD_VYOM_000407,20260718180048D8A7A189A6390F,280.00,INR,2026-07-18 18:00:48.0,UPI,UPI,Paytm Payments Bank,616872922475999,TXN_SUCCESS,01,Txn Success,gqKReOuvpgfJntNgNT/F4xEs9V/rPkuqG1p1iz+AQVE=,DYNAMIC_QR,cust_7504516d8c,C0019
VYOMDEMO0001234567,ORD_VYOM_001359,20260718181949EEEF1C47F7C59F,340.00,INR,2026-07-18 18:19:49.0,DC,ICICI,ICICI,197039313082583,TXN_SUCCESS,01,Txn Success,2LftvR4CDQLV3+AXXBYAbbZ07kjJBrLhX2GxT37aWVY=,DYNAMIC_QR,cust_2f66dd2f4f,C0062
VYOMDEMO0001234567,ORD_VYOM_000154,202607181843442A8FAD757877E3,320.00,INR,2026-07-18 18:43:44.0,DC,ICICI,ICICI,509461943935840,TXN_SUCCESS,01,Txn Success,E1TPl8zGUlbY+XbSLlyGScviwjLpRzcodjZY6fCC6Is=,DYNAMIC_QR,cust_8e84008d36,C0008
VYOMDEMO0001234567,ORD_VYOM_001553,202607181850018812F28A1BCA77,300.00,INR,2026-07-18 18:50:01.0,DC,ICICI,ICICI,972254378384429,TXN_SUCCESS,01,Txn Success,kergQaQi0meLooNjXauvvSQzqY7wizKOJZZpvLgr6rg=,DYNAMIC_QR,cust_6a0fae8ba0,C0075
VYOMDEMO0001234567,ORD_VYOM_001779,202607181906002F0901CB17C7D6,350.00,INR,2026-07-18 19:06:00.0,CC,HDFC,HDFC,557730223345035,TXN_SUCCESS,01,Txn Success,UhaZ9tl5mBQwn1JvFHJSsiCuvQ9itcQnQkIYdTVeAAM=,DYNAMIC_QR,cust_020257eebe,C0116
VYOMDEMO0001234567,ORD_VYOM_000958,2026071819550399B7A282BCF093,500.00,INR,2026-07-18 19:55:03.0,UPI,UPI,Paytm Payments Bank,586772545043975,TXN_SUCCESS,01,Txn Success,b/KxqzpDRUAqkSc2s5qIOPhMjQaJj6xZNL1C+RuGEaA=,DYNAMIC_QR,cust_d544bf3b16,C0045
VYOMDEMO0001234567,ORD_VYOM_002222,20260718211513D9ACE10209D2D5,200.00,INR,2026-07-18 21:15:13.0,UPI,UPI,Paytm Payments Bank,817880805051185,TXN_SUCCESS,01,Txn Success,HsCfMbeVGhY9o7wLMU1hAjjeR5gyUphj1dqC7J10+jg=,DYNAMIC_QR,cust_79953723f5,C0256
VYOMDEMO0001234567,ORD_VYOM_001736,202607182127016B7DAF322D27E6,400.00,INR,2026-07-18 21:27:01.0,UPI,UPI,Paytm Payments Bank,813304027634762,TXN_SUCCESS,01,Txn Success,9TUQ7dpk+UcFEBftmDe3OuQBSbPNI+0kQWNYrgYkMJg=,DYNAMIC_QR,cust_9e0f68731d,C0109
VYOMDEMO0001234567,ORD_VYOM_000796,20260719082744732DD3465581CD,260.00,INR,2026-07-19 08:27:44.0,UPI,UPI,Paytm Payments Bank,766222693302852,TXN_SUCCESS,01,Txn Success,vT7cSOeQOIolvCALNBkBfSdw/VpyOvNNGztjBkGhfCA=,DYNAMIC_QR,cust_0b348a9dd1,C0039
VYOMDEMO0001234567,ORD_VYOM_000660,202607190838398C9F6667EF73C0,400.00,INR,2026-07-19 08:38:39.0,PPI,WALLET,WALLET,656864693206988,TXN_SUCCESS,01,Txn Success,sSWmyyPI53YfdRW7Iv+K+EYCTyC0YGfrysUG7aCoJ3Q=,DYNAMIC_QR,cust_a06e38f5f5,C0032
VYOMDEMO0001234567,ORD_VYOM_001405,20260719084017D1BBF9BCA6CB28,570.00,INR,2026-07-19 08:40:17.0,UPI,UPI,Paytm Payments Bank,683304300459938,TXN_SUCCESS,01,Txn Success,rMy23+leVFeOxcpifxY/0T5rjrCOzbnx6eWgUx4XZoc=,DYNAMIC_QR,cust_63b68fdde8,C0064
VYOMDEMO0001234567,ORD_VYOM_000853,202607190909053DC6E7F4F8177A,230.00,INR,2026-07-19 09:09:05.0,UPI,UPI,Paytm Payments Bank,230755745468971,TXN_SUCCESS,01,Txn Success,f/hYUftgg8rhGLiG0WH3ZJGkBYSVFKJvm+AUIRraDns=,DYNAMIC_QR,cust_d212ee719a,C0041
VYOMDEMO0001234567,ORD_VYOM_001061,20260719092855036B3904965BAB,340.00,INR,2026-07-19 09:28:55.0,DC,ICICI,ICICI,484330149287698,TXN_SUCCESS,01,Txn Success,J2Z2QLkLvr84/6iRRFCAJRrCsNPZAL9x8xgw/8+uBuM=,DYNAMIC_QR,cust_fc7659f04d,C0049
VYOMDEMO0001234567,ORD_VYOM_001272,20260719094931EC3B048311B66E,420.00,INR,2026-07-19 09:49:31.0,PPI,WALLET,WALLET,34209991355294,TXN_SUCCESS,01,Txn Success,qlPgk0+N0xP00XElsHmG/R+260BjDjNS+SRu83Mm0lk=,DYNAMIC_QR,cust_4b0cb4e62f,C0059
VYOMDEMO0001234567,ORD_VYOM_000318,20260719100231541DEFCAEACB4F,300.00,INR,2026-07-19 10:02:31.0,UPI,UPI,Paytm Payments Bank,416416641311524,TXN_SUCCESS,01,Txn Success,jNOjrujHXgbs3fv2GtGYQ3SU9dyGlEXLPfc+zafYf+0=,DYNAMIC_QR,cust_1ae6b5d45e,C0014
VYOMDEMO0001234567,ORD_VYOM_002228,202607191017050521890AA464A5,150.00,INR,2026-07-19 10:17:05.0,UPI,UPI,Paytm Payments Bank,883216936081936,TXN_SUCCESS,01,Txn Success,nrnInr1q5z0b8e4IBuG7uhI1omo68r45nDnMNOoWLDE=,DYNAMIC_QR,cust_1f812b1a90,C0262
VYOMDEMO0001234567,ORD_VYOM_001711,20260719102756C1C96D2FDCDD15,200.00,INR,2026-07-19 10:27:56.0,UPI,UPI,Paytm Payments Bank,223749858175469,TXN_SUCCESS,01,Txn Success,SBc9yeSTNL5530rG4DMosMufG0jzYcfPM6/1Ejn7UXg=,DYNAMIC_QR,cust_14d4752a6b,C0105
VYOMDEMO0001234567,ORD_VYOM_000536,20260719104034732BB0F111FE6E,400.00,INR,2026-07-19 10:40:34.0,CC,HDFC,HDFC,960431035663547,TXN_SUCCESS,01,Txn Success,R3++4nfUFVIC2ZCbb9cwZJIVcUaJymqfUVQQ9ETBWCk=,DYNAMIC_QR,cust_41941dbbd4,C0026
VYOMDEMO0001234567,ORD_VYOM_000090,20260719131305164584BEF98FE9,490.00,INR,2026-07-19 13:13:05.0,CC,HDFC,HDFC,564363036125149,TXN_SUCCESS,01,Txn Success,eFI1GodAxm0DDk8W3SQ3sADqRw66KtSCYCVMYv9kMc0=,DYNAMIC_QR,cust_d97b299d31,C0005
VYOMDEMO0001234567,ORD_VYOM_000600,20260719170122DF4A38672C60F3,350.00,INR,2026-07-19 17:01:22.0,UPI,UPI,Paytm Payments Bank,548146959106110,TXN_SUCCESS,01,Txn Success,/U6zrb1BqC7nahXR2jFBTru/xW9TzslRtdmE3OmhIB8=,DYNAMIC_QR,cust_106abbb9b5,C0029
VYOMDEMO0001234567,ORD_VYOM_000510,202607191923448B86A4488BA7A1,340.00,INR,2026-07-19 19:23:44.0,PPI,WALLET,WALLET,289843937695942,TXN_SUCCESS,01,Txn Success,OQxwyl2dzRO28Ll4KHnGcerCLl9idTgiZOZ3Svq2w2Y=,DYNAMIC_QR,cust_f28cbf1be8,C0025
VYOMDEMO0001234567,ORD_VYOM_000998,202607192016519FDB4BC87231F3,350.00,INR,2026-07-19 20:16:51.0,CC,HDFC,HDFC,552664307290128,TXN_SUCCESS,01,Txn Success,yqHvT1wlJgreEJmY6pKk1pgarWYffvrShVwc9HZDxUo=,DYNAMIC_QR,cust_f966ed1ab1,C0047
VYOMDEMO0001234567,ORD_VYOM_000867,20260720080936B893907CD8DCB4,260.00,INR,2026-07-20 08:09:36.0,UPI,UPI,Paytm Payments Bank,266952221529757,TXN_SUCCESS,01,Txn Success,R16GcddjTEC1xyBkFLQ9mIMsc+bDUjZs9dsvc0j1c+w=,DYNAMIC_QR,cust_e2d64a5dd5,C0042
VYOMDEMO0001234567,ORD_VYOM_000553,20260720092850B8F7CD86695BEA,150.00,INR,2026-07-20 09:28:50.0,UPI,UPI,Paytm Payments Bank,32660410313976,TXN_SUCCESS,01,Txn Success,dHsvXxKloZQjsCC1sxRV5O6CmzWgqqJsc/zNzEqpqgk=,DYNAMIC_QR,cust_a1b51de3dc,C0027
VYOMDEMO0001234567,ORD_VYOM_001916,20260720093519FD6AC2A4B42F53,320.00,INR,2026-07-20 09:35:19.0,PPI,WALLET,WALLET,875819243420975,TXN_SUCCESS,01,Txn Success,9mg4XNV5arAABi6on7Jpde5h+nMUdur3R3pQKXpn86Y=,DYNAMIC_QR,cust_d901b93870,C0145
VYOMDEMO0001234567,ORD_VYOM_002127,202607200948157AA15E248D7F23,260.00,INR,2026-07-20 09:48:15.0,UPI,UPI,Paytm Payments Bank,543754224807953,TXN_FAILURE,810,Payment failed due to a technical error.,DZ/Ho7HN9eIGefv4GAnMUwVuVVmC3NUFptfHVYmSKF8=,DYNAMIC_QR,cust_7604c83193,C0187
VYOMDEMO0001234567,ORD_VYOM_000253,20260720100836EDF84E4915855B,300.00,INR,2026-07-20 10:08:36.0,UPI,UPI,Paytm Payments Bank,229146022376732,TXN_SUCCESS,01,Txn Success,960aoG6wmWHaN3QJmPX2DO6/0DChZ9XiTA84p6IaLlg=,DYNAMIC_QR,cust_ca9b9b6adf,C0011
VYOMDEMO0001234567,ORD_VYOM_001496,2026072010084449C3F391D4E532,480.00,INR,2026-07-20 10:08:44.0,CC,HDFC,HDFC,368153165304756,TXN_SUCCESS,01,Txn Success,VVW4VRlm1qZWoFvKHzJxCeVI8VdVymYP+1LIXnYLxyk=,DYNAMIC_QR,cust_6549be84fc,C0070
VYOMDEMO0001234567,ORD_VYOM_000720,20260720105442AEDDA1DCEA0C27,300.00,INR,2026-07-20 10:54:42.0,DC,ICICI,ICICI,347171279474172,TXN_SUCCESS,01,Txn Success,04nHXito4Y1+fkfzyrIUFyqIJQxQsvE1XWL3LGPvRfk=,DYNAMIC_QR,cust_37d415cd87,C0035
VYOMDEMO0001234567,ORD_VYOM_000698,202607201100106B17508ED2689C,360.00,INR,2026-07-20 11:00:10.0,DC,ICICI,ICICI,356178695227372,TXN_SUCCESS,01,Txn Success,/RqCMItyEGgjBMDC1Aap/hhJFGtaWCp94BUSgvJnX6s=,DYNAMIC_QR,cust_d4aeae392b,C0034
VYOMDEMO0001234567,ORD_VYOM_000625,20260720120723EA7A04979124B7,270.00,INR,2026-07-20 12:07:23.0,UPI,UPI,Paytm Payments Bank,736085124650724,TXN_SUCCESS,01,Txn Success,xn4stgfQuOxBmKmf26sw74BAeiTiqR4doni5GTY61P8=,DYNAMIC_QR,cust_9138b9325b,C0030
VYOMDEMO0001234567,ORD_VYOM_001455,2026072012362160DD0137EDA6C5,340.00,INR,2026-07-20 12:36:21.0,UPI,UPI,Paytm Payments Bank,835777357736833,TXN_SUCCESS,01,Txn Success,xVbbNiU6nU9WnJU63TlfPGshD2mVXjpRCVho00xPiRE=,DYNAMIC_QR,cust_f5144e6e67,C0068
VYOMDEMO0001234567,ORD_VYOM_001728,20260720130034E5158524744543,170.00,INR,2026-07-20 13:00:34.0,UPI,UPI,Paytm Payments Bank,989657400480753,TXN_FAILURE,411,Invalid Amount sent to Paytm,P+bh1jglFA5QPqkCeg79GS8UR+wZlyoYkAOtPL3k4kI=,DYNAMIC_QR,cust_69691cd29b,C0108
VYOMDEMO0001234567,ORD_VYOM_001542,20260720132746FDDF9FAE8C2115,450.00,INR,2026-07-20 13:27:46.0,UPI,UPI,Paytm Payments Bank,138193946336211,TXN_SUCCESS,01,Txn Success,7hK4uOV76FpPoeut2I57vzgBVXmm05m7e0G1cehel0A=,DYNAMIC_QR,cust_61b01a22c0,C0074
VYOMDEMO0001234567,ORD_VYOM_001299,20260720134802FE767C10979E26,320.00,INR,2026-07-20 13:48:02.0,UPI,UPI,Paytm Payments Bank,449613675230449,TXN_SUCCESS,01,Txn Success,eVZ0d7d8hEQbIwfkeXmW0i+oeJ25idCjqkT+QP5NE+E=,DYNAMIC_QR,cust_2658be5647,C0060
VYOMDEMO0001234567,ORD_VYOM_000295,20260720162826161D47F9714C59,330.00,INR,2026-07-20 16:28:26.0,UPI,UPI,Paytm Payments Bank,542566566912152,TXN_FAILURE,411,Invalid Amount sent to Paytm,rl4gykRQ1yseCd47YDXjA3D+vSqSQn+GB2TvSIPHh+Q=,DYNAMIC_QR,cust_2db547fcb3,C0013
VYOMDEMO0001234567,ORD_VYOM_001802,20260720195736D922A5959CAF6D,150.00,INR,2026-07-20 19:57:36.0,CC,HDFC,HDFC,907600096519608,TXN_SUCCESS,01,Txn Success,rW+MLdW0Rq0Tqdg4Ld8M7CvQ7h3dpkuC5vWv+Nh8gmk=,DYNAMIC_QR,cust_976835e55f,C0122
VYOMDEMO0001234567,ORD_VYOM_001331,20260720195855BA62704B0BA3CC,460.00,INR,2026-07-20 19:58:55.0,CC,HDFC,HDFC,163511912091317,TXN_SUCCESS,01,Txn Success,cE2XZk7z7dgE5unqy6CITuwlUP04cmjDyBjaz+Qo+H8=,DYNAMIC_QR,cust_33de551bb3,C0061
VYOMDEMO0001234567,ORD_VYOM_000370,202607202036559F7228115E4795,290.00,INR,2026-07-20 20:36:55.0,UPI,UPI,Paytm Payments Bank,381977323666820,TXN_SUCCESS,01,Txn Success,PnQ2Qnh5xLw/993hMuVTe8+wgbBWmj3juNaNojPnHWQ=,DYNAMIC_QR,cust_8fe3b75ae8,C0017
VYOMDEMO0001234567,ORD_VYOM_000797,20260720205633CE0DB3C7D49259,320.00,INR,2026-07-20 20:56:33.0,DC,ICICI,ICICI,382429271085200,TXN_SUCCESS,01,Txn Success,b2FQIa6V706bxdu7Zr8uhjjrO24a9vMqP/aUtbD0LJg=,DYNAMIC_QR,cust_0b348a9dd1,C0039
VYOMDEMO0001234567,ORD_VYOM_001870,202607210855128689ACA3CCD5EB,400.00,INR,2026-07-21 08:55:12.0,UPI,UPI,Paytm Payments Bank,24764264735279,TXN_SUCCESS,01,Txn Success,UDRMkcPcR6V4nBcBIifDx6xgnhRvCpl8gRLppgm+Qmc=,DYNAMIC_QR,cust_13c73423f8,C0135
VYOMDEMO0001234567,ORD_VYOM_001175,2026072109291494D816EFC0A12A,300.00,INR,2026-07-21 09:29:14.0,DC,ICICI,ICICI,110563002055136,TXN_SUCCESS,01,Txn Success,W5d8x8OTlE3g+YKduGjvW8DtwTySW+XB84cv+THx7eA=,DYNAMIC_QR,cust_5cd1790ef5,C0054
VYOMDEMO0001234567,ORD_VYOM_000139,2026072109305016E76FF3D2256B,400.00,INR,2026-07-21 09:30:50.0,PPI,WALLET,WALLET,437367554494613,TXN_SUCCESS,01,Txn Success,d2Td4WVHAw0oG5OALQUXVzLd6vz2vLvL13258dJu2EQ=,DYNAMIC_QR,cust_eabdbf3bc8,C0007
VYOMDEMO0001234567,ORD_VYOM_001273,20260721094007C10EC7875A944E,400.00,INR,2026-07-21 09:40:07.0,UPI,UPI,Paytm Payments Bank,561211753808270,TXN_SUCCESS,01,Txn Success,igVUqVdJmmg4aRvLg7M43L0BoxngqZUOWvDJk+Vqa1o=,DYNAMIC_QR,cust_4b0cb4e62f,C0059
VYOMDEMO0001234567,ORD_VYOM_001107,20260721095105D40CB5B86BD24B,280.00,INR,2026-07-21 09:51:05.0,PPI,WALLET,WALLET,453102256010794,TXN_SUCCESS,01,Txn Success,6YClpGFA03b3RxJfjnaU/M3AAVWNyQ9L4GJDj7ND9G4=,DYNAMIC_QR,cust_daf1fef437,C0051
VYOMDEMO0001234567,ORD_VYOM_002273,20260721102703040D8263FAE521,150.00,INR,2026-07-21 10:27:03.0,UPI,UPI,Paytm Payments Bank,463162092350150,TXN_SUCCESS,01,Txn Success,DCTB6JOJJ+I7neNlQeM/HKQaY5ux9si3JV4pyEYTSHg=,DYNAMIC_QR,cust_6495bfab14,C0309
VYOMDEMO0001234567,ORD_VYOM_000334,20260721171346926B813DA4ADBF,440.00,INR,2026-07-21 17:13:46.0,UPI,UPI,Paytm Payments Bank,571977159722053,TXN_SUCCESS,01,Txn Success,wwoA6g8SSuLRlv+sq78B7QfqpPAk3K3XXuuz6/vMWz0=,DYNAMIC_QR,cust_240753abf1,C0015
VYOMDEMO0001234567,ORD_VYOM_000919,20260721180114476B7E5DCFEDDE,350.00,INR,2026-07-21 18:01:14.0,DC,ICICI,ICICI,490148378685399,TXN_SUCCESS,01,Txn Success,v6ZiDqWg+LWaKJX6BKAXxw9lkRUcRlQX6vMfORet3FU=,DYNAMIC_QR,cust_a4d97a4e7d,C0044
VYOMDEMO0001234567,ORD_VYOM_001382,202607211806291625A08310FBFB,260.00,INR,2026-07-21 18:06:29.0,CC,HDFC,HDFC,87171825124524,TXN_SUCCESS,01,Txn Success,9oyaUtQReKv86I5NuVPw+y46Ziy3G2Ieup5dIBFVdCQ=,DYNAMIC_QR,cust_6e5ea23889,C0063
VYOMDEMO0001234567,ORD_VYOM_002284,20260721182721681D530BA59A01,140.00,INR,2026-07-21 18:27:21.0,UPI,UPI,Paytm Payments Bank,890288772547381,TXN_SUCCESS,01,Txn Success,1DOyo2ZzpRXhKB6wpagPJMXItxkWLORprrXp7wxff/o=,DYNAMIC_QR,cust_9ca7c4f236,C0320
VYOMDEMO0001234567,ORD_VYOM_000068,20260721184458A83DADD83795B5,150.00,INR,2026-07-21 18:44:58.0,UPI,UPI,Paytm Payments Bank,238424375969868,TXN_SUCCESS,01,Txn Success,+iF8nja20ZCttkChF0J2AV9OLtFfRsL0f2beTUKFjsU=,DYNAMIC_QR,cust_23bc5b213e,C0004
VYOMDEMO0001234567,ORD_VYOM_000270,202607211849520DB9CEF412C203,420.00,INR,2026-07-21 18:49:52.0,UPI,UPI,Paytm Payments Bank,626878251911362,TXN_SUCCESS,01,Txn Success,kowCgx5Ly9bIyhx856PpSJZT6YBw/8+hcVrbjU6xzq0=,DYNAMIC_QR,cust_679aa0bd53,C0012
VYOMDEMO0001234567,ORD_VYOM_001576,20260721195446929BB4E1BE28AC,160.00,INR,2026-07-21 19:54:46.0,DC,ICICI,ICICI,893614783703274,PENDING,400,Transaction is pending confirmation.,MTt8XwKEfc0nualm011wP9X4m2XXaS+jt+vsqmMHBSc=,DYNAMIC_QR,cust_0f60f6842b,C0079
VYOMDEMO0001234567,ORD_VYOM_000678,20260721201234AD46F80183208F,260.00,INR,2026-07-21 20:12:34.0,PPI,WALLET,WALLET,995537899918073,TXN_SUCCESS,01,Txn Success,avIkrTTVWnfskV6X8P551ODBvApO5mSt44bnHfS0oDA=,DYNAMIC_QR,cust_e87a5633d4,C0033
VYOMDEMO0001234567,ORD_VYOM_001505,202607212049539570FB18463F05,260.00,INR,2026-07-21 20:49:53.0,UPI,UPI,Paytm Payments Bank,174666995383861,TXN_SUCCESS,01,Txn Success,FstBFXIO/j6T/ErAdQK1nYbt2wyvJ71stQCaWsHf4cs=,DYNAMIC_QR,cust_196caee96d,C0071
VYOMDEMO0001234567,ORD_VYOM_000040,20260721205225ED525A248A9F84,350.00,INR,2026-07-21 20:52:25.0,UPI,UPI,Paytm Payments Bank,303246030861568,TXN_SUCCESS,01,Txn Success,tqbhFs7Jj5cqz0nXHvvB2lg6Xy2XfeRlTkTo8OrcG5Y=,DYNAMIC_QR,cust_c4796bc897,C0003
VYOMDEMO0001234567,ORD_VYOM_001847,20260721205343C3A668DCC8E6AB,250.00,INR,2026-07-21 20:53:43.0,CC,HDFC,HDFC,253979124951694,TXN_SUCCESS,01,Txn Success,OkFfb9jky41I4yY3awSM/2SYozl5zIqfggkx2SWOlw4=,DYNAMIC_QR,cust_8a55b6b351,C0130
VYOMDEMO0001234567,ORD_VYOM_001895,202607212059529BBC6537DA3CEE,150.00,INR,2026-07-21 20:59:52.0,UPI,UPI,Paytm Payments Bank,675146531320557,TXN_SUCCESS,01,Txn Success,PjVzhMghK7TlqiFZ5ZX7SfXZAY9diPfcyuoPNvHRCM0=,DYNAMIC_QR,cust_d25b7ce37d,C0139
VYOMDEMO0001234567,ORD_VYOM_001569,202607212106298079874F0E2B47,350.00,INR,2026-07-21 21:06:29.0,CC,HDFC,HDFC,770431912426830,TXN_SUCCESS,01,Txn Success,9sTaItWwmcoWuWoCgdp46i55XZS6jSlu+pimpnn0fzc=,DYNAMIC_QR,cust_e8227b8c5e,C0078
VYOMDEMO0001234567,ORD_VYOM_000476,20260721213459FB74CCB8B957DA,320.00,INR,2026-07-21 21:34:59.0,UPI,UPI,Paytm Payments Bank,577795389119754,TXN_SUCCESS,01,Txn Success,qbf8M0zJKD1+jSt8YIam0iRCQZYZY1zjFZF1t3O5XQQ=,DYNAMIC_QR,cust_6e959f4c64,C0023
VYOMDEMO0001234567,ORD_VYOM_000661,20260722080224DB932FE89F66DD,250.00,INR,2026-07-22 08:02:24.0,CC,HDFC,HDFC,357328449084553,TXN_SUCCESS,01,Txn Success,BV/c226T4yfZBV+g78DibSUmsQdivCPh+1aP7e2SwrI=,DYNAMIC_QR,cust_a06e38f5f5,C0032
VYOMDEMO0001234567,ORD_VYOM_000644,20260722080525DAFF5AE2F0D57D,250.00,INR,2026-07-22 08:05:25.0,UPI,UPI,Paytm Payments Bank,501304174796459,TXN_SUCCESS,01,Txn Success,oowLG8VsBp09GjpxTGpOgZknKub9hXhDWnw4N0j3KRk=,DYNAMIC_QR,cust_30c7131331,C0031
VYOMDEMO0001234567,ORD_VYOM_000188,20260722083204C4B8B78F5B6B9B,320.00,INR,2026-07-22 08:32:04.0,PPI,WALLET,WALLET,372394772246411,TXN_SUCCESS,01,Txn Success,+axtD/ReYh7EY+NNovCjG5+VBEHkUHFYzn+UHzRfoqQ=,DYNAMIC_QR,cust_24551de984,C0009
VYOMDEMO0001234567,ORD_VYOM_002077,20260722084235F17B5608217615,210.00,INR,2026-07-22 08:42:35.0,UPI,UPI,Paytm Payments Bank,899052650001466,TXN_SUCCESS,01,Txn Success,JNuheTyvCyOq+mOqZP+mBbUov8mMPliTiFEJ5rLjfv4=,DYNAMIC_QR,cust_ce4000d3e6,C0177
VYOMDEMO0001234567,ORD_VYOM_000119,20260722084914620D496D73C5B6,300.00,INR,2026-07-22 08:49:14.0,UPI,UPI,Paytm Payments Bank,588682375379576,TXN_SUCCESS,01,Txn Success,KbBa8T5GodQs0BuUGQegdm1A0bKLOIct7gsc1ktd0sA=,DYNAMIC_QR,cust_4b7feffc40,C0006
VYOMDEMO0001234567,ORD_VYOM_001033,20260722092117135EA16D0CC117,250.00,INR,2026-07-22 09:21:17.0,CC,HDFC,HDFC,281926846567518,TXN_SUCCESS,01,Txn Success,c7MJ+qbdSpwSRfPwqlEVUCSgpvqzzgZqMhLxAhZYIFE=,DYNAMIC_QR,cust_c3657372a9,C0048
VYOMDEMO0001234567,ORD_VYOM_001941,2026072209372179833CE142B0C8,150.00,INR,2026-07-22 09:37:21.0,UPI,UPI,Paytm Payments Bank,706374424597461,TXN_SUCCESS,01,Txn Success,yEKpVCDY7QNMfhCLjveKXeUrhJFmCp0bEQNCbIcHoAo=,DYNAMIC_QR,cust_ae8f8ca329,C0150
VYOMDEMO0001234567,ORD_VYOM_000755,202607220942444316DEE2A244B4,390.00,INR,2026-07-22 09:42:44.0,UPI,UPI,Paytm Payments Bank,426391710917908,TXN_SUCCESS,01,Txn Success,jItmVBfixgtTGktg7hpwTozmnU3gRdrBJRuAjqCgaSI=,DYNAMIC_QR,cust_9a8d00481d,C0037
VYOMDEMO0001234567,ORD_VYOM_000425,20260722094653F19E4BCC9CDA79,290.00,INR,2026-07-22 09:46:53.0,UPI,UPI,Paytm Payments Bank,318371783255831,TXN_SUCCESS,01,Txn Success,+Ql4zB7oLDcyogQKbcSPuuXVAad1gk9jPRDDzHym5fw=,DYNAMIC_QR,cust_173fc6de8b,C0020
VYOMDEMO0001234567,ORD_VYOM_001360,20260722095840A68ACDCF538AEE,300.00,INR,2026-07-22 09:58:40.0,DC,ICICI,ICICI,139192572836890,TXN_SUCCESS,01,Txn Success,q/rRiDRCFT+vWTKaGrXbB3wOKvdsyI0Q2vi2M4mm/9A=,DYNAMIC_QR,cust_2f66dd2f4f,C0062
VYOMDEMO0001234567,ORD_VYOM_000493,20260722123529AD4DA731DAF75E,300.00,INR,2026-07-22 12:35:29.0,UPI,UPI,Paytm Payments Bank,433819663407848,TXN_SUCCESS,01,Txn Success,dsP4o5vBM3N+Q/+Ym1eTWG3HP3CyifC+RAaxBwoxnZA=,DYNAMIC_QR,cust_ecaca9bcdb,C0024
VYOMDEMO0001234567,ORD_VYOM_000408,2026072213134329E600B0DACCAC,350.00,INR,2026-07-22 13:13:43.0,UPI,UPI,Paytm Payments Bank,674719662721692,TXN_SUCCESS,01,Txn Success,StDjBiW2YBCY0/82VvLMmghDHzCgBckBVFGeZRgcdhE=,DYNAMIC_QR,cust_7504516d8c,C0019
VYOMDEMO0001234567,ORD_VYOM_001521,20260722141106546D9D80E44C2B,380.00,INR,2026-07-22 14:11:06.0,UPI,UPI,Paytm Payments Bank,338866658436629,TXN_SUCCESS,01,Txn Success,wGHC1eiGhztWdSgqM2+zHeUN2mnL0Dppl2WOy2Feytg=,DYNAMIC_QR,cust_2f8f5bb109,C0072
VYOMDEMO0001234567,ORD_VYOM_000830,2026072218554039C78EF79DC12E,250.00,INR,2026-07-22 18:55:40.0,PPI,WALLET,WALLET,629155521613423,TXN_SUCCESS,01,Txn Success,zu2p+VeBTkU1YDArxQAIjZetyrwkVHTzXy+MUHMFb9g=,DYNAMIC_QR,cust_8f7c742c92,C0040
VYOMDEMO0001234567,ORD_VYOM_001415,20260722191827222AF9F5688F91,350.00,INR,2026-07-22 19:18:27.0,UPI,UPI,Paytm Payments Bank,75587032425901,TXN_SUCCESS,01,Txn Success,lAilN1vBeayRsU72pUHckE4FuChNhBwoB52P9gXVS/o=,DYNAMIC_QR,cust_3cb63d84a8,C0065
VYOMDEMO0001234567,ORD_VYOM_001530,20260722194036FA6E59CEA0D241,400.00,INR,2026-07-22 19:40:36.0,PPI,WALLET,WALLET,862386890426370,TXN_SUCCESS,01,Txn Success,At5IKGuZ6W4YJh1sRV4wabYPk1PFiZdQ8fY6O1Sfrc8=,DYNAMIC_QR,cust_da25303e2b,C0073
VYOMDEMO0001234567,ORD_VYOM_000005,2026072219405863CC767CEBE4D5,300.00,INR,2026-07-22 19:40:58.0,UPI,UPI,Paytm Payments Bank,351172208404870,TXN_SUCCESS,01,Txn Success,X+gjnkrae8pZzaCT8FyGJvdRdmG9fUPDBaYsCNoUEcw=,DYNAMIC_QR,cust_639130ba19,C0001
VYOMDEMO0001234567,ORD_VYOM_001429,2026072219555560D34A3A7DBD0D,400.00,INR,2026-07-22 19:55:55.0,UPI,UPI,Paytm Payments Bank,493635544295562,TXN_SUCCESS,01,Txn Success,EIkwHojyVca3kfbDnbk7EPtkQOhxmqtJXwNngDra8nU=,DYNAMIC_QR,cust_1dc57b77e4,C0066
VYOMDEMO0001234567,ORD_VYOM_000155,202607221958175C61D767C37B3D,300.00,INR,2026-07-22 19:58:17.0,UPI,UPI,Paytm Payments Bank,639190020452212,TXN_SUCCESS,01,Txn Success,3JE/SAeN6MHXqiXwYydlPPCwJ0L1NyNtumgAsIHemr0=,DYNAMIC_QR,cust_8e84008d36,C0008
VYOMDEMO0001234567,ORD_VYOM_001582,20260722203913E393AA2D707F0C,320.00,INR,2026-07-22 20:39:13.0,CC,HDFC,HDFC,639190733270728,PENDING,400,Transaction is pending confirmation.,qPxhrHw8mbLBp5NxnnpkVk6vOB00B+j5zQVQxDgNkLI=,DYNAMIC_QR,cust_caabbd1275,C0080
VYOMDEMO0001234567,ORD_VYOM_001885,20260723084458ED4F06217B69B4,270.00,INR,2026-07-23 08:44:58.0,PPI,WALLET,WALLET,942305128308907,TXN_SUCCESS,01,Txn Success,Hj/5SmZvZy3lcnHepBBk61Apbho1zXmQjQ6iddsf+vM=,DYNAMIC_QR,cust_a75b4607f9,C0137
VYOMDEMO0001234567,ORD_VYOM_002165,202607230912430F16560C52AF49,100.00,INR,2026-07-23 09:12:43.0,DC,ICICI,ICICI,995964768516938,TXN_SUCCESS,01,Txn Success,4ap58n1W0k7cO1fX6Qtt+pjJhey3EUTjaCvZbZm/Zy0=,DYNAMIC_QR,cust_4e9605202c,C0199
VYOMDEMO0001234567,ORD_VYOM_002106,2026072309414081E46B7F1DC5EC,280.00,INR,2026-07-23 09:41:40.0,UPI,UPI,Paytm Payments Bank,700464497075663,TXN_SUCCESS,01,Txn Success,jLo7ZOMPw/x/TO5aLUEpYNcWqSxBuqYDf4nOcD5ASFg=,DYNAMIC_QR,cust_27d9650e55,C0182
VYOMDEMO0001234567,ORD_VYOM_002154,202607231047336CB67E3C1E5CC1,220.00,INR,2026-07-23 10:47:33.0,UPI,UPI,Paytm Payments Bank,934310641612494,TXN_SUCCESS,01,Txn Success,lrph+qlLYmVydWQn1xmWsT4qxmov9GbsLp4ORgf7oCg=,DYNAMIC_QR,cust_668ddd0245,C0193
VYOMDEMO0001234567,ORD_VYOM_001647,20260723161551EF2EB1DBB8075F,340.00,INR,2026-07-23 16:15:51.0,UPI,UPI,Paytm Payments Bank,811465781618032,TXN_SUCCESS,01,Txn Success,Rnw7PL/IR5AwAC4Qbbp0Loj6wKII5omK+gBzLoRZ2IU=,DYNAMIC_QR,cust_3e84afa8ec,C0094
VYOMDEMO0001234567,ORD_VYOM_000254,202607231803101B85E56F342C61,300.00,INR,2026-07-23 18:03:10.0,PPI,WALLET,WALLET,528682266499167,TXN_SUCCESS,01,Txn Success,bm583YDCs6jKtva4N4J/OJgK01A3G6eQr1g3OF5jHtk=,DYNAMIC_QR,cust_ca9b9b6adf,C0011
VYOMDEMO0001234567,ORD_VYOM_001416,202607232009011F0CF132EBF791,400.00,INR,2026-07-23 20:09:01.0,PPI,WALLET,WALLET,375123276548336,TXN_SUCCESS,01,Txn Success,nPuS2TJ4uvNrN7YhfL+EoweVGZLuq6Zcj5FAuxffwow=,DYNAMIC_QR,cust_3cb63d84a8,C0065
VYOMDEMO0001234567,ORD_VYOM_001229,20260723202222DFEA3343AEAA2D,450.00,INR,2026-07-23 20:22:22.0,UPI,UPI,Paytm Payments Bank,203438379242865,TXN_SUCCESS,01,Txn Success,CTZ+JLsz1aU8aJa7ZUQZ7gR5kdwk1ioa3ix0F6zOAPk=,DYNAMIC_QR,cust_f249fd9c9c,C0057
VYOMDEMO0001234567,ORD_VYOM_001210,202607232111255604C6E00EEC21,600.00,INR,2026-07-23 21:11:25.0,UPI,UPI,Paytm Payments Bank,326040413756728,TXN_SUCCESS,01,Txn Success,SHhwmT1BEQz+Rs9OQlBvqgMdx53sJX8RxBqsPn72/RQ=,DYNAMIC_QR,cust_b981b6cff8,C0056
VYOMDEMO0001234567,ORD_VYOM_001300,2026072321235979473337371679,340.00,INR,2026-07-23 21:23:59.0,PPI,WALLET,WALLET,507460415476142,TXN_SUCCESS,01,Txn Success,WavEWV3NS2IyWsUP/5P+tz0ZyYZ2viCM4z0nNAOkDWc=,DYNAMIC_QR,cust_2658be5647,C0060
VYOMDEMO0001234567,ORD_VYOM_002113,20260724081902BA3881A7DEB221,400.00,INR,2026-07-24 08:19:02.0,CC,HDFC,HDFC,920426341199509,TXN_SUCCESS,01,Txn Success,nutfepPSluL1vUBc7gXSxmg/Et4rd3un0gsQzkv56M8=,DYNAMIC_QR,cust_d086bba453,C0184
VYOMDEMO0001234567,ORD_VYOM_001383,202607240819358E48AB1995BBFD,330.00,INR,2026-07-24 08:19:35.0,PPI,WALLET,WALLET,386708069246959,TXN_SUCCESS,01,Txn Success,68vDDaJ/3TnLxI6AxOovuV/YSIGSW6IvRP5SjeJp5Xk=,DYNAMIC_QR,cust_6e5ea23889,C0063
VYOMDEMO0001234567,ORD_VYOM_000662,20260724083940993856AA3585EE,440.00,INR,2026-07-24 08:39:40.0,UPI,UPI,Paytm Payments Bank,9138338758073,TXN_SUCCESS,01,Txn Success,8bONkEp653iIGlS5THks5exUb0J7//80T9IVdCmXxl0=,DYNAMIC_QR,cust_a06e38f5f5,C0032
VYOMDEMO0001234567,ORD_VYOM_000920,202607240905125F8E9AE9F13062,350.00,INR,2026-07-24 09:05:12.0,DC,ICICI,ICICI,281417358705323,TXN_SUCCESS,01,Txn Success,iblu0D3tvKQ7O4JU7k41WSdYufTmWAcF6sXm3xt3des=,DYNAMIC_QR,cust_a4d97a4e7d,C0044
VYOMDEMO0001234567,ORD_VYOM_000213,20260724094203CF2CED923E8100,440.00,INR,2026-07-24 09:42:03.0,DC,ICICI,ICICI,380160023199817,TXN_SUCCESS,01,Txn Success,HnXGFm2me/IEBPqS/b2eusw/rkJOEvv04u7vIe6Db4s=,DYNAMIC_QR,cust_785ff6e6b2,C0010
VYOMDEMO0001234567,ORD_VYOM_001195,20260724095659F2017525881C4A,400.00,INR,2026-07-24 09:56:59.0,UPI,UPI,Paytm Payments Bank,471203797364435,TXN_SUCCESS,01,Txn Success,G43Bx9TCQkktBZiX7a9ThJ+P/M6elrIq3BGGqScZaLU=,DYNAMIC_QR,cust_4b274e83b3,C0055
VYOMDEMO0001234567,ORD_VYOM_002016,20260724104331625E294C785867,350.00,INR,2026-07-24 10:43:31.0,CC,HDFC,HDFC,866963667842793,TXN_SUCCESS,01,Txn Success,p5jKDOPifNYP2gOYCdRK2Ueln/kmLV6pjJKL+47FlJA=,DYNAMIC_QR,cust_e008798f73,C0165
VYOMDEMO0001234567,ORD_VYOM_000371,20260724104928C190169D781579,280.00,INR,2026-07-24 10:49:28.0,PPI,WALLET,WALLET,173246303686744,TXN_SUCCESS,01,Txn Success,UTikfH4J729FHzwaheX1WlaILjPiRiud39cACRu2LJE=,DYNAMIC_QR,cust_8fe3b75ae8,C0017
VYOMDEMO0001234567,ORD_VYOM_001749,20260724121944B5A624323DC546,220.00,INR,2026-07-24 12:19:44.0,PPI,WALLET,WALLET,832947128213043,TXN_SUCCESS,01,Txn Success,n4uabNeyuxPoxyu4+uHeM84v2AnOYlD3ZiASa+5FHec=,DYNAMIC_QR,cust_160019570b,C0112
VYOMDEMO0001234567,ORD_VYOM_001441,20260724142603156905A20261C4,400.00,INR,2026-07-24 14:26:03.0,DC,ICICI,ICICI,187185111003722,TXN_SUCCESS,01,Txn Success,vUcLU7p6uQOMLXVv9O3KVkx70dVxIYV7hYfwWzYeO7w=,DYNAMIC_QR,cust_0190a5b25c,C0067
VYOMDEMO0001234567,ORD_VYOM_001062,20260724160847D19663A2EDAEB6,350.00,INR,2026-07-24 16:08:47.0,UPI,UPI,Paytm Payments Bank,246310494450797,TXN_SUCCESS,01,Txn Success,ryNxquwDo1ftrdy2pTBqqeTsEDA1/qbNauS0dZP72LY=,DYNAMIC_QR,cust_fc7659f04d,C0049
VYOMDEMO0001234567,ORD_VYOM_000959,202607241931089AD298694272EB,480.00,INR,2026-07-24 19:31:08.0,DC,ICICI,ICICI,644619285289668,TXN_SUCCESS,01,Txn Success,boGQHsRIUhbcFwvvhtbX8YcVtsEbkXiYC74AtpX6SkY=,DYNAMIC_QR,cust_d544bf3b16,C0045
VYOMDEMO0001234567,ORD_VYOM_001125,20260724194324990891F7359904,360.00,INR,2026-07-24 19:43:24.0,UPI,UPI,Paytm Payments Bank,114429049299709,TXN_SUCCESS,01,Txn Success,bKcd6oZqi9wJLF4Nd25C6z79anj0ySx15PO6b9kZyps=,DYNAMIC_QR,cust_009f929355,C0052
VYOMDEMO0001234567,ORD_VYOM_002211,2026072420103667DA01D5219498,120.00,INR,2026-07-24 20:10:36.0,DC,ICICI,ICICI,27192661793842,TXN_FAILURE,227,Your payment has been declined by your bank.,1bm2wTkc5uIzIbb+zeVbmBoQmQH+5aEdJH6qYrFB7Wg=,DYNAMIC_QR,cust_7dd5855a37,C0245
VYOMDEMO0001234567,ORD_VYOM_002180,202607242017586F7B60FBB5334B,80.00,INR,2026-07-24 20:17:58.0,UPI,UPI,Paytm Payments Bank,45908720190315,TXN_SUCCESS,01,Txn Success,LAXrzTXA9g8Y/fy1ur6QzzA6eaiHrchRl/l1d31HAbM=,DYNAMIC_QR,cust_17d4c81fab,C0214
VYOMDEMO0001234567,ORD_VYOM_000451,202607242026444D164BBB072C1D,360.00,INR,2026-07-24 20:26:44.0,PPI,WALLET,WALLET,429969861833652,TXN_SUCCESS,01,Txn Success,Fol7qgxIPjq/lFToIf4tTp2ZPFAFmDE/peruJdJylac=,DYNAMIC_QR,cust_c412e8f05c,C0022
VYOMDEMO0001234567,ORD_VYOM_002286,20260724203248FAF9CCD1535776,80.00,INR,2026-07-24 20:32:48.0,DC,ICICI,ICICI,187781905039174,TXN_FAILURE,810,Payment failed due to a technical error.,MHCeiRnr8cvFe9JCtEHn+Oyr0awfeC0fj1YZFm5LBUw=,DYNAMIC_QR,cust_3e4f0e3f6b,C0322
VYOMDEMO0001234567,ORD_VYOM_000069,20260724203903075A9C9FFD1E8A,60.00,INR,2026-07-24 20:39:03.0,DC,ICICI,ICICI,721073308392859,TXN_SUCCESS,01,Txn Success,a2uz8HUyWrM7r7OiNdpYDKfhTutPkQcO8iBHAbhSIKM=,DYNAMIC_QR,cust_23bc5b213e,C0004
VYOMDEMO0001234567,ORD_VYOM_000120,20260724210537F4311ACB54A420,190.00,INR,2026-07-24 21:05:37.0,UPI,UPI,Paytm Payments Bank,559969589008476,TXN_SUCCESS,01,Txn Success,YIovsaUICOMaHMOV7U94Lnz/jGTRsZQV05xjOsqgAIs=,DYNAMIC_QR,cust_4b7feffc40,C0006
VYOMDEMO0001234567,ORD_VYOM_000511,20260724212713691DCBEFB0C36B,280.00,INR,2026-07-24 21:27:13.0,UPI,UPI,Paytm Payments Bank,76622850146684,TXN_SUCCESS,01,Txn Success,2AqKJEgZfpZD2u4onRi4HrSpQ2pRzTVGWaKwHir8+lw=,DYNAMIC_QR,cust_f28cbf1be8,C0025
VYOMDEMO0001234567,ORD_VYOM_001912,20260724215447E9E5CD46FB15CB,350.00,INR,2026-07-24 21:54:47.0,UPI,UPI,Paytm Payments Bank,888553789976779,TXN_SUCCESS,01,Txn Success,DIJUEEqyvYjss+Ce82Tv7L690M5D4yX1R+KORNdqwUU=,DYNAMIC_QR,cust_5f6c8a8dea,C0144
VYOMDEMO0001234567,ORD_VYOM_000477,2026072508120479B535D5C7C855,450.00,INR,2026-07-25 08:12:04.0,PPI,WALLET,WALLET,541567940411473,TXN_SUCCESS,01,Txn Success,AXJF1RA4+kJcF2xRtOsJ/YNUkjMeXvCoDyDHfCP9c9w=,DYNAMIC_QR,cust_6e959f4c64,C0023
VYOMDEMO0001234567,ORD_VYOM_001999,202607250840026BD25A01BE1B18,200.00,INR,2026-07-25 08:40:02.0,DC,ICICI,ICICI,989060606445301,TXN_SUCCESS,01,Txn Success,SsUYxF6Uwnp9g2fpc2fy+8jMEi1gQDFQVfqPX32+5E0=,DYNAMIC_QR,cust_3594fc7200,C0162
VYOMDEMO0001234567,ORD_VYOM_000979,20260725090428CE4A91849590A5,260.00,INR,2026-07-25 09:04:28.0,UPI,UPI,Paytm Payments Bank,136801366998431,TXN_SUCCESS,01,Txn Success,vhachBE6cQmB514DcxlLzAz9UWxE+E2LIyKjD3aV0lQ=,DYNAMIC_QR,cust_3433633783,C0046
VYOMDEMO0001234567,ORD_VYOM_000854,20260725094708AF9355F7C0D498,340.00,INR,2026-07-25 09:47:08.0,CC,HDFC,HDFC,135711042373655,TXN_SUCCESS,01,Txn Success,YoiTQ7tKu+UEEmx24AOFvJUmfZz5tO3ktQJVpl9IE4I=,DYNAMIC_QR,cust_d212ee719a,C0041
VYOMDEMO0001234567,ORD_VYOM_000271,202607251002501477E7602E290E,500.00,INR,2026-07-25 10:02:50.0,PPI,WALLET,WALLET,222299997074926,TXN_SUCCESS,01,Txn Success,OofX0b1WSJD68hhghlcy03sqMBk7xjm+NVPLm65cqr4=,DYNAMIC_QR,cust_679aa0bd53,C0012
VYOMDEMO0001234567,ORD_VYOM_001250,202607251038491C86B5DF4DA2F8,400.00,INR,2026-07-25 10:38:49.0,DC,ICICI,ICICI,360148651510575,TXN_SUCCESS,01,Txn Success,rDHXzyV+paJyYcO3eouPLa6wBVdzjzsQWgobJNwDr98=,DYNAMIC_QR,cust_6b44d63f59,C0058
VYOMDEMO0001234567,ORD_VYOM_002264,202607251039028B8589C113A063,160.00,INR,2026-07-25 10:39:02.0,CC,HDFC,HDFC,861843244883893,TXN_SUCCESS,01,Txn Success,EnDCfkJKV+lsadc9nNTSwaqEOJH48GjLOO6OVZrtxf4=,DYNAMIC_QR,cust_4206cf663f,C0299
VYOMDEMO0001234567,ORD_VYOM_001819,20260725145119319EBC57C33701,280.00,INR,2026-07-25 14:51:19.0,UPI,UPI,Paytm Payments Bank,51575822231514,TXN_SUCCESS,01,Txn Success,yzL47aLkwRVz5xtxtA3SPRcHHKWL2dgaqr+RGIujH3U=,DYNAMIC_QR,cust_e41964869d,C0126
VYOMDEMO0001234567,ORD_VYOM_001274,20260725161047BA5B5DEEDAA75A,420.00,INR,2026-07-25 16:10:47.0,UPI,UPI,Paytm Payments Bank,619058494053963,TXN_SUCCESS,01,Txn Success,h6/uSbBTUOdP6rHFW8RcZX2rfAgoRY7qkxR/82ONNQE=,DYNAMIC_QR,cust_4b0cb4e62f,C0059
VYOMDEMO0001234567,ORD_VYOM_000798,2026072516141137FFA67C8D367F,320.00,INR,2026-07-25 16:14:11.0,UPI,UPI,Paytm Payments Bank,675417469160493,TXN_SUCCESS,01,Txn Success,K2mpoX17TqYHaO1i9TqnxOnicMmapLFSJOqDruDO8zc=,DYNAMIC_QR,cust_0b348a9dd1,C0039
VYOMDEMO0001234567,ORD_VYOM_001406,202607251722190F560785B693D5,300.00,INR,2026-07-25 17:22:19.0,UPI,UPI,Paytm Payments Bank,892035320440014,TXN_SUCCESS,01,Txn Success,UUBCjUQBi7Nt/s/UM9ee03lnqd4L2WGPcGL/8au4qIw=,DYNAMIC_QR,cust_63b68fdde8,C0064
VYOMDEMO0001234567,ORD_VYOM_002054,202607251728101B70E9D8AD17A1,180.00,INR,2026-07-25 17:28:10.0,UPI,UPI,Paytm Payments Bank,923660654231305,TXN_SUCCESS,01,Txn Success,8uraA+iAC6XjyRr35CBpFIsJsIMwPj0xN0/hfyDerA8=,DYNAMIC_QR,cust_bf73a29822,C0172
VYOMDEMO0001234567,ORD_VYOM_000601,20260725180735F0720DB9B6D006,240.00,INR,2026-07-25 18:07:35.0,DC,ICICI,ICICI,243122020913814,TXN_SUCCESS,01,Txn Success,sCz0qBbyoMJdAnwbyq2WPHXbl1F/W/0Eh1UtU8z8hbg=,DYNAMIC_QR,cust_106abbb9b5,C0029
VYOMDEMO0001234567,ORD_VYOM_000999,202607251947489C190114ED1BE5,310.00,INR,2026-07-25 19:47:48.0,UPI,UPI,Paytm Payments Bank,610511047535821,TXN_SUCCESS,01,Txn Success,PRMjRnOcpjOHaekqIfIlfSk884qRs/dvI2qal55huIU=,DYNAMIC_QR,cust_f966ed1ab1,C0047
VYOMDEMO0001234567,ORD_VYOM_000041,20260725204357D41B782B78FF07,300.00,INR,2026-07-25 20:43:57.0,CC,HDFC,HDFC,245399290615875,TXN_SUCCESS,01,Txn Success,AtnuFy6eYiZQ9i+JCklw8pLPjVvUHBk85somxDXzT0U=,DYNAMIC_QR,cust_c4796bc897,C0003
VYOMDEMO0001234567,ORD_VYOM_002026,20260725212418D23583879603E1,300.00,INR,2026-07-25 21:24:18.0,DC,ICICI,ICICI,494763060140442,TXN_SUCCESS,01,Txn Success,vvqtxfGzgQiY12EM4BgDWGheQWxCCRPyZ/b5wvzV0uM=,DYNAMIC_QR,cust_b4af432e1d,C0166
VYOMDEMO0001234567,ORD_VYOM_001924,20260726083330859618ABEA16C1,210.00,INR,2026-07-26 08:33:30.0,UPI,UPI,Paytm Payments Bank,699465870574984,TXN_SUCCESS,01,Txn Success,Gu3SlLNDMi7qmwnj+yIVpb3FqaNvjKqRvN0De9QPa3M=,DYNAMIC_QR,cust_5a59e13d58,C0147
VYOMDEMO0001234567,ORD_VYOM_000214,202607260850183084DDDFBA00AF,550.00,INR,2026-07-26 08:50:18.0,UPI,UPI,Paytm Payments Bank,260796693668590,TXN_SUCCESS,01,Txn Success,PzeX5k+1tTJy+0PdURqzWvBlcO+yMC3U4T9kIGwLcAA=,DYNAMIC_QR,cust_785ff6e6b2,C0010
VYOMDEMO0001234567,ORD_VYOM_000140,2026072608540214BCD3D10DE913,380.00,INR,2026-07-26 08:54:02.0,UPI,UPI,Paytm Payments Bank,402683468255041,TXN_SUCCESS,01,Txn Success,4Sy50XNz+wavxj31oe/1hoaHYStkBryY6zDYn4qid0o=,DYNAMIC_QR,cust_eabdbf3bc8,C0007
VYOMDEMO0001234567,ORD_VYOM_001543,202607260917542F36C3167869A0,310.00,INR,2026-07-26 09:17:54.0,CC,HDFC,HDFC,882029991004651,TXN_SUCCESS,01,Txn Success,csbA4fs6HjHEQRPueygbfbxZSZa7ANon6GCy350AkPA=,DYNAMIC_QR,cust_61b01a22c0,C0074
VYOMDEMO0001234567,ORD_VYOM_000892,20260726091817525066F07BE051,380.00,INR,2026-07-26 09:18:17.0,PPI,WALLET,WALLET,79014055985143,TXN_FAILURE,810,Payment failed due to a technical error.,eP0dptZ9UVvMIAt37bTwt8Pb6ZC1pbKNa+Lci+herLo=,DYNAMIC_QR,cust_20281afbd7,C0043
VYOMDEMO0001234567,ORD_VYOM_000554,202607261005075CB6D4F36332D7,350.00,INR,2026-07-26 10:05:07.0,CC,HDFC,HDFC,332196654436411,TXN_SUCCESS,01,Txn Success,F6yFev9QqmDWmPVrPue9uSbjoPuVS1OtlvyMg3cLs08=,DYNAMIC_QR,cust_a1b51de3dc,C0027
VYOMDEMO0001234567,ORD_VYOM_002236,202607261008170EDE3961B40D0B,140.00,INR,2026-07-26 10:08:17.0,PPI,WALLET,WALLET,679827161947543,TXN_SUCCESS,01,Txn Success,rKqzU64OhfujPJGqAzZEnaXIqJKhijjyZB0nXFxL6vk=,DYNAMIC_QR,cust_8a16b9e742,C0270
VYOMDEMO0001234567,ORD_VYOM_000394,20260726101218C65420D4AB912E,250.00,INR,2026-07-26 10:12:18.0,UPI,UPI,Paytm Payments Bank,925324171409021,TXN_SUCCESS,01,Txn Success,N7nkciXJq2i8Qbw085HLuwfV/7fI2VD3KEsFdSv8jfg=,DYNAMIC_QR,cust_1758aa28d3,C0018
VYOMDEMO0001234567,ORD_VYOM_000296,202607261047443867EF60E69831,410.00,INR,2026-07-26 10:47:44.0,UPI,UPI,Paytm Payments Bank,515280173333541,TXN_SUCCESS,01,Txn Success,7iL6SmbzY4McP8l1EEidL92oRQj5E2fIsYYU8d5U5lI=,DYNAMIC_QR,cust_2db547fcb3,C0013
VYOMDEMO0001234567,ORD_VYOM_001332,202607261112571C64738D552754,280.00,INR,2026-07-26 11:12:57.0,CC,HDFC,HDFC,461198467929072,TXN_SUCCESS,01,Txn Success,NsZDoLdYByksLoCefk7nadf2rtJ5gw9tQBpruCDidWA=,DYNAMIC_QR,cust_33de551bb3,C0061
VYOMDEMO0001234567,ORD_VYOM_001840,20260726120203FD451FFEDFE0D3,250.00,INR,2026-07-26 12:02:03.0,PPI,WALLET,WALLET,149096889868904,TXN_SUCCESS,01,Txn Success,1cHfnv/YmFX+epxgahkDz0/X/POurMoTP7HCJ/yaz+I=,DYNAMIC_QR,cust_a2033d34f3,C0129
VYOMDEMO0001234567,ORD_VYOM_000439,20260726143634AEA7AD34DB5DAE,360.00,INR,2026-07-26 14:36:34.0,UPI,UPI,Paytm Payments Bank,608233777833760,TXN_SUCCESS,01,Txn Success,4opwbDJr5Y3chquqwGgvQClGJ3Wd5BfpcORdYlE8fp8=,DYNAMIC_QR,cust_bb103c6777,C0021
VYOMDEMO0001234567,ORD_VYOM_002036,2026072618055983EFCE7E3F02F6,480.00,INR,2026-07-26 18:05:59.0,DC,ICICI,ICICI,9789639697518,TXN_SUCCESS,01,Txn Success,vWbodTPRsPbzpSoXFDPirmNFIVuVggfJeruH99slim8=,DYNAMIC_QR,cust_a3cf8e4c75,C0167
VYOMDEMO0001234567,ORD_VYOM_001506,20260726182412FB3FA6A618D952,350.00,INR,2026-07-26 18:24:12.0,UPI,UPI,Paytm Payments Bank,116820255138168,TXN_SUCCESS,01,Txn Success,2hxIY9w0eYQJspa6gcBkOp8CPTnYlK318coM9yimC5U=,DYNAMIC_QR,cust_196caee96d,C0071
VYOMDEMO0001234567,ORD_VYOM_001992,20260726183015C8100C09766B5E,240.00,INR,2026-07-26 18:30:15.0,PPI,WALLET,WALLET,112243477721745,TXN_SUCCESS,01,Txn Success,1BwZm+3N4szWsRONPk0j5hL4xyzK2gRReKWoY5CuYFM=,DYNAMIC_QR,cust_6acbbf9b37,C0159
VYOMDEMO0001234567,ORD_VYOM_001230,202607261940164C76E6B245DE21,400.00,INR,2026-07-26 19:40:16.0,PPI,WALLET,WALLET,665901278363614,TXN_SUCCESS,01,Txn Success,Z4Lfqy2Y8JXFsn83C0R5KHKlrdz5f6IMk444X5RB6mQ=,DYNAMIC_QR,cust_f249fd9c9c,C0057
VYOMDEMO0001234567,ORD_VYOM_002084,20260726194953FDAD416297CB9E,220.00,INR,2026-07-26 19:49:53.0,DC,ICICI,ICICI,799328029097680,TXN_SUCCESS,01,Txn Success,Q6efvkfpS2UNv/UF+3VSeqwSOumpeeIwfRfdNLhP1Tk=,DYNAMIC_QR,cust_576bb1d029,C0179
VYOMDEMO0001234567,ORD_VYOM_000156,20260726195514916A4D013A8B91,300.00,INR,2026-07-26 19:55:14.0,UPI,UPI,Paytm Payments Bank,558243986665570,TXN_SUCCESS,01,Txn Success,WP9+LKbuMEICeNQO10DwBsk+junUO8nMYLzmx/ySJ+c=,DYNAMIC_QR,cust_8e84008d36,C0008
VYOMDEMO0001234567,ORD_VYOM_001108,2026072620001008C0C7465547A8,340.00,INR,2026-07-26 20:00:10.0,UPI,UPI,Paytm Payments Bank,395255515765101,TXN_SUCCESS,01,Txn Success,HPftBRQ+S1ZC4f3lZ4ZrATWh0j5cNoXbPji8Ftq/6gg=,DYNAMIC_QR,cust_daf1fef437,C0051
VYOMDEMO0001234567,ORD_VYOM_001176,20260726210807334C8F42499C98,420.00,INR,2026-07-26 21:08:07.0,UPI,UPI,Paytm Payments Bank,38088962332916,TXN_SUCCESS,01,Txn Success,6PkUhivvxMGFOcwfbL5DoKIn+K3PDiqUb4wl4m37rtA=,DYNAMIC_QR,cust_5cd1790ef5,C0054
VYOMDEMO0001234567,ORD_VYOM_000091,20260726212050FA4B7D7156AC0A,450.00,INR,2026-07-26 21:20:50.0,PPI,WALLET,WALLET,226905943894775,TXN_SUCCESS,01,Txn Success,seC+4RcXgHzAsFJGMXjiJh3dPtM+hUtvlEwbgoBLGQQ=,DYNAMIC_QR,cust_d97b299d31,C0005
VYOMDEMO0001234567,ORD_VYOM_000921,20260726215944583FE555F237FE,410.00,INR,2026-07-26 21:59:44.0,UPI,UPI,Paytm Payments Bank,587922298901156,TXN_SUCCESS,01,Txn Success,YqdDhxiPn/ABxDaRZ/ABYsPT9CUeDgWn7b4piJpYlqI=,DYNAMIC_QR,cust_a4d97a4e7d,C0044
VYOMDEMO0001234567,ORD_VYOM_001604,20260727082649FE7BA1180E01F4,340.00,INR,2026-07-27 08:26:49.0,DC,ICICI,ICICI,511038566391886,TXN_SUCCESS,01,Txn Success,7IyYPNrteVgf5FflPtZRZdGXC+fy4av0lfZyjxZZlP0=,DYNAMIC_QR,cust_a7c5e13796,C0084
VYOMDEMO0001234567,ORD_VYOM_001476,2026072708463703C28FD5D75FDC,400.00,INR,2026-07-27 08:46:37.0,UPI,UPI,Paytm Payments Bank,992487630004543,TXN_SUCCESS,01,Txn Success,aYTdMo60R9eH86g0LeQTixgTlkiWA77KaO4bToNbBuE=,DYNAMIC_QR,cust_2775c4cf89,C0069
VYOMDEMO0001234567,ORD_VYOM_000372,2026072709394807B79F8430FFC8,300.00,INR,2026-07-27 09:39:48.0,UPI,UPI,Paytm Payments Bank,271291161742437,TXN_FAILURE,810,Payment failed due to a technical error.,ZcwcZXx0vtaLuJmO5U8w83KH/C5wolCmWPZB31seb8s=,DYNAMIC_QR,cust_8fe3b75ae8,C0017
VYOMDEMO0001234567,ORD_VYOM_000663,2026072710242536D557308C58F4,420.00,INR,2026-07-27 10:24:25.0,DC,ICICI,ICICI,435399126671108,TXN_SUCCESS,01,Txn Success,OiQpk+wx8TNDwIUPVd/jk+4q/zNDkQR9aT+vp5IywRw=,DYNAMIC_QR,cust_a06e38f5f5,C0032
VYOMDEMO0001234567,ORD_VYOM_000733,20260727112559DDBE49FE7A0152,400.00,INR,2026-07-27 11:25:59.0,DC,ICICI,ICICI,298239544039066,TXN_SUCCESS,01,Txn Success,Orqy+sS+PleSR2H0Dg2QF6yX6mUXvupdB7DexCei4HY=,DYNAMIC_QR,cust_99835ad417,C0036
VYOMDEMO0001234567,ORD_VYOM_000537,20260727141509B00C5B9D72B530,150.00,INR,2026-07-27 14:15:09.0,PPI,WALLET,WALLET,188220928724505,TXN_SUCCESS,01,Txn Success,vwD24nGF7kD0qly0M9yz7VvPOZeaQVu2JSROURUzY2s=,DYNAMIC_QR,cust_41941dbbd4,C0026
VYOMDEMO0001234567,ORD_VYOM_001147,20260727180154F844DEED706AF4,400.00,INR,2026-07-27 18:01:54.0,UPI,UPI,Paytm Payments Bank,213292581321726,TXN_SUCCESS,01,Txn Success,begTQPqTOg/s+OuGEHRClqnJQDzeVQvlEcxQmxFM42A=,DYNAMIC_QR,cust_82cd81d65f,C0053
VYOMDEMO0001234567,ORD_VYOM_000756,202607272120579D68CD49D6D113,300.00,INR,2026-07-27 21:20:57.0,UPI,UPI,Paytm Payments Bank,368544970672215,TXN_SUCCESS,01,Txn Success,W3SWc0qGdBEFYarJ0QA6b8J8j87wMt79GSNBTSLNj3k=,DYNAMIC_QR,cust_9a8d00481d,C0037
VYOMDEMO0001234567,ORD_VYOM_001660,20260727212728F5A3E58B456F7F,250.00,INR,2026-07-27 21:27:28.0,DC,ICICI,ICICI,942706960774134,TXN_SUCCESS,01,Txn Success,PM8UDKoZ6/LheqfquzQWwLWbiTy+iIne21G0C+aKpXM=,DYNAMIC_QR,cust_3a81627454,C0096
VYOMDEMO0001234567,ORD_VYOM_000319,2026072809222017DFC32A356480,400.00,INR,2026-07-28 09:22:20.0,DC,ICICI,ICICI,950050146531102,TXN_SUCCESS,01,Txn Success,bpvWeYCC/o4J79LM14JU6E6ja/yXKM6TZdL3uEpy6Z0=,DYNAMIC_QR,cust_1ae6b5d45e,C0014
VYOMDEMO0001234567,ORD_VYOM_001902,20260728094601ACC26D28F79E55,250.00,INR,2026-07-28 09:46:01.0,PPI,WALLET,WALLET,798329402597001,TXN_SUCCESS,01,Txn Success,Wyu6qtFs6Pe616D8BGJDKW5AzQ9VEuv+CPvdNm3NRMU=,DYNAMIC_QR,cust_eb1e645a35,C0141
VYOMDEMO0001234567,ORD_VYOM_000626,20260728100150346959E93E2EB2,280.00,INR,2026-07-28 10:01:50.0,UPI,UPI,Paytm Payments Bank,436548880528289,TXN_SUCCESS,01,Txn Success,R6sS6pnPOmAetfzQD6JrVc4u0TdRPXLuOioFplLDZtE=,DYNAMIC_QR,cust_9138b9325b,C0030
VYOMDEMO0001234567,ORD_VYOM_000831,202607281013379ABEEE9EBD2571,180.00,INR,2026-07-28 10:13:37.0,UPI,UPI,Paytm Payments Bank,329619277490988,TXN_SUCCESS,01,Txn Success,hvuV9dnHTBlpfhcL8kW+JhNgbrbawGeHLSjJdQxWmDw=,DYNAMIC_QR,cust_8f7c742c92,C0040
VYOMDEMO0001234567,ORD_VYOM_000799,202607281123071A6E8A9000DC63,250.00,INR,2026-07-28 11:23:07.0,CC,HDFC,HDFC,624118774961942,TXN_SUCCESS,01,Txn Success,r7Jj06BrM6VnEy03jKoDIFLgP05TI4LI9IkZlGVtv2A=,DYNAMIC_QR,cust_0b348a9dd1,C0039
VYOMDEMO0001234567,ORD_VYOM_001679,20260728145536D6FC7A8344F7A0,150.00,INR,2026-07-28 14:55:36.0,CC,HDFC,HDFC,177487910628399,TXN_SUCCESS,01,Txn Success,UJwkqSE0KvsFomWZmPqBHMa3AftfCWROV1q33eHgkQw=,DYNAMIC_QR,cust_db670996ed,C0099
VYOMDEMO0001234567,ORD_VYOM_001634,202607281625417E43CA22D64938,160.00,INR,2026-07-28 16:25:41.0,PPI,WALLET,WALLET,744088925626389,TXN_SUCCESS,01,Txn Success,aLU5Gx4+JGD0S3MM4RfU4X0RWTn4SQebDZiI7RVI7us=,DYNAMIC_QR,cust_fb813d4ecf,C0091
VYOMDEMO0001234567,ORD_VYOM_000679,202607281858022965D1EB33AFF8,300.00,INR,2026-07-28 18:58:02.0,UPI,UPI,Paytm Payments Bank,153114064469979,TXN_SUCCESS,01,Txn Success,AOTE//vfXiTKsA5Gyw29K1h4eXJiQVH+E9DOV8DDcEk=,DYNAMIC_QR,cust_e87a5633d4,C0033
VYOMDEMO0001234567,ORD_VYOM_000721,202607281932376C577116B20658,400.00,INR,2026-07-28 19:32:37.0,DC,ICICI,ICICI,109151624637271,TXN_SUCCESS,01,Txn Success,qhLi3NM/S1YSzOEt5S+B/lgAlRdxQzua8pCuKSZ0cQY=,DYNAMIC_QR,cust_37d415cd87,C0035
VYOMDEMO0001234567,ORD_VYOM_000922,202607281950519D5EF5FF534986,300.00,INR,2026-07-28 19:50:51.0,UPI,UPI,Paytm Payments Bank,645769039146849,TXN_SUCCESS,01,Txn Success,b8SoYOgSUbPc9j3/LNKeDhvf6hHqhXujPuU3VR0aZhw=,DYNAMIC_QR,cust_a4d97a4e7d,C0044
VYOMDEMO0001234567,ORD_VYOM_001790,20260728195735EDB7C39654CFCC,290.00,INR,2026-07-28 19:57:35.0,PPI,WALLET,WALLET,75895161485941,TXN_SUCCESS,01,Txn Success,VfTgYvSeiCYF3//1EsOMDQ9SzH//+ems4xrPSVzxClo=,DYNAMIC_QR,cust_4233a595aa,C0118
VYOMDEMO0001234567,ORD_VYOM_001196,20260728203920EF7EA493155B60,380.00,INR,2026-07-28 20:39:20.0,CC,HDFC,HDFC,953852729787426,TXN_SUCCESS,01,Txn Success,ELyDxT/ND5vsi1r4IrKIbzbtB6jlwPmPnCsAQ+2gWb0=,DYNAMIC_QR,cust_4b274e83b3,C0055
VYOMDEMO0001234567,ORD_VYOM_001879,20260728204618F0B9F397FCC156,240.00,INR,2026-07-28 20:46:18.0,DC,ICICI,ICICI,876968997278156,TXN_SUCCESS,01,Txn Success,OQETG7uNLaIzFBqMntCc3yupVMOApeH3pr1F+K8vdWM=,DYNAMIC_QR,cust_9be65df5a3,C0136
VYOMDEMO0001234567,ORD_VYOM_001456,202607282104496C0E0FD6766B6E,260.00,INR,2026-07-28 21:04:49.0,UPI,UPI,Paytm Payments Bank,759644387426731,TXN_SUCCESS,01,Txn Success,bSuk9wamMBnbjlatcZhTVmte8DhPvV604g/8qw8b/Do=,DYNAMIC_QR,cust_f5144e6e67,C0068
VYOMDEMO0001234567,ORD_VYOM_001361,202607282111004BFCDA05A3E5C4,380.00,INR,2026-07-28 21:11:00.0,DC,ICICI,ICICI,456229172326674,TXN_SUCCESS,01,Txn Success,013qkOBxMdJnqlVovupVWu0jIWcKBtXzqi4o0pyBzzc=,DYNAMIC_QR,cust_2f66dd2f4f,C0062
VYOMDEMO0001234567,ORD_VYOM_002161,20260728214007CE81EB21103BE1,280.00,INR,2026-07-28 21:40:07.0,UPI,UPI,Paytm Payments Bank,188872229663950,TXN_SUCCESS,01,Txn Success,MnJO6/5Aa3+D4iSkw5cEhrjmk6btOUMqWyFz5cu/nOk=,DYNAMIC_QR,cust_ee5c6c83a3,C0195
VYOMDEMO0001234567,ORD_VYOM_001301,20260728214236ADC4E77AA5E401,240.00,INR,2026-07-28 21:42:36.0,DC,ICICI,ICICI,39179286957692,TXN_SUCCESS,01,Txn Success,0DJOUCpRe0kotEvtt5dcNWKddlioN7Bm6h4wDKgbznY=,DYNAMIC_QR,cust_2658be5647,C0060
VYOMDEMO0001234567,ORD_VYOM_001251,20260729082536D5CE0A012A0AA1,300.00,INR,2026-07-29 08:25:36.0,DC,ICICI,ICICI,877499719087584,TXN_SUCCESS,01,Txn Success,6RvUEGprG6GE2qu/ioe1D4/R8pVY6dEvXEgtRtwwdLw=,DYNAMIC_QR,cust_6b44d63f59,C0058
VYOMDEMO0001234567,ORD_VYOM_000042,2026072908271462525F862AD2E2,340.00,INR,2026-07-29 08:27:14.0,UPI,UPI,Paytm Payments Bank,350022454547689,TXN_SUCCESS,01,Txn Success,9BNwR0Zr+r99KrnaFU7UfIq58txJUFRb6tfyu164aeQ=,DYNAMIC_QR,cust_c4796bc897,C0003
VYOMDEMO0001234567,ORD_VYOM_000699,20260729093426A8F1086F67E3D5,340.00,INR,2026-07-29 09:34:26.0,UPI,UPI,Paytm Payments Bank,190461007206462,TXN_SUCCESS,01,Txn Success,++JeLTMUE4KA4fydMHn7JWc4fFUeF6BJ+k3gkLrREmo=,DYNAMIC_QR,cust_d4aeae392b,C0034
VYOMDEMO0001234567,ORD_VYOM_002226,20260729095415E15CCC2324165C,380.00,INR,2026-07-29 09:54:15.0,DC,ICICI,ICICI,194853741504619,TXN_SUCCESS,01,Txn Success,CDmBbiEOzxYZvVZX7/5RT85N1cGO4eAvvouJryhpwKg=,DYNAMIC_QR,cust_75ad42ad62,C0260
VYOMDEMO0001234567,ORD_VYOM_001275,2026072910480769B0BB9AAA4830,540.00,INR,2026-07-29 10:48:07.0,CC,HDFC,HDFC,676905234299656,TXN_SUCCESS,01,Txn Success,Wc8aIuBfz8FJg1io7LdtshvBlnyB1vmHHK/TcyrOwgA=,DYNAMIC_QR,cust_4b0cb4e62f,C0059
VYOMDEMO0001234567,ORD_VYOM_000157,2026072912410524454FA9FE17B9,300.00,INR,2026-07-29 12:41:05.0,CC,HDFC,HDFC,616090726911263,TXN_SUCCESS,01,Txn Success,ltwkRAzGxCCxs8HvoVZ/1zBBSsxb56c3F4ABbzUof3U=,DYNAMIC_QR,cust_8e84008d36,C0008
VYOMDEMO0001234567,ORD_VYOM_000664,20260729132950EA119881ED1D0D,380.00,INR,2026-07-29 13:29:50.0,DC,ICICI,ICICI,250827842634815,TXN_SUCCESS,01,Txn Success,F9/SphDmvyRKOB+AmqD6cxtKHmrwW9hYn+m4NcRqPn8=,DYNAMIC_QR,cust_a06e38f5f5,C0032
VYOMDEMO0001234567,ORD_VYOM_000800,20260729141613929163E7270766,450.00,INR,2026-07-29 14:16:13.0,CC,HDFC,HDFC,753488146747048,TXN_SUCCESS,01,Txn Success,nn4ym4tny1071K9tesCsacgNUE8m3sEEtZmb8bQGFw0=,DYNAMIC_QR,cust_0b348a9dd1,C0039
VYOMDEMO0001234567,ORD_VYOM_000452,202607291626158BA6E483D0571A,420.00,INR,2026-07-29 16:26:15.0,PPI,WALLET,WALLET,372123121587959,TXN_SUCCESS,01,Txn Success,RxvYSj3KKCt0c/ExHFTtZ31UhFGx4dKcDHQ6dEMLHQU=,DYNAMIC_QR,cust_c412e8f05c,C0022
VYOMDEMO0001234567,ORD_VYOM_000478,20260729182031A56DA4FAADA9F9,300.00,INR,2026-07-29 18:20:31.0,PPI,WALLET,WALLET,655866066706309,TXN_SUCCESS,01,Txn Success,czhoWCyhJqStzWLhD7sSHv1Eyssylim8nVJUbYIjPds=,DYNAMIC_QR,cust_6e959f4c64,C0023
VYOMDEMO0001234567,ORD_VYOM_000335,202607291858061B84ADC3836952,400.00,INR,2026-07-29 18:58:06.0,PPI,WALLET,WALLET,576674804665999,TXN_FAILURE,411,Invalid Amount sent to Paytm,1n+bMclgU+6nUgb0iQ09bvoCRR9aRqzhg1gFZ6PwBfA=,DYNAMIC_QR,cust_240753abf1,C0015
VYOMDEMO0001234567,ORD_VYOM_001231,20260729191154B64CD78E53A3CB,300.00,INR,2026-07-29 19:11:54.0,CC,HDFC,HDFC,874632298343690,TXN_SUCCESS,01,Txn Success,m7sCvrB3GTQTFPNFF4Gw5f7+FcfsF6SnYgwqS/YHJms=,DYNAMIC_QR,cust_f249fd9c9c,C0057
VYOMDEMO0001234567,ORD_VYOM_000255,2026072919180591E046FDD4D916,360.00,INR,2026-07-29 19:18:05.0,UPI,UPI,Paytm Payments Bank,319951246519091,TXN_SUCCESS,01,Txn Success,bcnzUBbL25b+xFi75ee3OUulsSEzwpufvRok5gN2Jts=,DYNAMIC_QR,cust_ca9b9b6adf,C0011
VYOMDEMO0001234567,ORD_VYOM_000602,20260729193517CB4FFEFE279255,400.00,INR,2026-07-29 19:35:17.0,PPI,WALLET,WALLET,542658265036249,TXN_SUCCESS,01,Txn Success,ZDxP8cbP+DwburfdXfEy/cwgSoZZ+Xbj5WkQm3JBkBE=,DYNAMIC_QR,cust_106abbb9b5,C0029
VYOMDEMO0001234567,ORD_VYOM_001984,20260729194437116A3FFF7F32E4,140.00,INR,2026-07-29 19:44:37.0,PPI,WALLET,WALLET,808183604675862,TXN_SUCCESS,01,Txn Success,8/WJQsOKsT7YgMaXwmUvt0GueZuMC9y1IhkAkPuO0EA=,DYNAMIC_QR,cust_5669b8558f,C0158
VYOMDEMO0001234567,ORD_VYOM_000555,20260729202028404A2DE2E49FD6,360.00,INR,2026-07-29 20:20:28.0,DC,ICICI,ICICI,274349914190718,TXN_SUCCESS,01,Txn Success,7yVyFYYLfnusJ3uTaz3mHJunH8iogJkEnaEyZHbDnPY=,DYNAMIC_QR,cust_a1b51de3dc,C0027
VYOMDEMO0001234567,ORD_VYOM_001034,20260729212706E98332A8E13B73,400.00,INR,2026-07-29 21:27:06.0,CC,HDFC,HDFC,73195826587442,TXN_SUCCESS,01,Txn Success,KYIm02ZmQk9s4+jPOu+yhWNYL+nyXCui5eEnIj9fyK0=,DYNAMIC_QR,cust_c3657372a9,C0048
VYOMDEMO0001234567,ORD_VYOM_000868,2026072921505794439A5C95BEA6,260.00,INR,2026-07-29 21:50:57.0,UPI,UPI,Paytm Payments Bank,328469523633807,TXN_SUCCESS,01,Txn Success,1MfgJ5KirjZ2hobas5K8bFAUlnaifmoPGXcX6F/oWvw=,DYNAMIC_QR,cust_e2d64a5dd5,C0042
VYOMDEMO0001234567,ORD_VYOM_001430,202607300812388813C338001698,350.00,INR,2026-07-30 08:12:38.0,UPI,UPI,Paytm Payments Bank,871242466004552,TXN_SUCCESS,01,Txn Success,+St2PJ1bI0SVamgj6mtadLF+IncRdlEkRfdv3TpdXrU=,DYNAMIC_QR,cust_1dc57b77e4,C0066
VYOMDEMO0001234567,ORD_VYOM_001564,20260730084421C88B5A444581BA,160.00,INR,2026-07-30 08:44:21.0,UPI,UPI,Paytm Payments Bank,902529788513861,TXN_SUCCESS,01,Txn Success,rxI6Lqu//cChdG/C0E4+K6hxqa0sNee21CsXLa0A1rE=,DYNAMIC_QR,cust_4266a809e4,C0077
VYOMDEMO0001234567,ORD_VYOM_000893,2026073008502365E8183449A852,250.00,INR,2026-07-30 08:50:23.0,CC,HDFC,HDFC,378550300107578,TXN_SUCCESS,01,Txn Success,lr1DA6Z0Sy/a3v7C7NZL43GcQ1sPi1ZNXc4zF1kQ8ks=,DYNAMIC_QR,cust_20281afbd7,C0043
VYOMDEMO0001234567,ORD_VYOM_002072,2026073009225039B92F667C9090,340.00,INR,2026-07-30 09:22:50.0,UPI,UPI,Paytm Payments Bank,368967035868653,TXN_SUCCESS,01,Txn Success,urJ6csgmJ3KXFtbUH68w1dCWdocLhiEgHNBOuAziF1I=,DYNAMIC_QR,cust_e15240849f,C0175
VYOMDEMO0001234567,ORD_VYOM_000121,20260730130805E01E587D9D8F66,260.00,INR,2026-07-30 13:08:05.0,UPI,UPI,Paytm Payments Bank,497877151237217,TXN_SUCCESS,01,Txn Success,hCYL9Q347z6ZC0nLujevm7DvS/oYBhONMbK6EKPPG2g=,DYNAMIC_QR,cust_4b7feffc40,C0006
VYOMDEMO0001234567,ORD_VYOM_000426,202607301348592BFC24770B0E39,450.00,INR,2026-07-30 13:48:59.0,UPI,UPI,Paytm Payments Bank,260525043010138,TXN_SUCCESS,01,Txn Success,oDXaZiJmJEfImI5q6pvqJEJ2wntuy9HtofFMiDPgLTg=,DYNAMIC_QR,cust_173fc6de8b,C0020
VYOMDEMO0001234567,ORD_VYOM_000006,20260730142947E2DAF12B25BCC8,300.00,INR,2026-07-30 14:29:47.0,UPI,UPI,Paytm Payments Bank,371396145745732,TXN_SUCCESS,01,Txn Success,VVp5l4QdQcQmXMW7ZzeR6dn+47mMFSyGPKjnq07GVAw=,DYNAMIC_QR,cust_639130ba19,C0001
VYOMDEMO0001234567,ORD_VYOM_000556,20260730182051EEBA0A77DB8949,280.00,INR,2026-07-30 18:20:51.0,UPI,UPI,Paytm Payments Bank,321071830972846,TXN_SUCCESS,01,Txn Success,u0NQp1roiENtrvgnjfDRcunAVMyJfOD2hFjfUeYObPg=,DYNAMIC_QR,cust_a1b51de3dc,C0027
VYOMDEMO0001234567,ORD_VYOM_000960,20260730184659C871C508FACEE3,500.00,INR,2026-07-30 18:46:59.0,UPI,UPI,Paytm Payments Bank,41607684016255,TXN_SUCCESS,01,Txn Success,h9/voFSfya1Vd0XDrDJx77QGe/PFhDGRLHF1KPGT85w=,DYNAMIC_QR,cust_d544bf3b16,C0045
VYOMDEMO0001234567,ORD_VYOM_001333,2026073019391556A64CE8E236A5,400.00,INR,2026-07-30 19:39:15.0,UPI,UPI,Paytm Payments Bank,225028501376851,TXN_FAILURE,411,Invalid Amount sent to Paytm,Vbu00wSFNIlvq9hqAQBUd17vRrfGcR1X2aVvbV+CBBs=,DYNAMIC_QR,cust_33de551bb3,C0061
VYOMDEMO0001234567,ORD_VYOM_000512,202607301945189AB556685F9ED0,350.00,INR,2026-07-30 19:45:18.0,CC,HDFC,HDFC,376159094269119,TXN_SUCCESS,01,Txn Success,P9iixunrWCHSbNTQid7aSu6DAXKXsWKoJZjVXedNiz0=,DYNAMIC_QR,cust_f28cbf1be8,C0025
VYOMDEMO0001234567,ORD_VYOM_001497,2026073020043372F5E06796096C,300.00,INR,2026-07-30 20:04:33.0,UPI,UPI,Paytm Payments Bank,149197902272253,TXN_FAILURE,810,Payment failed due to a technical error.,Vz0i2UxZp+vnPwffSAw85IwdDCi9RBEFNM1lHwKSHCA=,DYNAMIC_QR,cust_6549be84fc,C0070
VYOMDEMO0001234567,ORD_VYOM_000409,202607302122056E6B19B095CEF3,250.00,INR,2026-07-30 21:22:05.0,UPI,UPI,Paytm Payments Bank,473932301666360,TXN_SUCCESS,01,Txn Success,DttzjzX+UrN3jr+bG4mSMpxbU8sRdwJz1es36vV6nW8=,DYNAMIC_QR,cust_7504516d8c,C0019
VYOMDEMO0001234567,ORD_VYOM_001063,202607302143170450ADAC0AEAC5,250.00,INR,2026-07-30 21:43:17.0,UPI,UPI,Paytm Payments Bank,951123512666985,TXN_SUCCESS,01,Txn Success,x/YxAku7NuuV1FQoLtWNF74+oFP81bax6xH3tc7xzT4=,DYNAMIC_QR,cust_fc7659f04d,C0049
VYOMDEMO0001234567,ORD_VYOM_000297,20260731082533211247B696EEB1,320.00,INR,2026-07-31 08:25:33.0,UPI,UPI,Paytm Payments Bank,110701918497105,TXN_SUCCESS,01,Txn Success,2R7FonCYFdn4DreW01dioyPPPcVgqkzygS9UmxxWrn4=,DYNAMIC_QR,cust_2db547fcb3,C0013
VYOMDEMO0001234567,ORD_VYOM_001531,20260731090246128573A509C9D0,480.00,INR,2026-07-31 09:02:46.0,UPI,UPI,Paytm Payments Bank,928882089593554,TXN_SUCCESS,01,Txn Success,hDEV5pM2lkTwRnkSXNUzbY+TLBmGn/Z2Ps37ZBdPh80=,DYNAMIC_QR,cust_da25303e2b,C0073
VYOMDEMO0001234567,ORD_VYOM_001970,202607310915312BF4A7E8C646F9,200.00,INR,2026-07-31 09:15:31.0,CC,HDFC,HDFC,13379945699728,TXN_SUCCESS,01,Txn Success,x4+koRLn42GouWQRVlrAwbTCcuRVcXqBUINBHlc07Qk=,DYNAMIC_QR,cust_a11e480ab9,C0155
VYOMDEMO0001234567,ORD_VYOM_001766,202607310916141AAB78E56137F5,300.00,INR,2026-07-31 09:16:14.0,CC,HDFC,HDFC,688971402501137,TXN_SUCCESS,01,Txn Success,o/JRpc8djsTkxesi04uXfMlV5bQaDABXPCmnx+6PcPQ=,DYNAMIC_QR,cust_b789d332da,C0114
VYOMDEMO0001234567,ORD_VYOM_000571,20260731094655C2A53117B1EB7A,410.00,INR,2026-07-31 09:46:55.0,DC,ICICI,ICICI,476172380148317,TXN_SUCCESS,01,Txn Success,7MsQ8vFG044kL2b1fdbVBbMH+3MAJK6QQIDIGHa3J7Q=,DYNAMIC_QR,cust_99e98f2292,C0028
VYOMDEMO0001234567,ORD_VYOM_000189,2026073110030645E72E1CCC61A6,280.00,INR,2026-07-31 10:03:06.0,DC,ICICI,ICICI,430241512492104,TXN_SUCCESS,01,Txn Success,kZ+U5ZZuP5Hq8r32klSyUj8IGPXHLPjff8gDu0LOoYk=,DYNAMIC_QR,cust_24551de984,C0009
VYOMDEMO0001234567,ORD_VYOM_000272,20260731114100B20072081DE73A,400.00,INR,2026-07-31 11:41:00.0,CC,HDFC,HDFC,463926972230997,TXN_SUCCESS,01,Txn Success,xBZugje3nPZRFndnPBe7wEg6xRpn7dTamas4KMhWG9o=,DYNAMIC_QR,cust_679aa0bd53,C0012
VYOMDEMO0001234567,ORD_VYOM_000070,202607311235324F41BDBE69A77A,320.00,INR,2026-07-31 12:35:32.0,UPI,UPI,Paytm Payments Bank,427578655995193,TXN_SUCCESS,01,Txn Success,QpKuMkBBJPSsLgz69NoLXOWOCqlax8t7SHLo4gj29/w=,DYNAMIC_QR,cust_23bc5b213e,C0004
VYOMDEMO0001234567,ORD_VYOM_001109,2026073113031991B7078D8FC653,480.00,INR,2026-07-31 13:03:19.0,UPI,UPI,Paytm Payments Bank,912606583342110,TXN_SUCCESS,01,Txn Success,e8UtkhR+BYFModKah/QgVntcFVLoRxQz6bbhrRKu+XM=,DYNAMIC_QR,cust_daf1fef437,C0051
VYOMDEMO0001234567,ORD_VYOM_000980,20260731150338EEB76640A3982A,350.00,INR,2026-07-31 15:03:38.0,UPI,UPI,Paytm Payments Bank,487909013021958,TXN_SUCCESS,01,Txn Success,vwDS6MVmY7umbk3crTzxoxp9opGIrNFypEDqUGTZJc8=,DYNAMIC_QR,cust_3433633783,C0046
VYOMDEMO0001234567,ORD_VYOM_000734,2026073115413706A9A9C619BA34,570.00,INR,2026-07-31 15:41:37.0,UPI,UPI,Paytm Payments Bank,269681438650198,TXN_SUCCESS,01,Txn Success,Kf5JyiqjBGVwVwH5SRqc/NuKLbFHBE/IAw7Y8RkT+hc=,DYNAMIC_QR,cust_99835ad417,C0036
VYOMDEMO0001234567,ORD_VYOM_001825,202607311621211C1BB00C1EB159,300.00,INR,2026-07-31 16:21:21.0,PPI,WALLET,WALLET,588958116621939,TXN_SUCCESS,01,Txn Success,uRe1UhK/WGg4fF/qpNkQBArQ8uw8F60U67CyKN0T/OU=,DYNAMIC_QR,cust_a0433965c0,C0127
VYOMDEMO0001234567,ORD_VYOM_000645,20260731185120F391A79ADFC97B,150.00,INR,2026-07-31 18:51:20.0,DC,ICICI,ICICI,16046892780550,TXN_SUCCESS,01,Txn Success,SUdZ2alRMRb5iuFBFLq+Gq/NYyeGLQFEOnA22FFV/2w=,DYNAMIC_QR,cust_30c7131331,C0031
VYOMDEMO0001234567,ORD_VYOM_001507,20260731185607A8BDF90106F600,250.00,INR,2026-07-31 18:56:07.0,UPI,UPI,Paytm Payments Bank,941026485107525,TXN_SUCCESS,01,Txn Success,pC4V2NHtm4UxXVj8n1ZNmbqxQxvjoD0s/TH5ThljJPQ=,DYNAMIC_QR,cust_196caee96d,C0071
VYOMDEMO0001234567,ORD_VYOM_001716,20260731190216205ED075EEF143,250.00,INR,2026-07-31 19:02:16.0,UPI,UPI,Paytm Payments Bank,178637664485580,TXN_SUCCESS,01,Txn Success,K27LbgPG3iv4oPG7v+8wyZ4TRtdGVp2K93xAqLONhX4=,DYNAMIC_QR,cust_8426b31243,C0106
VYOMDEMO0001234567,ORD_VYOM_001544,202607311905200498B2FB907BC0,340.00,INR,2026-07-31 19:05:20.0,CC,HDFC,HDFC,939876731250344,TXN_SUCCESS,01,Txn Success,Tabls2G1KvF2eoe/DL7uML/9jJD4cNNjReoyYdV48zw=,DYNAMIC_QR,cust_61b01a22c0,C0074
VYOMDEMO0001234567,ORD_VYOM_000769,202607311918572D3C0B5B7DBD95,300.00,INR,2026-07-31 19:18:57.0,UPI,UPI,Paytm Payments Bank,319613235237109,TXN_SUCCESS,01,Txn Success,HtKvzY/SFtaplFHbPB3aWxX1K7vFln7GbyJssvI4zEk=,DYNAMIC_QR,cust_40b3e01be6,C0038
VYOMDEMO0001234567,ORD_VYOM_001232,20260731195314C9DED2CFBDC942,350.00,INR,2026-07-31 19:53:14.0,UPI,UPI,Paytm Payments Bank,424903945778745,TXN_SUCCESS,01,Txn Success,jJVHEUqvE8+aqP2Ayas41cvszL/4Jj5iq6QmnZal1DM=,DYNAMIC_QR,cust_f249fd9c9c,C0057
VYOMDEMO0001234567,ORD_VYOM_001148,202607312033256B47F3A7F957D6,460.00,INR,2026-07-31 20:33:25.0,PPI,WALLET,WALLET,739512148209966,TXN_SUCCESS,01,Txn Success,eW5hTKaZEwYt+oBHtyrXgqYci32VSxJ/wQqCgFX6FGI=,DYNAMIC_QR,cust_82cd81d65f,C0053
VYOMDEMO0001234567,ORD_VYOM_001457,202607312121235D1B5FDFF108D2,490.00,INR,2026-07-31 21:21:23.0,UPI,UPI,Paytm Payments Bank,926582581879192,TXN_SUCCESS,01,Txn Success,1dhyYhNPqhJrk4VtY98krJkgiBV9Z5JN+8QnRYCEiMc=,DYNAMIC_QR,cust_f5144e6e67,C0068
VYOMDEMO0001234567,ORD_VYOM_001126,20260801083135B3345F9ACA604E,440.00,INR,2026-08-01 08:31:35.0,UPI,UPI,Paytm Payments Bank,838375680231983,TXN_SUCCESS,01,Txn Success,6RGs0pnPW8GohSFpZfwxjmT8gvbNtmtoy8LGQxf/LQI=,DYNAMIC_QR,cust_009f929355,C0052
VYOMDEMO0001234567,ORD_VYOM_002148,2026080108504084506E17B745F2,220.00,INR,2026-08-01 08:50:40.0,UPI,UPI,Paytm Payments Bank,860059505771156,TXN_SUCCESS,01,Txn Success,q4IoKM7DQdeAmLU1HUWnCCcK9m58ttIB7W0763f2/Y4=,DYNAMIC_QR,cust_85fc1f75d5,C0191
VYOMDEMO0001234567,ORD_VYOM_001797,20260801092635CD2268AB05AF2C,200.00,INR,2026-08-01 09:26:35.0,UPI,UPI,Paytm Payments Bank,622485517613205,TXN_SUCCESS,01,Txn Success,MO5XU6PeHq6SfBzvubyPr5t+UTaiz0eqAJJVirPAkfg=,DYNAMIC_QR,cust_d1e31bd680,C0120
VYOMDEMO0001234567,ORD_VYOM_000043,20260801124920F0B609FC5D5CFF,540.00,INR,2026-08-01 12:49:20.0,UPI,UPI,Paytm Payments Bank,407869194793382,TXN_SUCCESS,01,Txn Success,LL8PhFfq8RE/8+sXUUU0gQohIs4joFU7d0CINoNZ9ac=,DYNAMIC_QR,cust_c4796bc897,C0003
VYOMDEMO0001234567,ORD_VYOM_001407,20260801134212CEF8F4FE69BA55,460.00,INR,2026-08-01 13:42:12.0,UPI,UPI,Paytm Payments Bank,407500923682421,TXN_SUCCESS,01,Txn Success,+auHNhCpeIFYCBUHMqfPdAHTa4M/Jm8ECcHcLsV/RCk=,DYNAMIC_QR,cust_63b68fdde8,C0064
VYOMDEMO0001234567,ORD_VYOM_000494,20260801155252B316495A2AF66E,220.00,INR,2026-08-01 15:52:52.0,UPI,UPI,Paytm Payments Bank,685543666123379,TXN_SUCCESS,01,Txn Success,ghM0PRV8euZPyqoJ7GbqjQCzHMADOP4S/GmbxYyFAlA=,DYNAMIC_QR,cust_ecaca9bcdb,C0024
VYOMDEMO0001234567,ORD_VYOM_001276,20260801163112EBFAA82D9A3CF8,700.00,INR,2026-08-01 16:31:12.0,UPI,UPI,Paytm Payments Bank,697129171640518,TXN_SUCCESS,01,Txn Success,QhUMIunZsS69Lrv0WFXt5T+h1iLaZcZa8UX/Z3+ggEw=,DYNAMIC_QR,cust_4b0cb4e62f,C0059
VYOMDEMO0001234567,ORD_VYOM_001177,20260801165832E5198EA80F1EDF,380.00,INR,2026-08-01 16:58:32.0,CC,HDFC,HDFC,337625206455351,TXN_SUCCESS,01,Txn Success,STOmE9h1d8Q3Y2oPtiNSIOUP4PtA7XhqsY+bzN8WvXA=,DYNAMIC_QR,cust_5cd1790ef5,C0054
VYOMDEMO0001234567,ORD_VYOM_001384,20260801174349E357CCDBCC9608,170.00,INR,2026-08-01 17:43:49.0,UPI,UPI,Paytm Payments Bank,840014572727648,TXN_SUCCESS,01,Txn Success,Y+voyXld3PIu5byoZ50GF+TfR7JEax8Rcbhbt+zPbpQ=,DYNAMIC_QR,cust_6e5ea23889,C0063
VYOMDEMO0001234567,ORD_VYOM_001858,2026080118093274A11B98F0A753,320.00,INR,2026-08-01 18:09:32.0,DC,ICICI,ICICI,143530800231054,TXN_SUCCESS,01,Txn Success,aeqmpe1/ayseR3X0cvFAi7IYz4epCONlSWJdaHJt3Iw=,DYNAMIC_QR,cust_0394d626dc,C0133
VYOMDEMO0001234567,ORD_VYOM_000349,202608011814241D4E88B92F19C5,200.00,INR,2026-08-01 18:14:24.0,UPI,UPI,Paytm Payments Bank,225267051399110,TXN_SUCCESS,01,Txn Success,lVAi71fZzOe/t4Hb8xL/JqF+92+G2wSESwxVTcmYCl8=,DYNAMIC_QR,cust_4e741c85b4,C0016
VYOMDEMO0001234567,ORD_VYOM_002009,20260801182607F014985FCB8BA2,170.00,INR,2026-08-01 18:26:07.0,UPI,UPI,Paytm Payments Bank,256219203433651,TXN_SUCCESS,01,Txn Success,aNTguiwavg0PBojyQaGxD+Ky73QzMlRkWqHyizVw8H8=,DYNAMIC_QR,cust_1a6a0727b9,C0164
VYOMDEMO0001234567,ORD_VYOM_001683,2026080120014998BC6E53624362,500.00,INR,2026-08-01 20:01:49.0,CC,HDFC,HDFC,553851252367413,TXN_SUCCESS,01,Txn Success,xjVu/A4VQtgGdMtj/uRIucn2Kgo0WP17hkprykEk3Tc=,DYNAMIC_QR,cust_30d1fffafe,C0100
VYOMDEMO0001234567,ORD_VYOM_000158,202608012032508FD485ED7FD2A2,350.00,INR,2026-08-01 20:32:50.0,UPI,UPI,Paytm Payments Bank,496727397380036,TXN_SUCCESS,01,Txn Success,pMszrHS7gq/vGm5N/eR+Cy+bFUZARbvZbAbLepzVE2c=,DYNAMIC_QR,cust_8e84008d36,C0008
VYOMDEMO0001234567,ORD_VYOM_001077,202608012100129E150A2B2129F3,420.00,INR,2026-08-01 21:00:12.0,PPI,WALLET,WALLET,328769630877169,TXN_SUCCESS,01,Txn Success,Av+X+58eos7TFK+lzQBKtynmq15a9aleE7EmL0eJQAs=,DYNAMIC_QR,cust_7c85655ba0,C0050
VYOMDEMO0001234567,ORD_VYOM_000395,202608012135323C6B5F55D3A19F,350.00,INR,2026-08-01 21:35:32.0,UPI,UPI,Paytm Payments Bank,194039158122206,TXN_SUCCESS,01,Txn Success,frOVn4Bpkzsc1nWZncQzJ7tOPoRxb8aAMmRbNJHHdHM=,DYNAMIC_QR,cust_1758aa28d3,C0018
VYOMDEMO0001234567,ORD_VYOM_001211,202608020846474BF95C01C4A441,350.00,INR,2026-08-02 08:46:47.0,UPI,UPI,Paytm Payments Bank,268193673511035,TXN_SUCCESS,01,Txn Success,HHSnSObDDnOVwGvQ7s9T/Pywrv5wLsj2uiDCqeMWMzA=,DYNAMIC_QR,cust_b981b6cff8,C0056
VYOMDEMO0001234567,ORD_VYOM_000453,20260802085250DA9F359C2EFEF0,300.00,INR,2026-08-02 08:52:50.0,UPI,UPI,Paytm Payments Bank,467927901161695,TXN_SUCCESS,01,Txn Success,KleQ39DdqF/o9J9zdYVUIKn2IICJpzC07GSFKYycDeU=,DYNAMIC_QR,cust_c412e8f05c,C0022
VYOMDEMO0001234567,ORD_VYOM_002052,202608020959430F2FB2ABF041F7,200.00,INR,2026-08-02 09:59:43.0,UPI,UPI,Paytm Payments Bank,165350158108047,TXN_SUCCESS,01,Txn Success,MoD5fWRve/QicnzGjAm1Xnmyo6s+doy4TL0haMwZIw8=,DYNAMIC_QR,cust_7a641dff3b,C0171
VYOMDEMO0001234567,ORD_VYOM_000869,2026080210041733CBFE67F0EA57,300.00,INR,2026-08-02 10:04:17.0,UPI,UPI,Paytm Payments Bank,386316263879500,TXN_SUCCESS,01,Txn Success,NCAw0pTEukOjymJvxeMDyqtl1iQQGQPwxKpJvGmBmfw=,DYNAMIC_QR,cust_e2d64a5dd5,C0042
VYOMDEMO0001234567,ORD_VYOM_001614,2026080210095591A79164C01E42,160.00,INR,2026-08-02 10:09:55.0,UPI,UPI,Paytm Payments Bank,921023135234961,TXN_SUCCESS,01,Txn Success,H8Mz4zn/nd6Qugt8ahLDZaRyOMUePxyrLD1sVpQ+yPc=,DYNAMIC_QR,cust_e457527155,C0086
VYOMDEMO0001234567,ORD_VYOM_001302,202608021025587E9E34158E7774,400.00,INR,2026-08-02 10:25:58.0,UPI,UPI,Paytm Payments Bank,585531093062697,TXN_SUCCESS,01,Txn Success,rytNuT18TzWgEn3bjKL0X7haQLgBibnyEsObod7VutI=,DYNAMIC_QR,cust_2658be5647,C0060
VYOMDEMO0001234567,ORD_VYOM_001000,20260802103429A8360300887586,280.00,INR,2026-08-02 10:34:29.0,UPI,UPI,Paytm Payments Bank,936128654898013,TXN_SUCCESS,01,Txn Success,VyKN13+I70n8YG78CaNIaDJxQTdH2GhD0bN4wbrdJto=,DYNAMIC_QR,cust_f966ed1ab1,C0047
VYOMDEMO0001234567,ORD_VYOM_001815,202608021152554F3F41E0484CC7,280.00,INR,2026-08-02 11:52:55.0,UPI,UPI,Paytm Payments Bank,961158724324290,TXN_SUCCESS,01,Txn Success,vp257+nH9Bt+tKus/6j/np0x1aMs/mRWMEGuh38lxQg=,DYNAMIC_QR,cust_ac4f954b01,C0125
VYOMDEMO0001234567,ORD_VYOM_000832,20260802115730A772D29D4A084C,190.00,INR,2026-08-02 11:57:30.0,CC,HDFC,HDFC,387466017736681,TXN_SUCCESS,01,Txn Success,EZQYcyqw31mo2fd79HqKE5pU0iFQOPu2EP0sWyysPfI=,DYNAMIC_QR,cust_8f7c742c92,C0040
VYOMDEMO0001234567,ORD_VYOM_000513,2026080212293894BE291481D96E,440.00,INR,2026-08-02 12:29:38.0,UPI,UPI,Paytm Payments Bank,576645635262573,TXN_SUCCESS,01,Txn Success,0nMkS6Pzw387pNK0JrGK1MHOPQhpR5Uk8u5D7ga42mQ=,DYNAMIC_QR,cust_f28cbf1be8,C0025
VYOMDEMO0001234567,ORD_VYOM_000923,202608021408205099E0D1507CA0,560.00,INR,2026-08-02 14:08:20.0,PPI,WALLET,WALLET,502882925241203,TXN_SUCCESS,01,Txn Success,QkAEL7uB2KK9xoqAGNVNneiugwBmX+Lz60DGrE7spgI=,DYNAMIC_QR,cust_a4d97a4e7d,C0044
VYOMDEMO0001234567,ORD_VYOM_000159,2026080217111273D2A10FAC8041,330.00,INR,2026-08-02 17:11:12.0,DC,ICICI,ICICI,554574137625729,TXN_SUCCESS,01,Txn Success,LvYOIcenBvdfQazXoxSL848ggs8lqEUUG+1a/hMzW0A=,DYNAMIC_QR,cust_8e84008d36,C0008
VYOMDEMO0001234567,ORD_VYOM_000373,2026080217302950E469E375B209,450.00,INR,2026-08-02 17:30:29.0,UPI,UPI,Paytm Payments Bank,480022181722513,TXN_SUCCESS,01,Txn Success,anEaGrPTq6R+dL3KwtQJdhsmSFJLUzkZS1Pcd83HM0I=,DYNAMIC_QR,cust_8fe3b75ae8,C0017
VYOMDEMO0001234567,ORD_VYOM_001522,20260802184253F68CBD61F3E125,300.00,INR,2026-08-02 18:42:53.0,UPI,UPI,Paytm Payments Bank,38740263272361,TXN_SUCCESS,01,Txn Success,R3+WVABp37pSNZINNGqtAuowBwK9WB3fjosn/7ZChMc=,DYNAMIC_QR,cust_2f8f5bb109,C0072
VYOMDEMO0001234567,ORD_VYOM_001252,20260802190854BE1D81B9CF31C2,400.00,INR,2026-08-02 19:08:54.0,UPI,UPI,Paytm Payments Bank,717922026075980,TXN_SUCCESS,01,Txn Success,pAoc3LIG4q1LAnQTFa6GEj+PVdVvIeabwAMTWvSMvx8=,DYNAMIC_QR,cust_6b44d63f59,C0058
VYOMDEMO0001234567,ORD_VYOM_000190,20260802192747CCC78F4C19C503,520.00,INR,2026-08-02 19:27:47.0,PPI,WALLET,WALLET,116398189941730,TXN_SUCCESS,01,Txn Success,xr4Zx67q6zc58TZgMPzZuQqo0JIoUdI4nZZmNLWzayQ=,DYNAMIC_QR,cust_24551de984,C0009
VYOMDEMO0001234567,ORD_VYOM_001417,20260802212413269EE230B733AE,350.00,INR,2026-08-02 21:24:13.0,DC,ICICI,ICICI,317276536302643,TXN_SUCCESS,01,Txn Success,UdyIWW7ZcT5kF6hqKKZwYyyIHivtg5VpXOHBSqpOgdY=,DYNAMIC_QR,cust_3cb63d84a8,C0065
VYOMDEMO0001234567,ORD_VYOM_002217,202608022137313FCBA909681D91,250.00,INR,2026-08-02 21:37:31.0,UPI,UPI,Paytm Payments Bank,772768611361296,TXN_SUCCESS,01,Txn Success,RMNegXYT5yBUOqJHrDC+O13ae4H4eWZE3cOgqtXfeWE=,DYNAMIC_QR,cust_d0ac09843a,C0251
VYOMDEMO0001234567,ORD_VYOM_000141,20260803085705C123F86A6310C2,500.00,INR,2026-08-03 08:57:05.0,DC,ICICI,ICICI,640703123091942,TXN_SUCCESS,01,Txn Success,q3V7K6aAPd0i5gVa/uM+Tm9LJiJwBU56kT8dnHCkQr4=,DYNAMIC_QR,cust_eabdbf3bc8,C0007
VYOMDEMO0001234567,ORD_VYOM_001532,20260803090802C42894F20E6AA6,600.00,INR,2026-08-03 09:08:02.0,UPI,UPI,Paytm Payments Bank,228418333715989,TXN_SUCCESS,01,Txn Success,Buih+G9al6yw0MyBzfDgeAq/T4YU0QtwiFc/ztEHABg=,DYNAMIC_QR,cust_da25303e2b,C0073
VYOMDEMO0001234567,ORD_VYOM_000757,2026080309085928BFFB8BA40ABC,450.00,INR,2026-08-03 09:08:59.0,UPI,UPI,Paytm Payments Bank,487908300203442,TXN_SUCCESS,01,Txn Success,I0vTHeg3mIjtqVqdhRc4y6E0O7LXOw++RDfInY6d6Iw=,DYNAMIC_QR,cust_9a8d00481d,C0037
VYOMDEMO0001234567,ORD_VYOM_001064,20260803091833883439F982869A,300.00,INR,2026-08-03 09:18:33.0,UPI,UPI,Paytm Payments Bank,348412731455450,TXN_SUCCESS,01,Txn Success,vep8IatHG1+lfjlLOV5SRvD/XVVNGDWc42AFZb9hKrM=,DYNAMIC_QR,cust_fc7659f04d,C0049
VYOMDEMO0001234567,ORD_VYOM_000320,2026080309185244B4CAC9EB6862,340.00,INR,2026-08-03 09:18:52.0,UPI,UPI,Paytm Payments Bank,494487318898079,TXN_SUCCESS,01,Txn Success,zVUHfoTnorDfr3NpZz7KkQphbCcM8avX5I0xgI7V7Zo=,DYNAMIC_QR,cust_1ae6b5d45e,C0014
VYOMDEMO0001234567,ORD_VYOM_001933,20260803093747C7EC3F832B1D36,260.00,INR,2026-08-03 09:37:47.0,UPI,UPI,Paytm Payments Bank,731843517709069,TXN_SUCCESS,01,Txn Success,40hTidIPE9N7ttyLzrx3tSkQGoTRZnlkdbaI9DFQ4PU=,DYNAMIC_QR,cust_84f1d1e80b,C0149
VYOMDEMO0001234567,ORD_VYOM_000924,2026080310304251D8041E7A1E97,260.00,INR,2026-08-03 10:30:42.0,UPI,UPI,Paytm Payments Bank,445036184995510,TXN_SUCCESS,01,Txn Success,qUaHG19btmwVlTlaN4znTv8b7VI7tSmfsx+ULKsR/rQ=,DYNAMIC_QR,cust_a4d97a4e7d,C0044
VYOMDEMO0001234567,ORD_VYOM_001362,202608031044365EF554B62A66E2,400.00,INR,2026-08-03 10:44:36.0,PPI,WALLET,WALLET,229997796979249,TXN_SUCCESS,01,Txn Success,zxakzCkGIj42k1XgeaR42I99QwWoKiRR5+sSC4cCqS4=,DYNAMIC_QR,cust_2f66dd2f4f,C0062
VYOMDEMO0001234567,ORD_VYOM_000801,20260803105941D365654D15A16A,200.00,INR,2026-08-03 10:59:41.0,CC,HDFC,HDFC,453951902624613,TXN_SUCCESS,01,Txn Success,P3Y4pRR75tCYlgUveEoT1BK0HmqZs2YkR500aKU4uE8=,DYNAMIC_QR,cust_0b348a9dd1,C0039
VYOMDEMO0001234567,ORD_VYOM_001334,20260803120939CE2A07D1939633,300.00,INR,2026-08-03 12:09:39.0,UPI,UPI,Paytm Payments Bank,27594494259069,TXN_SUCCESS,01,Txn Success,cxWpGq4VwSXqCFJCTOSFcMwUtW8C34zhwg8aNLpbVRQ=,DYNAMIC_QR,cust_33de551bb3,C0061
VYOMDEMO0001234567,ORD_VYOM_000479,202608031436086A69D25459ECB9,400.00,INR,2026-08-03 14:36:08.0,UPI,UPI,Paytm Payments Bank,713712806952002,TXN_SUCCESS,01,Txn Success,NsgreS6hAj10tkahNYQXjZsuEnMpuvJ/C4L78qsJtic=,DYNAMIC_QR,cust_6e959f4c64,C0023
VYOMDEMO0001234567,ORD_VYOM_002094,20260803181311150EEB638B5EFB,150.00,INR,2026-08-03 18:13:11.0,UPI,UPI,Paytm Payments Bank,314354608654756,TXN_SUCCESS,01,Txn Success,IIFb5ZmrYwzdYXaSi8Ouj0N6WnxqusO/DwgyVpQfkak=,DYNAMIC_QR,cust_fdf604a395,C0180
VYOMDEMO0001234567,ORD_VYOM_001277,2026080319041508F0E28DEE978C,700.00,INR,2026-08-03 19:04:15.0,UPI,UPI,Paytm Payments Bank,989097797665405,TXN_SUCCESS,01,Txn Success,lGyuQrV5XHQ2CpgSlc3Kr5NJmFPFvq2hZm2fFqetwE0=,DYNAMIC_QR,cust_4b0cb4e62f,C0059
VYOMDEMO0001234567,ORD_VYOM_001001,20260803201751BD02352A79B624,500.00,INR,2026-08-03 20:17:51.0,UPI,UPI,Paytm Payments Bank,55491984429240,TXN_SUCCESS,01,Txn Success,DNkYq5CsY1n9+tw0GdGxoTTHyGYFlJ2q9PjERSV0gQM=,DYNAMIC_QR,cust_f966ed1ab1,C0047
VYOMDEMO0001234567,ORD_VYOM_000722,20260803201915E0DA564F4518D2,430.00,INR,2026-08-03 20:19:15.0,UPI,UPI,Paytm Payments Bank,408687868759706,TXN_SUCCESS,01,Txn Success,9+UCM0ZlwMttBVPtiFCRQ+zk1TFgnZpyhSqEVf9EDUY=,DYNAMIC_QR,cust_37d415cd87,C0035
VYOMDEMO0001234567,ORD_VYOM_000961,20260803203306CEDB0A1F7211BB,430.00,INR,2026-08-03 20:33:06.0,UPI,UPI,Paytm Payments Bank,553814061147309,TXN_SUCCESS,01,Txn Success,bJPkEhFV5DbMPvs44VYVfAl3w7Lk3PZFeB/blYka8og=,DYNAMIC_QR,cust_d544bf3b16,C0045
VYOMDEMO0001234567,ORD_VYOM_000215,2026080320473599455F4231FF88,560.00,INR,2026-08-03 20:47:35.0,UPI,UPI,Paytm Payments Bank,285843008765244,TXN_SUCCESS,01,Txn Success,ubm3bikza9IoaQNjR+gM4rl2KObn7MKZNOHd6fHEtAQ=,DYNAMIC_QR,cust_785ff6e6b2,C0010
VYOMDEMO0001234567,ORD_VYOM_000627,20260803205618EB86C01D936350,360.00,INR,2026-08-03 20:56:18.0,UPI,UPI,Paytm Payments Bank,354720099491635,TXN_SUCCESS,01,Txn Success,blpdP3BOlWAFJe6S/ljc4oz6uNDjEyhqAeB5/npLIqw=,DYNAMIC_QR,cust_9138b9325b,C0030
VYOMDEMO0001234567,ORD_VYOM_000092,202608032101544CD8015F029E35,540.00,INR,2026-08-03 21:01:54.0,UPI,UPI,Paytm Payments Bank,526442188017210,TXN_SUCCESS,01,Txn Success,k0LYxMPgGw0sugEDQw8/0kpnbiqRJJfB8TillYqIq8Y=,DYNAMIC_QR,cust_d97b299d31,C0005
VYOMDEMO0001234567,ORD_VYOM_001508,202608032125373E18C98DF92248,350.00,INR,2026-08-03 21:25:37.0,CC,HDFC,HDFC,536448230271089,TXN_SUCCESS,01,Txn Success,Y72TWRQ9oqp+1iC5esPPoGtRRdRPZGMT2kyrG4ttEKU=,DYNAMIC_QR,cust_196caee96d,C0071
VYOMDEMO0001234567,ORD_VYOM_000855,20260804080709C0361A4D406AA8,200.00,INR,2026-08-04 08:07:09.0,UPI,UPI,Paytm Payments Bank,77864302127962,TXN_SUCCESS,01,Txn Success,by64dh6TewDeSEwjnYQtsEkRferDXOzJ76cuoUNal48=,DYNAMIC_QR,cust_d212ee719a,C0041
VYOMDEMO0001234567,ORD_VYOM_000454,20260804082355A4CEAE42D21F27,350.00,INR,2026-08-04 08:23:55.0,PPI,WALLET,WALLET,705947555998596,TXN_SUCCESS,01,Txn Success,s+niOT7yKbOtFJOPsPxSeIFgHMsZTm+x3ReKCqlimtY=,DYNAMIC_QR,cust_c412e8f05c,C0022
VYOMDEMO0001234567,ORD_VYOM_001197,20260804085509E6C34E5663D3B4,400.00,INR,2026-08-04 08:55:09.0,CC,HDFC,HDFC,194799234600626,TXN_SUCCESS,01,Txn Success,bHcGSP9aoG++E/CyS8nRjyUjFwmlpQrcqO41AeiOkU8=,DYNAMIC_QR,cust_4b274e83b3,C0055
VYOMDEMO0001234567,ORD_VYOM_000410,20260804091803DD57A44D2BDA84,250.00,INR,2026-08-04 09:18:03.0,UPI,UPI,Paytm Payments Bank,416085561420667,TXN_SUCCESS,01,Txn Success,et03tXuaSXz+FMDjlad52J+z8YYQdBWxFCn/LHvQGh0=,DYNAMIC_QR,cust_7504516d8c,C0019
VYOMDEMO0001234567,ORD_VYOM_001688,20260804092506A8EDCFD5AFDD5E,300.00,INR,2026-08-04 09:25:06.0,UPI,UPI,Paytm Payments Bank,598963446057302,TXN_SUCCESS,01,Txn Success,xUAIQTvKfyARyWrl+SUswonlJenEGU+Sg/OfudsrNA8=,DYNAMIC_QR,cust_5b4cae3c81,C0101
VYOMDEMO0001234567,ORD_VYOM_001253,202608040941409A3CABF2A58FD3,420.00,INR,2026-08-04 09:41:40.0,CC,HDFC,HDFC,775768766321673,TXN_SUCCESS,01,Txn Success,2u0huOPJuAqCYdiZ1VJ0HXYnDKcQb6ZBfUrKsUoNKSE=,DYNAMIC_QR,cust_6b44d63f59,C0058
VYOMDEMO0001234567,ORD_VYOM_000427,20260804103355F2D2B16A2B453C,340.00,INR,2026-08-04 10:33:55.0,PPI,WALLET,WALLET,560061287132573,TXN_SUCCESS,01,Txn Success,jw0tkLOaSg8bBKl/V2wXBkJsAnfujSJbcp8q/DwZfkA=,DYNAMIC_QR,cust_173fc6de8b,C0020
VYOMDEMO0001234567,ORD_VYOM_002171,2026080410423085A1C6E423858D,300.00,INR,2026-08-04 10:42:30.0,UPI,UPI,Paytm Payments Bank,78286367324400,TXN_SUCCESS,01,Txn Success,sEUaXbLalkuLhBkvVDXtY9Tw+IKexbhxPVpV6Sg5RyQ=,DYNAMIC_QR,cust_ab57c40534,C0205
VYOMDEMO0001234567,ORD_VYOM_000440,20260804115421E902F11052CB16,260.00,INR,2026-08-04 11:54:21.0,CC,HDFC,HDFC,400830919682203,TXN_SUCCESS,01,Txn Success,6/OkmLl1PVQL+zfRJHdTcsp7u37OFGgAiguZ+Rjofdc=,DYNAMIC_QR,cust_bb103c6777,C0021
VYOMDEMO0001234567,ORD_VYOM_001758,20260804182708F8AE2B50768C6C,280.00,INR,2026-08-04 18:27:08.0,DC,ICICI,ICICI,714440495612745,TXN_SUCCESS,01,Txn Success,2dQtJqpGdMzBij82SR5Sqci40YY77wCF6ioX1tK+w/w=,DYNAMIC_QR,cust_2454d761f6,C0113
VYOMDEMO0001234567,ORD_VYOM_000016,2026080419565648060E619FB2AF,390.00,INR,2026-08-04 19:56:56.0,UPI,UPI,Paytm Payments Bank,461620533125510,TXN_SUCCESS,01,Txn Success,vjV5/xd3dT9L135o0yYT/MhH4JbEa/gxwcCca4IGTbc=,DYNAMIC_QR,cust_669ee76164,C0002
VYOMDEMO0001234567,ORD_VYOM_001866,202608042014599CE7459EE051B1,420.00,INR,2026-08-04 20:14:59.0,UPI,UPI,Paytm Payments Bank,37498811291083,TXN_SUCCESS,01,Txn Success,lrmfRdS4nI6dnBxOaIY/hjI/TBQ3RxQ04ECyFoepYRw=,DYNAMIC_QR,cust_c60462553f,C0134
VYOMDEMO0001234567,ORD_VYOM_000160,202608042032257ED9E898BD4099,280.00,INR,2026-08-04 20:32:25.0,PPI,WALLET,WALLET,594077826762323,TXN_SUCCESS,01,Txn Success,jBEwIQrfC8xsRyMiftnNRm3U2smiszdCr5f9czmSzXo=,DYNAMIC_QR,cust_8e84008d36,C0008
VYOMDEMO0001234567,ORD_VYOM_001927,20260804204444C728CF3ADDEBA5,260.00,INR,2026-08-04 20:44:44.0,PPI,WALLET,WALLET,986267568141615,TXN_SUCCESS,01,Txn Success,TLQc6Qs+USHdvo9GWzXc+ZJI1BqwmmTnqnBcOTVMO6I=,DYNAMIC_QR,cust_1e1fe68a98,C0148
VYOMDEMO0001234567,ORD_VYOM_001078,20260804213258DABA02DF981BB6,550.00,INR,2026-08-04 21:32:58.0,UPI,UPI,Paytm Payments Bank,270922890631476,PENDING,400,Transaction is pending confirmation.,EJ0Z2fXtWxO02IF6Muzl58gKL8EpJVLHka9W4zZdb3Y=,DYNAMIC_QR,cust_7c85655ba0,C0050
VYOMDEMO0001234567,ORD_VYOM_002290,2026080421435722328AEC96F2A4,120.00,INR,2026-08-04 21:43:57.0,UPI,UPI,Paytm Payments Bank,824952641516630,TXN_SUCCESS,01,Txn Success,svL3zoxAoArMIUuOEnRJwr5ROXnmmyAw1mRWzZcmuOU=,DYNAMIC_QR,cust_1fe68687a8,C0326
VYOMDEMO0001234567,ORD_VYOM_000665,2026080421500125268C5EF0883B,260.00,INR,2026-08-04 21:50:01.0,UPI,UPI,Paytm Payments Bank,344593902528749,TXN_SUCCESS,01,Txn Success,exayJiOSJk39XxK0AeoWNNpHD5YU8RLQc2fX6Hv7Swc=,DYNAMIC_QR,cust_a06e38f5f5,C0032
VYOMDEMO0001234567,ORD_VYOM_000603,2026080421512939756863B64483,240.00,INR,2026-08-04 21:51:29.0,DC,ICICI,ICICI,834948656672741,TXN_SUCCESS,01,Txn Success,L4kAT98NHljprf72Qc01hFjmLxN5V111apoynncNjY0=,DYNAMIC_QR,cust_106abbb9b5,C0029
VYOMDEMO0001234567,ORD_VYOM_000071,2026080508015056B57FFBCE0BD8,340.00,INR,2026-08-05 08:01:50.0,UPI,UPI,Paytm Payments Bank,369731915749500,TXN_SUCCESS,01,Txn Success,dqjrQIhA2q2JaPiLZ2re90XcnMwBRxVgLIt3uc4sNzo=,DYNAMIC_QR,cust_23bc5b213e,C0004
VYOMDEMO0001234567,ORD_VYOM_001919,20260805080527D9B25F42C8EFC4,220.00,INR,2026-08-05 08:05:27.0,UPI,UPI,Paytm Payments Bank,732337048298393,TXN_SUCCESS,01,Txn Success,E5ErcZit07n7A/vdyNGgOtFxDFYc+QybGuYKBs3Xhi0=,DYNAMIC_QR,cust_d9c1ef3e68,C0146
VYOMDEMO0001234567,ORD_VYOM_000856,20260805085327DCA2969556BFC9,300.00,INR,2026-08-05 08:53:27.0,DC,ICICI,ICICI,517557443035602,TXN_SUCCESS,01,Txn Success,b895+191uRrlbPbCSXf3FQpNg57OrgWkOL2BosIYCqU=,DYNAMIC_QR,cust_d212ee719a,C0041
VYOMDEMO0001234567,ORD_VYOM_000514,202608050853513E4CF7BE0375AC,250.00,INR,2026-08-05 08:53:51.0,UPI,UPI,Paytm Payments Bank,277109391140138,TXN_FAILURE,411,Invalid Amount sent to Paytm,jS5c/c5lrfwhWjX3Z/ZgZDxwdVsuAkYB0raMT663Nok=,DYNAMIC_QR,cust_f28cbf1be8,C0025
VYOMDEMO0001234567,ORD_VYOM_001780,20260805093807B945B76EFA07D0,300.00,INR,2026-08-05 09:38:07.0,UPI,UPI,Paytm Payments Bank,766461243325111,TXN_SUCCESS,01,Txn Success,qrChZ/WEdl7YTMLrMgTKzgKLtQcpeevSVOyuAmJZ+pw=,DYNAMIC_QR,cust_020257eebe,C0116
VYOMDEMO0001234567,ORD_VYOM_001149,20260805095432A66EF678CBDAAA,400.00,INR,2026-08-05 09:54:32.0,PPI,WALLET,WALLET,439975904087531,TXN_SUCCESS,01,Txn Success,ykdBgxhJxdq+JN87UeVlPbZZhe+yPkwsFKE2VaVAPgk=,DYNAMIC_QR,cust_82cd81d65f,C0053
VYOMDEMO0001234567,ORD_VYOM_001477,202608051001265F89774152D801,180.00,INR,2026-08-05 10:01:26.0,DC,ICICI,ICICI,602934115159021,TXN_SUCCESS,01,Txn Success,CpUPiyIWoL8YfmS4+R8KEXnkYt3rxuf6r0HI/TEhBuA=,DYNAMIC_QR,cust_2775c4cf89,C0069
VYOMDEMO0001234567,ORD_VYOM_001198,20260805101405A27072EE8DCE6A,370.00,INR,2026-08-05 10:14:05.0,UPI,UPI,Paytm Payments Bank,136952494354933,TXN_SUCCESS,01,Txn Success,e46wV0MfYUhXZ/2Az0jml+RAYuvY8rSG0Uv354pxewc=,DYNAMIC_QR,cust_4b274e83b3,C0055
VYOMDEMO0001234567,ORD_VYOM_002141,20260805105409CF826B25325CAE,370.00,INR,2026-08-05 10:54:09.0,UPI,UPI,Paytm Payments Bank,46046257809225,TXN_SUCCESS,01,Txn Success,hKmxT3XR9iLOwxQfzNv0gM2E8sGEzS5HOWNM3qZUkwI=,DYNAMIC_QR,cust_0753906ee5,C0189
VYOMDEMO0001234567,ORD_VYOM_001788,20260805132407EE04DE153E13E9,340.00,INR,2026-08-05 13:24:07.0,UPI,UPI,Paytm Payments Bank,590107870479120,TXN_SUCCESS,01,Txn Success,VbcQPKvXOoqBILgL6rRvqLWbNTM14eS0Dc+OWqcJkJ4=,DYNAMIC_QR,cust_a2e7f35d30,C0117
VYOMDEMO0001234567,ORD_VYOM_002199,202608051347300A003CB553EEBB,80.00,INR,2026-08-05 13:47:30.0,UPI,UPI,Paytm Payments Bank,141102403172491,TXN_SUCCESS,01,Txn Success,ghPyJGT7AwQACZK6g/NUGFo1SQzdzxpjvG0cfmpTy4o=,DYNAMIC_QR,cust_3309d3a9b7,C0233
VYOMDEMO0001234567,ORD_VYOM_002055,202608051533472282B13E20453C,250.00,INR,2026-08-05 15:33:47.0,UPI,UPI,Paytm Payments Bank,224991310156747,TXN_SUCCESS,01,Txn Success,rXWKBoVnCkf7SMw0tQBM7xALlItRutPYhZ3w5IUQ/Ow=,DYNAMIC_QR,cust_bf73a29822,C0172
VYOMDEMO0001234567,ORD_VYOM_000770,20260805182346CB0763126C2DFF,360.00,INR,2026-08-05 18:23:46.0,UPI,UPI,Paytm Payments Bank,877820771880673,TXN_SUCCESS,01,Txn Success,nxw1DYuhbHjx99c/LNIe2SOQhMlD2t4ic+4caal7Bac=,DYNAMIC_QR,cust_40b3e01be6,C0038
VYOMDEMO0001234567,ORD_VYOM_000646,202608051917155575B765B3C251,300.00,INR,2026-08-05 19:17:15.0,UPI,UPI,Paytm Payments Bank,579374852383014,TXN_SUCCESS,01,Txn Success,uwk91td/EtfYzAE19b7qvFt5863hWTOh9WSMEJ8k7yg=,DYNAMIC_QR,cust_30c7131331,C0031
VYOMDEMO0001234567,ORD_VYOM_000336,202608051958491B58B9B6F4869E,300.00,INR,2026-08-05 19:58:49.0,DC,ICICI,ICICI,94025872243008,TXN_SUCCESS,01,Txn Success,Kco3x1H1KkbV1O3g/XhImUbreorgDDVkB5fTQ+x3/zg=,DYNAMIC_QR,cust_240753abf1,C0015
VYOMDEMO0001234567,ORD_VYOM_001303,202608052050059BC6BE301D8E04,200.00,INR,2026-08-05 20:50:05.0,DC,ICICI,ICICI,100695876243226,TXN_SUCCESS,01,Txn Success,5euzVK6J95ZMDkob/v9N/tCaqcpWcpf5dXkHfewzGVE=,DYNAMIC_QR,cust_2658be5647,C0060
VYOMDEMO0001234567,ORD_VYOM_001335,202608052117046A2FA833266D00,240.00,INR,2026-08-05 21:17:04.0,PPI,WALLET,WALLET,567827250904495,TXN_SUCCESS,01,Txn Success,eAxCRDc1Kja/g4TNoQQRLlMALj3DsNvbi7ccyHwTlVA=,DYNAMIC_QR,cust_33de551bb3,C0061
VYOMDEMO0001234567,ORD_VYOM_000298,202608052124190FC959D0D7D701,460.00,INR,2026-08-05 21:24:19.0,UPI,UPI,Paytm Payments Bank,593350850920096,TXN_SUCCESS,01,Txn Success,x97pyf3SfYepaKvkbyx58Tzhv4Q2dBc8wL094vCrH/4=,DYNAMIC_QR,cust_2db547fcb3,C0013
VYOMDEMO0001234567,ORD_VYOM_000894,20260805212715872EA0EACFCA63,280.00,INR,2026-08-05 21:27:15.0,CC,HDFC,HDFC,169819280127502,TXN_SUCCESS,01,Txn Success,XzLVOrWlAgNXnRpraTmyg8euljc0wVUSv2OV8MztToU=,DYNAMIC_QR,cust_20281afbd7,C0043
VYOMDEMO0001234567,ORD_VYOM_002243,20260806085539BD0337604E54D6,280.00,INR,2026-08-06 08:55:39.0,CC,HDFC,HDFC,661170532783475,TXN_SUCCESS,01,Txn Success,jrEMBDfChckx44APjboufTpmvI0CmChog/natmyz+0g=,DYNAMIC_QR,cust_9dcbf93c3d,C0277
VYOMDEMO0001234567,ORD_VYOM_000515,20260806092833C45E96D153ECB7,360.00,INR,2026-08-06 09:28:33.0,UPI,UPI,Paytm Payments Bank,515129045977039,TXN_SUCCESS,01,Txn Success,9kl9l8KWn3Ms7Vq4iOPuiyvKntgVnUG4Ggd7sfPaqEg=,DYNAMIC_QR,cust_f28cbf1be8,C0025
VYOMDEMO0001234567,ORD_VYOM_000256,20260806095326249612CB808070,200.00,INR,2026-08-06 09:53:26.0,PPI,WALLET,WALLET,124586218910090,TXN_SUCCESS,01,Txn Success,Qv2k/KoGBmGb0lPnq5nDe9frbub/kcFc1exjn+qdguY=,DYNAMIC_QR,cust_ca9b9b6adf,C0011
VYOMDEMO0001234567,ORD_VYOM_000538,2026080610535802CCD763DB69A0,360.00,INR,2026-08-06 10:53:58.0,UPI,UPI,Paytm Payments Bank,130374188478812,TXN_SUCCESS,01,Txn Success,HFBX3uPuHf5G0yU3ieID9o8DGFjy17qnX0yNpVsuLz8=,DYNAMIC_QR,cust_41941dbbd4,C0026
VYOMDEMO0001234567,ORD_VYOM_001336,20260806131440C4BB276093C07E,400.00,INR,2026-08-06 13:14:40.0,UPI,UPI,Paytm Payments Bank,118399718401428,TXN_SUCCESS,01,Txn Success,Vd6NKoE2hxoIMJYBOlNzpND5T/KljwnXYhZzCIdIGlg=,DYNAMIC_QR,cust_33de551bb3,C0061
VYOMDEMO0001234567,ORD_VYOM_000680,2026080618175510D51FE72DC6C0,180.00,INR,2026-08-06 18:17:55.0,CC,HDFC,HDFC,95267324224286,TXN_SUCCESS,01,Txn Success,LmhO6I+FwGyrB1vLsPyEqY+tNLivq5wI3ny9Gokv218=,DYNAMIC_QR,cust_e87a5633d4,C0033
VYOMDEMO0001234567,ORD_VYOM_001233,20260806184824CBD0D223005910,430.00,INR,2026-08-06 18:48:24.0,UPI,UPI,Paytm Payments Bank,216172925798669,TXN_SUCCESS,01,Txn Success,mrhBcQtdq++EDG0ycxgr+zlynkEC4MLJr/5TIT/SWDc=,DYNAMIC_QR,cust_f249fd9c9c,C0057
VYOMDEMO0001234567,ORD_VYOM_001498,20260806195508B5135E58D82DE5,450.00,INR,2026-08-06 19:55:08.0,PPI,WALLET,WALLET,940466882292177,TXN_SUCCESS,01,Txn Success,4Zv4KOPsCLL9SKPv/T3h1jM4samrNubVk2qwA6BgmD4=,DYNAMIC_QR,cust_6549be84fc,C0070
VYOMDEMO0001234567,ORD_VYOM_001035,20260806195640224DB159299CE8,510.00,INR,2026-08-06 19:56:40.0,UPI,UPI,Paytm Payments Bank,372732070709877,TXN_SUCCESS,01,Txn Success,6gl5a33PBmrWroquu7gSwD5lsu3/ywjERlKiDHsrB2Y=,DYNAMIC_QR,cust_c3657372a9,C0048
VYOMDEMO0001234567,ORD_VYOM_000604,2026080620065260E85900B82E35,210.00,INR,2026-08-06 20:06:52.0,PPI,WALLET,WALLET,535412412550306,TXN_SUCCESS,01,Txn Success,FywjtuiQ7RyhhnsuEWG1PEy5b2BfuFI0SM8ZpDKDdAA=,DYNAMIC_QR,cust_106abbb9b5,C0029
VYOMDEMO0001234567,ORD_VYOM_000557,2026080620140149070ED0A5638B,310.00,INR,2026-08-06 20:14:01.0,DC,ICICI,ICICI,803720763395837,TXN_SUCCESS,01,Txn Success,jYg7RniOH+62v0z/AplrifxSVZivdyx1bAAE2A+I44A=,DYNAMIC_QR,cust_a1b51de3dc,C0027
VYOMDEMO0001234567,ORD_VYOM_001110,202608062028320279398CE07FFB,300.00,INR,2026-08-06 20:28:32.0,CC,HDFC,HDFC,682815161821454,TXN_SUCCESS,01,Txn Success,TBJlT9cNtREL0QHdCyxM4ip2rAPTMMRZUGx2BlmNCB0=,DYNAMIC_QR,cust_daf1fef437,C0051
VYOMDEMO0001234567,ORD_VYOM_000833,202608062111411FDDEF3BC4BED5,270.00,INR,2026-08-06 21:11:41.0,CC,HDFC,HDFC,979000770105945,TXN_SUCCESS,01,Txn Success,EhLPh7LiTOTRX6kTFCf92A1NT8F1+i86TRRl5EIynA8=,DYNAMIC_QR,cust_8f7c742c92,C0040
VYOMDEMO0001234567,ORD_VYOM_001706,2026080708460659FAB59BF35713,380.00,INR,2026-08-07 08:46:06.0,UPI,UPI,Paytm Payments Bank,937636652768387,TXN_SUCCESS,01,Txn Success,gdyEkSjhICInCLdaU7WB2vgLY8fdsFpm0dNAySo23qs=,DYNAMIC_QR,cust_86651a9c66,C0104
VYOMDEMO0001234567,ORD_VYOM_000093,2026080712410381EEFBDBBB7E91,430.00,INR,2026-08-07 12:41:03.0,UPI,UPI,Paytm Payments Bank,468595447771517,TXN_SUCCESS,01,Txn Success,W4leZSZAvcpkXvDIpsmOITUipNzpYKYmKsooBj3rUIc=,DYNAMIC_QR,cust_d97b299d31,C0005
VYOMDEMO0001234567,ORD_VYOM_000628,20260807141936D99D304D5DDF80,420.00,INR,2026-08-07 14:19:36.0,DC,ICICI,ICICI,872071167068644,TXN_SUCCESS,01,Txn Success,6EtE5yqQ63GAyhdFaBbc9qHsZn6gA4Xk6EbjfH/qJkM=,DYNAMIC_QR,cust_9138b9325b,C0030
VYOMDEMO0001234567,ORD_VYOM_001442,202608071424561F545093A954AB,450.00,INR,2026-08-07 14:24:56.0,DC,ICICI,ICICI,486721355126157,TXN_SUCCESS,01,Txn Success,xIneV8/lsuddz15UP/FviGhhKulh/mmk8Uo6k8EFyOs=,DYNAMIC_QR,cust_0190a5b25c,C0067
VYOMDEMO0001234567,ORD_VYOM_000572,20260807151736EC2560129C11EF,450.00,INR,2026-08-07 15:17:36.0,PPI,WALLET,WALLET,267441360168241,TXN_SUCCESS,01,Txn Success,+NL85rEaT1vQShNPYGNkJWMuGX81JvhBnCSB//sLyhs=,DYNAMIC_QR,cust_99e98f2292,C0028
VYOMDEMO0001234567,ORD_VYOM_001408,20260807161351F2F67949E78178,180.00,INR,2026-08-07 16:13:51.0,PPI,WALLET,WALLET,198769903702345,TXN_SUCCESS,01,Txn Success,bI/uD+luHYmmkHBxjf0/BLgyqLnPxdumJhWlQg76prs=,DYNAMIC_QR,cust_63b68fdde8,C0064
VYOMDEMO0001234567,ORD_VYOM_000044,202608071724056F2D4B78D860D9,350.00,INR,2026-08-07 17:24:05.0,UPI,UPI,Paytm Payments Bank,315980577417372,TXN_SUCCESS,01,Txn Success,Wq0PYsylIHmowY5BJ1ECuh8FEj1+WlxOM/ZElJBecaY=,DYNAMIC_QR,cust_c4796bc897,C0003
VYOMDEMO0001234567,ORD_VYOM_000273,20260807173300A4E67C821A088C,350.00,INR,2026-08-07 17:33:00.0,PPI,WALLET,WALLET,762795669743610,TXN_SUCCESS,01,Txn Success,FQs/ycfLsb2l2tAbp/+Gh4dv74+XrL6ogQPw2Bc6MO8=,DYNAMIC_QR,cust_679aa0bd53,C0012
VYOMDEMO0001234567,ORD_VYOM_001942,2026080718344125038AFD737B7D,150.00,INR,2026-08-07 18:34:41.0,PPI,WALLET,WALLET,764221164843154,TXN_SUCCESS,01,Txn Success,J/evWVtRX+Y3Cx1PRExdv/wMDh59hamFqE55IuKiVxs=,DYNAMIC_QR,cust_ae8f8ca329,C0150
VYOMDEMO0001234567,ORD_VYOM_001178,2026080718470417ACA0411A2D74,450.00,INR,2026-08-07 18:47:04.0,UPI,UPI,Paytm Payments Bank,615179523076341,TXN_SUCCESS,01,Txn Success,DufOmDDbV1CVDz1VSI9SVrxn4FOSIALn52d29GGW+1Q=,DYNAMIC_QR,cust_5cd1790ef5,C0054
VYOMDEMO0001234567,ORD_VYOM_001696,202608071908132B938E368D9D23,260.00,INR,2026-08-07 19:08:13.0,DC,ICICI,ICICI,321463636340305,TXN_SUCCESS,01,Txn Success,jxbP4TvoSJKRW/QhvNNB305IewYJ3R9P1lAmfVUPuz8=,DYNAMIC_QR,cust_e5084e5c52,C0102
VYOMDEMO0001234567,ORD_VYOM_002041,20260807191928211C756FE2F26E,300.00,INR,2026-08-07 19:19:28.0,UPI,UPI,Paytm Payments Bank,54901833387407,TXN_SUCCESS,01,Txn Success,2dIOG9By/+4aZoLUbe0okdVOaZacvQF1IVyudAOTb1Q=,DYNAMIC_QR,cust_486fe721bd,C0168
VYOMDEMO0001234567,ORD_VYOM_001431,20260807193407782B7E23628861,380.00,INR,2026-08-07 19:34:07.0,CC,HDFC,HDFC,814984503301371,TXN_SUCCESS,01,Txn Success,XnKk+FHs+5WOEGGj9eSrLbiUb0vxuG1pV9EzMCoEBe0=,DYNAMIC_QR,cust_1dc57b77e4,C0066
VYOMDEMO0001234567,ORD_VYOM_002157,2026080720305269C5CCEBB7FB84,150.00,INR,2026-08-07 20:30:52.0,UPI,UPI,Paytm Payments Bank,827681858637071,TXN_SUCCESS,01,Txn Success,8tljMmlVB3W+X8E2twLy9hhk9Cf1YCbrIZGe1aujbww=,DYNAMIC_QR,cust_fed397b5ed,C0194
VYOMDEMO0001234567,ORD_VYOM_001960,2026080720502996A9A9C99E806E,140.00,INR,2026-08-07 20:50:29.0,CC,HDFC,HDFC,746221348711378,TXN_SUCCESS,01,Txn Success,mRgL2Mb8WVizalGaPgSThlxcAnSUXzPk+htbGrrBP4Y=,DYNAMIC_QR,cust_ce8fdf862c,C0153
VYOMDEMO0001234567,ORD_VYOM_001458,20260807212537FD17C69B839A68,350.00,INR,2026-08-07 21:25:37.0,UPI,UPI,Paytm Payments Bank,668839163284372,TXN_SUCCESS,01,Txn Success,mvQ78K8q5S9J0kNPtJ2uxZgN6Ryoi8olZ2j4+eeSgkI=,DYNAMIC_QR,cust_f5144e6e67,C0068
VYOMDEMO0001234567,ORD_VYOM_000122,202608072127523DBC76A970BA16,360.00,INR,2026-08-07 21:27:52.0,PPI,WALLET,WALLET,650774813150835,TXN_SUCCESS,01,Txn Success,DVJFdifoLn66dky+KDrGSDkXuSIeO1PBnrVlI7/Yj4k=,DYNAMIC_QR,cust_4b7feffc40,C0006
VYOMDEMO0001234567,ORD_VYOM_001750,202608080807391688473539B1E4,200.00,INR,2026-08-08 08:07:39.0,PPI,WALLET,WALLET,890793868458736,TXN_SUCCESS,01,Txn Success,c+g/rG95yExXcaYg0Ak5146wBCvKzQ5Ig62dGp0JUv8=,DYNAMIC_QR,cust_160019570b,C0112
VYOMDEMO0001234567,ORD_VYOM_001545,20260808081230DDE7744C99DDD4,400.00,INR,2026-08-08 08:12:30.0,PPI,WALLET,WALLET,640340487127909,TXN_SUCCESS,01,Txn Success,AGCjG9BnukDob/JhaLgYhMB2BrwAQJDearGKjwRx/kw=,DYNAMIC_QR,cust_61b01a22c0,C0074
VYOMDEMO0001234567,ORD_VYOM_000480,202608080822182E30B4C7A38220,260.00,INR,2026-08-08 08:22:18.0,PPI,WALLET,WALLET,434939157436050,TXN_SUCCESS,01,Txn Success,lmbUCAxUi03uocQT1xMGYaPYDO5nEAap5+30Qfov2zQ=,DYNAMIC_QR,cust_6e959f4c64,C0023
VYOMDEMO0001234567,ORD_VYOM_001880,20260808083415AB92B5DEF25C59,220.00,INR,2026-08-08 08:34:15.0,CC,HDFC,HDFC,242394332253071,TXN_SUCCESS,01,Txn Success,QTBiOgCENWJXpU3B5J9n1KChasHhiQxWRwowUm777LY=,DYNAMIC_QR,cust_9be65df5a3,C0136
VYOMDEMO0001234567,ORD_VYOM_000428,202608080858349BBDDC9649C49E,420.00,INR,2026-08-08 08:58:34.0,PPI,WALLET,WALLET,817545634576417,TXN_SUCCESS,01,Txn Success,YlB4aOO8PbxSEFHLp9n+o5h7f0+v9EnNCHaCjD1vUKk=,DYNAMIC_QR,cust_173fc6de8b,C0020
VYOMDEMO0001234567,ORD_VYOM_001278,202608080859326BFB81A5BC78ED,400.00,INR,2026-08-08 08:59:32.0,UPI,UPI,Paytm Payments Bank,606323947498159,TXN_FAILURE,227,Your payment has been declined by your bank.,+wXv5bYyUpWAY7a5PCu8Sh7ayEM35GqqGA5XEKLwq2g=,DYNAMIC_QR,cust_4b0cb4e62f,C0059
VYOMDEMO0001234567,ORD_VYOM_001554,20260808090317251AFD9EC065E3,340.00,INR,2026-08-08 09:03:17.0,CC,HDFC,HDFC,672718134261994,TXN_SUCCESS,01,Txn Success,Bgm0vwyYPOr1fBfqznclTo3xWh7nrrruOOuGvVVwcdQ=,DYNAMIC_QR,cust_6a0fae8ba0,C0075
VYOMDEMO0001234567,ORD_VYOM_000681,202608080905503EB70BADF846EA,150.00,INR,2026-08-08 09:05:50.0,UPI,UPI,Paytm Payments Bank,500154420939278,TXN_SUCCESS,01,Txn Success,Drkuvz82PE+BmN1XaUfZ4WvzMLHipnO1RiwJY3hOPhs=,DYNAMIC_QR,cust_e87a5633d4,C0033
VYOMDEMO0001234567,ORD_VYOM_001418,202608080954262452B655560976,340.00,INR,2026-08-08 09:54:26.0,PPI,WALLET,WALLET,702947401038219,TXN_SUCCESS,01,Txn Success,1d7iGvKDBjynS/ClKDPRt569afcMabSN5+LlUVg8fYg=,DYNAMIC_QR,cust_3cb63d84a8,C0065
VYOMDEMO0001234567,ORD_VYOM_000925,2026080810184540C943992ACF40,450.00,INR,2026-08-08 10:18:45.0,PPI,WALLET,WALLET,932570736713480,TXN_SUCCESS,01,Txn Success,RL9mxG6FeXZ/1LVd5IuSaUCJS8D/3RSb780pXUaT7NA=,DYNAMIC_QR,cust_a4d97a4e7d,C0044
VYOMDEMO0001234567,ORD_VYOM_001002,2026080811250239C7C4592FA175,300.00,INR,2026-08-08 11:25:02.0,CC,HDFC,HDFC,355028228551675,TXN_SUCCESS,01,Txn Success,1bplZZvuQhPjdwkPDTuhvcM2nY6xYnDcL+GzWkWnRHo=,DYNAMIC_QR,cust_f966ed1ab1,C0047
VYOMDEMO0001234567,ORD_VYOM_001891,2026080812424962CA14D5797C5C,310.00,INR,2026-08-08 12:42:49.0,UPI,UPI,Paytm Payments Bank,868053992467569,TXN_SUCCESS,01,Txn Success,qpsPymsH73Hn+7H8L/2Y3wLIRmSzZwDNnm48mcc5rvE=,DYNAMIC_QR,cust_e3f7b1e793,C0138
VYOMDEMO0001234567,ORD_VYOM_000191,202608081339170300AF1228A3F5,460.00,INR,2026-08-08 13:39:17.0,UPI,UPI,Paytm Payments Bank,479023555221834,TXN_SUCCESS,01,Txn Success,/GdIC/Ae+p4j29KnT72I7+lasQmQ7AfzmW0TFT2fitU=,DYNAMIC_QR,cust_24551de984,C0009
VYOMDEMO0001234567,ORD_VYOM_001848,202608081515009B44E241D3B421,220.00,INR,2026-08-08 15:15:00.0,UPI,UPI,Paytm Payments Bank,943454882166088,TXN_SUCCESS,01,Txn Success,wuvKvHQEqToHtWNTE4brhUMxsH3YvjGlm8vwCFHTo/g=,DYNAMIC_QR,cust_8a55b6b351,C0130
VYOMDEMO0001234567,ORD_VYOM_000007,202608081813484D028509372EA1,250.00,INR,2026-08-08 18:13:48.0,DC,ICICI,ICICI,429242885991425,TXN_SUCCESS,01,Txn Success,sELpwcggw36hyL6kYP0yKYDFbL+M0j7RtMcKEFLICL4=,DYNAMIC_QR,cust_639130ba19,C0001
VYOMDEMO0001234567,ORD_VYOM_002145,20260808183029370F1A824FAAF2,350.00,INR,2026-08-08 18:30:29.0,UPI,UPI,Paytm Payments Bank,966688288746579,TXN_FAILURE,810,Payment failed due to a technical error.,DImmOQ6Q7ok3THXpqm5y+KZeJyVAHTIX0kV1HNUAmKo=,DYNAMIC_QR,cust_6df5a566e8,C0190
VYOMDEMO0001234567,ORD_VYOM_001254,20260808183503484FEB97D65DD6,350.00,INR,2026-08-08 18:35:03.0,UPI,UPI,Paytm Payments Bank,372883198066379,TXN_SUCCESS,01,Txn Success,znri631rRDSolGWqiZbPg3406WsvW4KMwBalM3M4aPo=,DYNAMIC_QR,cust_6b44d63f59,C0058
VYOMDEMO0001234567,ORD_VYOM_000374,20260808185252B9311F879E71B4,320.00,INR,2026-08-08 18:52:52.0,UPI,UPI,Paytm Payments Bank,394711870222624,TXN_SUCCESS,01,Txn Success,ucF5YmqNx3GlUsx3Aq2RCZ7Xcygd+1TtpFRZoypckls=,DYNAMIC_QR,cust_8fe3b75ae8,C0017
VYOMDEMO0001234567,ORD_VYOM_000216,2026080819035947FFD6CFA5A5A3,280.00,INR,2026-08-08 19:03:59.0,DC,ICICI,ICICI,227996268519551,TXN_SUCCESS,01,Txn Success,jEVPxprlLhGbteYaLFWTVuh2LBcxxTNW6G1Xynu9nyI=,DYNAMIC_QR,cust_785ff6e6b2,C0010
VYOMDEMO0001234567,ORD_VYOM_001304,202608082012326426C2BB12592C,450.00,INR,2026-08-08 20:12:32.0,DC,ICICI,ICICI,494725868920338,TXN_FAILURE,810,Payment failed due to a technical error.,UUpaSs4pJyhcnlvNqFGgK1OzLbET8vi/L3VLqxgJ9mc=,DYNAMIC_QR,cust_2658be5647,C0060
VYOMDEMO0001234567,ORD_VYOM_000558,20260808202912A4BD248F66D37F,250.00,INR,2026-08-08 20:29:12.0,UPI,UPI,Paytm Payments Bank,344931200992215,TXN_SUCCESS,01,Txn Success,fAGmQf/NNV+/JUlomrLOl/y+bxynklrWaDpLW0zCpLY=,DYNAMIC_QR,cust_a1b51de3dc,C0027
VYOMDEMO0001234567,ORD_VYOM_000666,202608082057361599B2DD574D85,350.00,INR,2026-08-08 20:57:36.0,UPI,UPI,Paytm Payments Bank,172757165048260,TXN_SUCCESS,01,Txn Success,sJvi0Ubb5VopXnrhks8SsXzXV0cqpoFg6PrAI9u17aQ=,DYNAMIC_QR,cust_a06e38f5f5,C0032
VYOMDEMO0001234567,ORD_VYOM_001820,20260809082102AEFC2784882EB8,380.00,INR,2026-08-09 08:21:02.0,UPI,UPI,Paytm Payments Bank,543845922932050,TXN_SUCCESS,01,Txn Success,dTmyqgHKRHGZXGEizyCxNA5kBoumXjyNwX/npxZT440=,DYNAMIC_QR,cust_e41964869d,C0126
VYOMDEMO0001234567,ORD_VYOM_001127,20260809083937618D6176BF1F26,340.00,INR,2026-08-09 08:39:37.0,UPI,UPI,Paytm Payments Bank,538839436109548,TXN_SUCCESS,01,Txn Success,IEdZFMSoA6L2M1q4UlqoRobaD4nuYOXyisFr2Qu0f5g=,DYNAMIC_QR,cust_009f929355,C0052
VYOMDEMO0001234567,ORD_VYOM_002122,20260809085046E3A38A11A91338,150.00,INR,2026-08-09 08:50:46.0,DC,ICICI,ICICI,888048694065424,TXN_SUCCESS,01,Txn Success,4M9gqpZgGOhbdqYH1QHbcjInSl4FlCPOmPkq+NHZ4xg=,DYNAMIC_QR,cust_8420971346,C0186
VYOMDEMO0001234567,ORD_VYOM_001111,202608090927347EB5D945CDDC4B,500.00,INR,2026-08-09 09:27:34.0,UPI,UPI,Paytm Payments Bank,740661902067147,TXN_FAILURE,411,Invalid Amount sent to Paytm,4lvGR7njkSjr2XQlJF1UhsNKg5lv6jwkfNa3RKnYQCo=,DYNAMIC_QR,cust_daf1fef437,C0051
VYOMDEMO0001234567,ORD_VYOM_000758,20260809093649B56628853A4EDC,400.00,INR,2026-08-09 09:36:49.0,CC,HDFC,HDFC,709525706914340,TXN_SUCCESS,01,Txn Success,+9mVLIPZmF40U0hPG/eNtt55ulhfrntK1O716j7g5ws=,DYNAMIC_QR,cust_9a8d00481d,C0037
VYOMDEMO0001234567,ORD_VYOM_000017,20260809100225C921CA390B945A,350.00,INR,2026-08-09 10:02:25.0,UPI,UPI,Paytm Payments Bank,519467273371203,TXN_SUCCESS,01,Txn Success,xEyc+g+HDNrvnA/+3RScErsb4CW0BqonRTPzwmHMDG8=,DYNAMIC_QR,cust_669ee76164,C0002
VYOMDEMO0001234567,ORD_VYOM_001079,202608091040033A616C75975D34,430.00,INR,2026-08-09 10:40:03.0,DC,ICICI,ICICI,749301046709386,TXN_SUCCESS,01,Txn Success,QPhSIj080YR1kAihigEtcoHjvNKVLGhjxAy/Xu/Wx2M=,DYNAMIC_QR,cust_7c85655ba0,C0050
VYOMDEMO0001234567,ORD_VYOM_001509,2026080910450283B507503FA9E7,370.00,INR,2026-08-09 10:45:02.0,CC,HDFC,HDFC,19097162694080,TXN_SUCCESS,01,Txn Success,uBFsrMVq94atMJJUASnEpwoOM8bMsvNZup9j7fTrouc=,DYNAMIC_QR,cust_196caee96d,C0071
VYOMDEMO0001234567,ORD_VYOM_001767,2026080911374658B0B4213B0F9C,200.00,INR,2026-08-09 11:37:46.0,UPI,UPI,Paytm Payments Bank,746818142746830,TXN_SUCCESS,01,Txn Success,DwyZr6cRS/VYLZpxUIWxv9pZb/HQ2a4lIGkqXzlNYdc=,DYNAMIC_QR,cust_b789d332da,C0114
VYOMDEMO0001234567,ORD_VYOM_000192,202608091229174555E12ED4BC3D,400.00,INR,2026-08-09 12:29:17.0,PPI,WALLET,WALLET,536870295467527,TXN_SUCCESS,01,Txn Success,yI+bw8dapZs5DXWKJryvakGxPG2sHu2qIplXsg7+0+8=,DYNAMIC_QR,cust_24551de984,C0009
VYOMDEMO0001234567,ORD_VYOM_001934,202608091307568F125C6BF9692B,200.00,INR,2026-08-09 13:07:56.0,UPI,UPI,Paytm Payments Bank,416808446678983,TXN_SUCCESS,01,Txn Success,urloszxiuWNM7NLqhW8GLRxf992SdAA8PfyUpZyD8iM=,DYNAMIC_QR,cust_84f1d1e80b,C0149
VYOMDEMO0001234567,ORD_VYOM_000441,20260809162442A9659519B845AE,350.00,INR,2026-08-09 16:24:42.0,PPI,WALLET,WALLET,657015820563490,TXN_SUCCESS,01,Txn Success,g+uPjPEwCoTJv2z8oSMGdNE6zQAjYvB4ZnrZMeLICCI=,DYNAMIC_QR,cust_bb103c6777,C0021
VYOMDEMO0001234567,ORD_VYOM_002128,202608091738167F65A474B4C691,240.00,INR,2026-08-09 17:38:16.0,UPI,UPI,Paytm Payments Bank,822712563034673,TXN_SUCCESS,01,Txn Success,2m/AzJkTgo4/mu01iLOqrpPTN/iqTh8Zfb4uv2jOjXU=,DYNAMIC_QR,cust_7604c83193,C0187
VYOMDEMO0001234567,ORD_VYOM_001619,20260809201134FC287EEF4ADA08,120.00,INR,2026-08-09 20:11:34.0,UPI,UPI,Paytm Payments Bank,608752344556722,TXN_SUCCESS,01,Txn Success,LTkkTWpHK/JFVxhszlWCALoeQtihr7hTmRjWjv4xs10=,DYNAMIC_QR,cust_e6f4b63a28,C0087
VYOMDEMO0001234567,ORD_VYOM_001672,20260809203413ED70B76F8A1DC3,380.00,INR,2026-08-09 20:34:13.0,UPI,UPI,Paytm Payments Bank,131794880175929,TXN_SUCCESS,01,Txn Success,8dEyL8W6a/gYNUaXPkPaeNWpNGUEhWAWVKEgFoWSWKo=,DYNAMIC_QR,cust_727cd2c5c9,C0098
VYOMDEMO0001234567,ORD_VYOM_001234,20260809205723B8212E1ADA2F51,380.00,INR,2026-08-09 20:57:23.0,UPI,UPI,Paytm Payments Bank,733523993375678,TXN_SUCCESS,01,Txn Success,LPaBG+EldLmqzGaN7P8sq3Oc6vqODRrZef8nA/DccD8=,DYNAMIC_QR,cust_f249fd9c9c,C0057
VYOMDEMO0001234567,ORD_VYOM_001546,20260809210146988B43F0FA06E0,320.00,INR,2026-08-09 21:01:46.0,UPI,UPI,Paytm Payments Bank,150928492892015,TXN_SUCCESS,01,Txn Success,SIlkzk7UulA1ZYdGYboT8usmiLDpu4l/C6qiRhIIXWQ=,DYNAMIC_QR,cust_61b01a22c0,C0074
VYOMDEMO0001234567,ORD_VYOM_000981,202608092116242BFDA4F95200C7,340.00,INR,2026-08-09 21:16:24.0,UPI,UPI,Paytm Payments Bank,198317956283965,TXN_SUCCESS,01,Txn Success,atb/oR53nqYNKqIEbaMF89qLGV8mZ3potPVfTPdAQ1A=,DYNAMIC_QR,cust_3433633783,C0046
VYOMDEMO0001234567,ORD_VYOM_001997,20260809211736ED10A658FD9B4C,300.00,INR,2026-08-09 21:17:36.0,UPI,UPI,Paytm Payments Bank,67131284031856,TXN_SUCCESS,01,Txn Success,5i106Ja7idS/GHpOuxtgkcmz7B3nN+5LuHykglDKxks=,DYNAMIC_QR,cust_78068e26be,C0161
VYOMDEMO0001234567,ORD_VYOM_001065,202608092159477DDEEA2262E69C,190.00,INR,2026-08-09 21:59:47.0,UPI,UPI,Paytm Payments Bank,247009013708114,TXN_SUCCESS,01,Txn Success,xtSiax+9nn5ouM50j6m2jJ66oXqZ/RuTVLK2hvWAmyk=,DYNAMIC_QR,cust_fc7659f04d,C0049
VYOMDEMO0001234567,ORD_VYOM_002205,20260810081106B27106BC67551C,340.00,INR,2026-08-10 08:11:06.0,UPI,UPI,Paytm Payments Bank,38143469236909,TXN_SUCCESS,01,Txn Success,Wu1Nb5hhRg2uTcRWAob84QojiCCInVLuLn2MlwDiGMo=,DYNAMIC_QR,cust_9a5c9f0707,C0239
VYOMDEMO0001234567,ORD_VYOM_000495,20260810081619311494F1E735F1,480.00,INR,2026-08-10 08:16:19.0,UPI,UPI,Paytm Payments Bank,511890340994403,TXN_SUCCESS,01,Txn Success,rIrZsFN/njIKgRfOrxHCeTjpjzAO7ccdql3e67W6qHg=,DYNAMIC_QR,cust_ecaca9bcdb,C0024
VYOMDEMO0001234567,ORD_VYOM_001955,20260810084231557E0024CB533F,160.00,INR,2026-08-10 08:42:31.0,UPI,UPI,Paytm Payments Bank,783864265421435,TXN_SUCCESS,01,Txn Success,j73Cr02FOUQ1+BDbm7dEgZhC0PZNXu+QIzddEERCdZk=,DYNAMIC_QR,cust_45ad7a8f47,C0152
VYOMDEMO0001234567,ORD_VYOM_001590,2026081009014903706309FF3FB8,150.00,INR,2026-08-10 09:01:49.0,DC,ICICI,ICICI,790931709936040,TXN_SUCCESS,01,Txn Success,k4Z324j4vlmyNclcNGvkK6mhi+hI0GP90g7SMC3SgJA=,DYNAMIC_QR,cust_72f28a419b,C0082
VYOMDEMO0001234567,ORD_VYOM_000771,202608100903062B856D75B40C68,260.00,INR,2026-08-10 09:03:06.0,DC,ICICI,ICICI,270831192507379,TXN_SUCCESS,01,Txn Success,DkMhNKtXV05rIitp4S3dwY+8gI95V0n9b5BAZib9g+g=,DYNAMIC_QR,cust_40b3e01be6,C0038
VYOMDEMO0001234567,ORD_VYOM_001908,202608100941542D4D8A5EC3FF3B,400.00,INR,2026-08-10 09:41:54.0,UPI,UPI,Paytm Payments Bank,305210368101162,TXN_SUCCESS,01,Txn Success,wSJRGkwa6l401ATXOIYIUU8v7ga+AMODAoEoug19DWU=,DYNAMIC_QR,cust_4062a5bfea,C0143
VYOMDEMO0001234567,ORD_VYOM_001363,20260810110231F2C9EC4EB02471,220.00,INR,2026-08-10 11:02:31.0,DC,ICICI,ICICI,209773859638387,TXN_SUCCESS,01,Txn Success,EsWgf0IKSw5dSTRrVEtKf2g08/eO1/+HhVKGPoap0GI=,DYNAMIC_QR,cust_2f66dd2f4f,C0062
VYOMDEMO0001234567,ORD_VYOM_001560,2026081012224889B3FA6C2CDF18,280.00,INR,2026-08-10 12:22:48.0,UPI,UPI,Paytm Payments Bank,738054265292745,TXN_SUCCESS,01,Txn Success,P7Lq50QvOmM9UBHkZkDSjLNCF7fQUekl5SQgwhGBPLE=,DYNAMIC_QR,cust_c46ad3a524,C0076
VYOMDEMO0001234567,ORD_VYOM_001385,20260810125934364558DF2486EC,300.00,INR,2026-08-10 12:59:34.0,UPI,UPI,Paytm Payments Bank,308637391660404,TXN_SUCCESS,01,Txn Success,JJxYu3AXRAZROtWlx29UOvzvkSVkIQ+esP1+wdmhRuQ=,DYNAMIC_QR,cust_6e5ea23889,C0063
VYOMDEMO0001234567,ORD_VYOM_000161,20260810135530B70A77BA247F89,220.00,INR,2026-08-10 13:55:30.0,CC,HDFC,HDFC,603356180355459,TXN_SUCCESS,01,Txn Success,kHStnwhXvUorca4fXkLPkTxb9Gf9RFsPUWHmrjT9adE=,DYNAMIC_QR,cust_8e84008d36,C0008
VYOMDEMO0001234567,ORD_VYOM_002078,202608101359541DB9E1299B7CA7,250.00,INR,2026-08-10 13:59:54.0,DC,ICICI,ICICI,841205909755773,TXN_SUCCESS,01,Txn Success,PZYUqUe62dfOdJ0fAbUPrBXGYsJ1tZpQa7B3ET+NfNA=,DYNAMIC_QR,cust_ce4000d3e6,C0177
VYOMDEMO0001234567,ORD_VYOM_000350,202608101459450FB441BAB94CDC,250.00,INR,2026-08-10 14:59:45.0,UPI,UPI,Paytm Payments Bank,370154693764454,TXN_SUCCESS,01,Txn Success,lH1AHX7dGk1reaJKzIQDgAOOtnPaEmFSmg6eDkJw/F8=,DYNAMIC_QR,cust_4e741c85b4,C0016
VYOMDEMO0001234567,ORD_VYOM_000573,2026081016361118B8A313080AFA,320.00,INR,2026-08-10 16:36:11.0,PPI,WALLET,WALLET,177096105260940,TXN_SUCCESS,01,Txn Success,uO0dnCKYwIW5UuNV22VdbDIWm21afgGd/xG97IIJo9M=,DYNAMIC_QR,cust_99e98f2292,C0028
VYOMDEMO0001234567,ORD_VYOM_002133,2026081017083564C81686BDB5B9,300.00,INR,2026-08-10 17:08:35.0,UPI,UPI,Paytm Payments Bank,134983353712912,TXN_SUCCESS,01,Txn Success,d3qHjZ2G2Mro7oTIQ1AlVcHaJyDeKg0Ua5BXRo7j9o8=,DYNAMIC_QR,cust_3325a57c29,C0188
VYOMDEMO0001234567,ORD_VYOM_001212,20260810193310B18450517A91F2,500.00,INR,2026-08-10 19:33:10.0,UPI,UPI,Paytm Payments Bank,327228071652529,TXN_SUCCESS,01,Txn Success,Iz+Fr19fe/FNSIjaNw50w8mQ6cxDA8bROo25s4+ZIjU=,DYNAMIC_QR,cust_b981b6cff8,C0056
VYOMDEMO0001234567,ORD_VYOM_000072,202608101936479681ADA8D83666,400.00,INR,2026-08-10 19:36:47.0,UPI,UPI,Paytm Payments Bank,225689829414064,TXN_SUCCESS,01,Txn Success,2Kv0MNZ/uBlPlJ6kYiOXWnd1Ks5qRF6yLpBFeXchw9A=,DYNAMIC_QR,cust_23bc5b213e,C0004
VYOMDEMO0001234567,ORD_VYOM_002085,202608102032314C7E7FB6A0CACF,250.00,INR,2026-08-10 20:32:31.0,CC,HDFC,HDFC,857174769343373,TXN_SUCCESS,01,Txn Success,LGaihS86aq/e02eZTe1eyUq4zl8l3fU9eSRahhxKOq8=,DYNAMIC_QR,cust_576bb1d029,C0179
VYOMDEMO0001234567,ORD_VYOM_002103,20260810210952589233553BC365,250.00,INR,2026-08-10 21:09:52.0,UPI,UPI,Paytm Payments Bank,10650728579287,TXN_SUCCESS,01,Txn Success,1yKvMoGslFZgbMZmkxqjOJfVELE3gFzykB6TLRaULtc=,DYNAMIC_QR,cust_870942d0e6,C0181
VYOMDEMO0001234567,ORD_VYOM_001279,202608102158117CAF5174DC9F05,320.00,INR,2026-08-10 21:58:11.0,UPI,UPI,Paytm Payments Bank,664170687743852,TXN_SUCCESS,01,Txn Success,Z226HPcw/gxfVx63zO1yXCuh9a1t6CPOaIe88KPBpNE=,DYNAMIC_QR,cust_4b0cb4e62f,C0059
VYOMDEMO0001234567,ORD_VYOM_000962,202608110807193D765AC30B6CA5,160.00,INR,2026-08-11 08:07:19.0,CC,HDFC,HDFC,963537006429700,TXN_SUCCESS,01,Txn Success,7tDTHgMest7Iwtm5sQ9tZW9BGheX4O76tQa/6kTOk8U=,DYNAMIC_QR,cust_d544bf3b16,C0045
VYOMDEMO0001234567,ORD_VYOM_002162,20260811085910FA0C38AB01F140,300.00,INR,2026-08-11 08:59:10.0,UPI,UPI,Paytm Payments Bank,139952649315310,TXN_SUCCESS,01,Txn Success,kAegSC+bPKlUmiBN6iM7VE2/vZ28cl6ofhMG8rWXTC4=,DYNAMIC_QR,cust_308e21c409,C0196
VYOMDEMO0001234567,ORD_VYOM_001523,20260811090254E1EB450CE70AE8,330.00,INR,2026-08-11 09:02:54.0,UPI,UPI,Paytm Payments Bank,260795980850074,TXN_SUCCESS,01,Txn Success,Ecf19nU/lZ/mRKzTL9ADnUtMi/8DIxtWwceXAMP6FwM=,DYNAMIC_QR,cust_2f8f5bb109,C0072
VYOMDEMO0001234567,ORD_VYOM_001036,20260811091216FA18FF454089E7,400.00,INR,2026-08-11 09:12:16.0,UPI,UPI,Paytm Payments Bank,134712415872976,TXN_SUCCESS,01,Txn Success,Ll1L44cNRi7nPAZ6deqIVACQ0rDEn9FnjNWcVLT6Etk=,DYNAMIC_QR,cust_c3657372a9,C0048
VYOMDEMO0001234567,ORD_VYOM_000605,20260811091845374D0A40792A41,260.00,INR,2026-08-11 09:18:45.0,CC,HDFC,HDFC,255856567469618,TXN_SUCCESS,01,Txn Success,IaiOxmhrkdj0/vTeiIrS6ejQ/a1dtnaLCZEKWScY4qE=,DYNAMIC_QR,cust_106abbb9b5,C0029
VYOMDEMO0001234567,ORD_VYOM_001179,20260811093254DBD169ACC15CED,460.00,INR,2026-08-11 09:32:54.0,PPI,WALLET,WALLET,315643278953906,TXN_SUCCESS,01,Txn Success,S8VCc/DQWVQrfLD2DOSUvfGkeWWBEv4aVZR8+CdYHyo=,DYNAMIC_QR,cust_5cd1790ef5,C0054
VYOMDEMO0001234567,ORD_VYOM_001807,20260811093522A8174A87FDF0A3,310.00,INR,2026-08-11 09:35:22.0,UPI,UPI,Paytm Payments Bank,862487902829719,TXN_SUCCESS,01,Txn Success,N6gmxvT+2W9TefFGPjlSKn4f8um32XR+f7LNMH3ZG2k=,DYNAMIC_QR,cust_3b4a9b36db,C0123
VYOMDEMO0001234567,ORD_VYOM_000895,202608110940242869F50627FE4F,300.00,INR,2026-08-11 09:40:24.0,UPI,UPI,Paytm Payments Bank,274718185301679,TXN_SUCCESS,01,Txn Success,VbxxshxADinjHjtuGt+6J23P6IvwiVBvyjsBrn3pDbI=,DYNAMIC_QR,cust_20281afbd7,C0043
VYOMDEMO0001234567,ORD_VYOM_001826,202608111005237C537A71D3F8C8,240.00,INR,2026-08-11 10:05:23.0,UPI,UPI,Paytm Payments Bank,97268852683984,TXN_SUCCESS,01,Txn Success,Lk8FReLdf3l2cvisPrk2zb3oyrnqODoDNejCtYZEoX0=,DYNAMIC_QR,cust_a0433965c0,C0127
VYOMDEMO0001234567,ORD_VYOM_000802,20260811100600FBC0A0EC3BBE92,320.00,INR,2026-08-11 10:06:00.0,DC,ICICI,ICICI,337317077395311,TXN_SUCCESS,01,Txn Success,j/RJvGxiwRII4/KQ80wohGkwAENn/PXxqF+HxQBy8KY=,DYNAMIC_QR,cust_0b348a9dd1,C0039
VYOMDEMO0001234567,ORD_VYOM_001609,20260811101212414DFCFB9DBD7C,250.00,INR,2026-08-11 10:12:12.0,UPI,UPI,Paytm Payments Bank,556150760081775,TXN_SUCCESS,01,Txn Success,qz/FglZ3I2MS3vzSKi1SufcQOBJXZM0KLpmgSLkOa2g=,DYNAMIC_QR,cust_515446ef47,C0085
VYOMDEMO0001234567,ORD_VYOM_000559,20260811113607244AAB6B81B827,420.00,INR,2026-08-11 11:36:07.0,CC,HDFC,HDFC,287084460746522,TXN_SUCCESS,01,Txn Success,pHzEMyWubWFH7Im0dxxSAU0vyScBaGa1KhkDQXDOvWw=,DYNAMIC_QR,cust_a1b51de3dc,C0027
VYOMDEMO0001234567,ORD_VYOM_000735,202608111216490AD0D8190A1AF6,500.00,INR,2026-08-11 12:16:49.0,UPI,UPI,Paytm Payments Bank,211834698404505,TXN_SUCCESS,01,Txn Success,VqygRnrWTVpdMmCFMa1vmQYMZcYPwRTQkASTUL/HKxY=,DYNAMIC_QR,cust_99835ad417,C0036
VYOMDEMO0001234567,ORD_VYOM_002046,20260811122043B10E53C900E5D5,400.00,INR,2026-08-11 12:20:43.0,PPI,WALLET,WALLET,257368957290832,TXN_SUCCESS,01,Txn Success,vvjv2pQ6P52AHK4aCCTIgpsPHCyagWtPU228G4oOfj4=,DYNAMIC_QR,cust_124decfc20,C0169
VYOMDEMO0001234567,ORD_VYOM_000667,20260811131508E236C008C81C05,320.00,INR,2026-08-11 13:15:08.0,PPI,WALLET,WALLET,422664580115304,TXN_SUCCESS,01,Txn Success,oWFIbOC3L42+BtFCI+8dUWQES+F0ZmvjISAkZIkqj4c=,DYNAMIC_QR,cust_a06e38f5f5,C0032
VYOMDEMO0001234567,ORD_VYOM_001913,20260811181111550320C69D54C0,320.00,INR,2026-08-11 18:11:11.0,UPI,UPI,Paytm Payments Bank,260098174411273,TXN_SUCCESS,01,Txn Success,PsRa5pT/JX3ovAZrPqbbmrYoAbeUh+gfLjShyxmKnLU=,DYNAMIC_QR,cust_5f6c8a8dea,C0144
VYOMDEMO0001234567,ORD_VYOM_001235,202608111818488C502E2444C43C,150.00,INR,2026-08-11 18:18:48.0,UPI,UPI,Paytm Payments Bank,138102248212114,TXN_SUCCESS,01,Txn Success,3PeceBzE11mCSXUUdbfeLhCUMFMX7bPjdOtPHKurlbI=,DYNAMIC_QR,cust_f249fd9c9c,C0057
VYOMDEMO0001234567,ORD_VYOM_000700,2026081119301029C494E78493AD,400.00,INR,2026-08-11 19:30:10.0,PPI,WALLET,WALLET,309824336737689,TXN_SUCCESS,01,Txn Success,XgwF4/f7/n2aySWAmYArxeQ/cqoG/3Ts6BWWRavzuXY=,DYNAMIC_QR,cust_d4aeae392b,C0034
VYOMDEMO0001234567,ORD_VYOM_000299,20260811195558123F76043CC0EF,540.00,INR,2026-08-11 19:55:58.0,DC,ICICI,ICICI,651197591165789,TXN_SUCCESS,01,Txn Success,Hk5N2yEx7F54V5WU6rbuBxw23xm4qqmRElOE+3rovVE=,DYNAMIC_QR,cust_2db547fcb3,C0013
VYOMDEMO0001234567,ORD_VYOM_001199,2026081120342840B4476C637B8E,450.00,INR,2026-08-11 20:34:28.0,UPI,UPI,Paytm Payments Bank,436488738477368,TXN_SUCCESS,01,Txn Success,zEt4OBSJMIdK9XVa39TkGJdw5Hu2H7BCDQitQQeula4=,DYNAMIC_QR,cust_4b274e83b3,C0055
VYOMDEMO0001234567,ORD_VYOM_001499,20260812081649ACCE5EA217DF91,270.00,INR,2026-08-12 08:16:49.0,PPI,WALLET,WALLET,240003126414612,TXN_SUCCESS,01,Txn Success,KjSWcwb8ax9oaveROtNQvqnwv2Isi1tBSqO82v2mL/8=,DYNAMIC_QR,cust_6549be84fc,C0070
VYOMDEMO0001234567,ORD_VYOM_000834,20260812092715BB14236443480B,340.00,INR,2026-08-12 09:27:15.0,DC,ICICI,ICICI,278537014228380,TXN_SUCCESS,01,Txn Success,n/HC6nzihsBIH0bIDC0dEqpIe7WK9dvxW/Z3t9DLIjQ=,DYNAMIC_QR,cust_8f7c742c92,C0040
VYOMDEMO0001234567,ORD_VYOM_000496,20260812095844A70D55B9FEB5B5,300.00,INR,2026-08-12 09:58:44.0,UPI,UPI,Paytm Payments Bank,636761623393649,TXN_SUCCESS,01,Txn Success,bqdqpiUG82gaI6/LfMB63xqk+g//8ONBCzayhUhGDyI=,DYNAMIC_QR,cust_ecaca9bcdb,C0024
VYOMDEMO0001234567,ORD_VYOM_000411,20260812100115892F9059F53E14,360.00,INR,2026-08-12 10:01:15.0,PPI,WALLET,WALLET,395861624079805,TXN_SUCCESS,01,Txn Success,vdbu677K0nFrLsyd63/Qf8oIF6Y8FUNEQKYw/toSSgg=,DYNAMIC_QR,cust_7504516d8c,C0019
VYOMDEMO0001234567,ORD_VYOM_001037,20260812101240318BB07E188A6F,550.00,INR,2026-08-12 10:12:40.0,CC,HDFC,HDFC,309825049556205,TXN_FAILURE,227,Your payment has been declined by your bank.,jqxUebDFQw5aDp6l/mniY7Vy6Y2P6h/JgOxNKmdiJYo=,DYNAMIC_QR,cust_c3657372a9,C0048
VYOMDEMO0001234567,ORD_VYOM_001533,20260812104327D88545E6D76E6C,420.00,INR,2026-08-12 10:43:27.0,UPI,UPI,Paytm Payments Bank,829428406529704,TXN_FAILURE,810,Payment failed due to a technical error.,HCcLUaU+NWNjwvJTuc8sOadR0RaCmEbXTaEuJrmybb8=,DYNAMIC_QR,cust_da25303e2b,C0073
VYOMDEMO0001234567,ORD_VYOM_001599,20260812105948ACF640F86EF221,300.00,INR,2026-08-12 10:59:48.0,UPI,UPI,Paytm Payments Bank,823309357070125,TXN_SUCCESS,01,Txn Success,HfnB6SKw7kc6Rw69jzSiZ2n9bcYeEolyBOAiPmbUxm0=,DYNAMIC_QR,cust_8d0c9a7d85,C0083
VYOMDEMO0001234567,ORD_VYOM_000723,20260812114102EE0EC0E2A881AD,230.00,INR,2026-08-12 11:41:02.0,DC,ICICI,ICICI,350841128514013,TXN_SUCCESS,01,Txn Success,MaAnroY66uoaDC9jiTjOAwl8nFA1eobYPebndMWiRMA=,DYNAMIC_QR,cust_37d415cd87,C0035
VYOMDEMO0001234567,ORD_VYOM_001871,20260812115326300EDF21B86808,280.00,INR,2026-08-12 11:53:26.0,UPI,UPI,Paytm Payments Bank,725228020612844,TXN_SUCCESS,01,Txn Success,ZElV3zNI9IA0RwvFF+fK3xhWJfwUgEhv9h0qomcJqr8=,DYNAMIC_QR,cust_13c73423f8,C0135
VYOMDEMO0001234567,ORD_VYOM_002238,20260812190333479E7BD1694B8A,360.00,INR,2026-08-12 19:03:33.0,UPI,UPI,Paytm Payments Bank,973441323461714,TXN_SUCCESS,01,Txn Success,pmntS5fpQDMbgYtSbK0ZTE8nCOzPca8shNJ/2rvaIRI=,DYNAMIC_QR,cust_be66a301e9,C0272
VYOMDEMO0001234567,ORD_VYOM_000193,202608121903542F76E077BB8793,210.00,INR,2026-08-12 19:03:54.0,UPI,UPI,Paytm Payments Bank,417506965936300,TXN_SUCCESS,01,Txn Success,8Ub8RQ2pagWkG32DDqVhLLDo3vEnZCz1DHluTcUGh6E=,DYNAMIC_QR,cust_24551de984,C0009
VYOMDEMO0001234567,ORD_VYOM_000257,202608121959290941A5891D1AF6,250.00,INR,2026-08-12 19:59:29.0,PPI,WALLET,WALLET,241880568932536,TXN_SUCCESS,01,Txn Success,05JcId+4wrulDTb0wtjOhlpWqQzJ7rhqoFxWll7ZUbU=,DYNAMIC_QR,cust_ca9b9b6adf,C0011
VYOMDEMO0001234567,ORD_VYOM_000375,2026081220192148ECA1D5FE2006,360.00,INR,2026-08-12 20:19:21.0,UPI,UPI,Paytm Payments Bank,336865129976931,TXN_SUCCESS,01,Txn Success,o2rS6wZs4ojcLN7LUZC2w5Z2vP41fcTlKKq/nP1QJyw=,DYNAMIC_QR,cust_8fe3b75ae8,C0017
VYOMDEMO0001234567,ORD_VYOM_000455,20260812204354765A96EF3C4EA8,220.00,INR,2026-08-12 20:43:54.0,UPI,UPI,Paytm Payments Bank,622877322980664,TXN_SUCCESS,01,Txn Success,a9CM40tFmOmnxysm0ip9yhfRfW7yK2rjiudquoT29MI=,DYNAMIC_QR,cust_c412e8f05c,C0022
VYOMDEMO0001234567,ORD_VYOM_001712,202608122044544E3EF54ACC5DF2,280.00,INR,2026-08-12 20:44:54.0,UPI,UPI,Paytm Payments Bank,165903117929776,TXN_SUCCESS,01,Txn Success,H3IMkCFCTUYUU/aPjUXIr5oi510tIbZXX5Qya4M0rw0=,DYNAMIC_QR,cust_14d4752a6b,C0105
VYOMDEMO0001234567,ORD_VYOM_001886,2026081221193270119BEA1191CA,300.00,INR,2026-08-12 21:19:32.0,PPI,WALLET,WALLET,151868554600,TXN_SUCCESS,01,Txn Success,J4xBmJAucZkzsJh2yODWWwdVAMXypMeyRJgXcK/4tQQ=,DYNAMIC_QR,cust_a75b4607f9,C0137
VYOMDEMO0001234567,ORD_VYOM_001810,20260812213210FFC789A9D5E7DB,200.00,INR,2026-08-12 21:32:10.0,PPI,WALLET,WALLET,916046530634401,TXN_SUCCESS,01,Txn Success,SIMY74DlAclPJLiuJ9W7i2is0vEzpw8S2hSQMN6Il8A=,DYNAMIC_QR,cust_35506736a0,C0124
VYOMDEMO0001234567,ORD_VYOM_001305,20260813081544261141CC6EF671,260.00,INR,2026-08-13 08:15:44.0,UPI,UPI,Paytm Payments Bank,51913833513496,TXN_SUCCESS,01,Txn Success,cdxv47eKTkoMTCoqm6iIMp/wt+xf5pfaD9fnEoYYjAw=,DYNAMIC_QR,cust_2658be5647,C0060
VYOMDEMO0001234567,ORD_VYOM_001663,20260813082447D23A1E137ED5FB,410.00,INR,2026-08-13 08:24:47.0,DC,ICICI,ICICI,411025280512688,TXN_SUCCESS,01,Txn Success,DQCBp2NZnc1Y+C1QXFPGfUn0ub8J7XzZLcsLZgZq780=,DYNAMIC_QR,cust_ada5a925e9,C0097
VYOMDEMO0001234567,ORD_VYOM_000926,202608130831038B9BE70EB188E1,390.00,INR,2026-08-13 08:31:03.0,UPI,UPI,Paytm Payments Bank,633034492591045,TXN_SUCCESS,01,Txn Success,hKPIeTc3B/4QBvKTNU4Fff6y1Fm2kyjATsHBsJNxYMU=,DYNAMIC_QR,cust_a4d97a4e7d,C0044
VYOMDEMO0001234567,ORD_VYOM_000481,2026081309115309CB7C2638BD26,250.00,INR,2026-08-13 09:11:53.0,UPI,UPI,Paytm Payments Bank,734475401558485,TXN_SUCCESS,01,Txn Success,g+llmq7NV3Dos0DbjibjX0iqQgDs1F1YhGNyYyUEZXQ=,DYNAMIC_QR,cust_6e959f4c64,C0023
VYOMDEMO0001234567,ORD_VYOM_001510,2026081309131710EC0FB692CCDC,400.00,INR,2026-08-13 09:13:17.0,UPI,UPI,Paytm Payments Bank,129554801693972,TXN_SUCCESS,01,Txn Success,pjsZR28M++Jg1NOTkxb8f/H6jnpFHqm5rphX52wpvQ8=,DYNAMIC_QR,cust_196caee96d,C0071
VYOMDEMO0001234567,ORD_VYOM_001478,20260813092053A168D37EB9B0A3,250.00,INR,2026-08-13 09:20:53.0,UPI,UPI,Paytm Payments Bank,83292854146902,TXN_SUCCESS,01,Txn Success,6sSu7UAehqoGGUMOSvlpyg2wD2/TXt+kAHajK12d88Q=,DYNAMIC_QR,cust_2775c4cf89,C0069
VYOMDEMO0001234567,ORD_VYOM_001849,2026081309590081B19D7EDC6CE0,200.00,INR,2026-08-13 09:59:00.0,UPI,UPI,Paytm Payments Bank,175908447365139,TXN_SUCCESS,01,Txn Success,DQ6hibmvtsOu1R85W4dUCW6qvEzybcuZvIuo+LxT+ks=,DYNAMIC_QR,cust_8a55b6b351,C0130
VYOMDEMO0001234567,ORD_VYOM_001066,20260813101109B5CEE6F9BFCC0D,70.00,INR,2026-08-13 10:11:09.0,UPI,UPI,Paytm Payments Bank,439217955597809,TXN_SUCCESS,01,Txn Success,MSZIIM627wEAfAxehK2Vln+DeEk7V7idinRl3cwgqdY=,DYNAMIC_QR,cust_fc7659f04d,C0049
VYOMDEMO0001234567,ORD_VYOM_000396,20260813101510264C71E135BE08,320.00,INR,2026-08-13 10:15:10.0,UPI,UPI,Paytm Payments Bank,493575402244641,TXN_SUCCESS,01,Txn Success,rS+MZIDudH5BDZ93VmGjucF2y9Q35SFGbk7spzcqvGg=,DYNAMIC_QR,cust_1758aa28d3,C0018
VYOMDEMO0001234567,ORD_VYOM_000668,20260813113756928995A8CCDDA5,300.00,INR,2026-08-13 11:37:56.0,CC,HDFC,HDFC,480511320360997,TXN_SUCCESS,01,Txn Success,h9vriItPBeV9etGns8shE25fHWz1hXpLPXWsEUz+i1s=,DYNAMIC_QR,cust_a06e38f5f5,C0032
VYOMDEMO0001234567,ORD_VYOM_000018,20260813141814ABD0C86F0BC966,360.00,INR,2026-08-13 14:18:14.0,PPI,WALLET,WALLET,629184691016849,TXN_SUCCESS,01,Txn Success,gTY1GYeipeJ02F8DoGypadqcS6aLkda0gD9CTsMbcPs=,DYNAMIC_QR,cust_669ee76164,C0002
VYOMDEMO0001234567,ORD_VYOM_001150,2026081314240061A332A9FA0E72,450.00,INR,2026-08-13 14:24:00.0,DC,ICICI,ICICI,926490883755095,TXN_SUCCESS,01,Txn Success,XgMTPN3c/jou7PUAGG6UxGae9JdW6SKIPStLwAi16ow=,DYNAMIC_QR,cust_82cd81d65f,C0053
VYOMDEMO0001234567,ORD_VYOM_001003,20260813172053DE36DB04A621A8,320.00,INR,2026-08-13 17:20:53.0,CC,HDFC,HDFC,597776500980017,TXN_SUCCESS,01,Txn Success,arE6eMALRH9sFDeTpm/udEj55tLWQ/Nxsh+HGLlRDM4=,DYNAMIC_QR,cust_f966ed1ab1,C0047
VYOMDEMO0001234567,ORD_VYOM_001524,20260813174404ACE3037D382411,480.00,INR,2026-08-13 17:44:04.0,UPI,UPI,Paytm Payments Bank,52064960869998,TXN_SUCCESS,01,Txn Success,aWQkUqaJgxWvLiDK8+IhzgJm5tcc37bXV7CD3cyGXrA=,DYNAMIC_QR,cust_2f8f5bb109,C0072
VYOMDEMO0001234567,ORD_VYOM_001887,2026081318251987A2F3E6A67388,280.00,INR,2026-08-13 18:25:19.0,UPI,UPI,Paytm Payments Bank,880788539023373,TXN_SUCCESS,01,Txn Success,CUoFzkK/bLYbdRHeVK6YchJGzAj0wgZWDqF+xg+G0do=,DYNAMIC_QR,cust_a75b4607f9,C0137
VYOMDEMO0001234567,ORD_VYOM_000142,20260813183856DF2D689A2EFD9A,340.00,INR,2026-08-13 18:38:56.0,UPI,UPI,Paytm Payments Bank,341166878969507,TXN_SUCCESS,01,Txn Success,LYIUCnp95aqP93RF8js7I1GCtfY4dL1WBIAYYjCXBg0=,DYNAMIC_QR,cust_eabdbf3bc8,C0007
VYOMDEMO0001234567,ORD_VYOM_001128,20260813191835367BE89552B302,320.00,INR,2026-08-13 19:18:35.0,DC,ICICI,ICICI,596686176355241,TXN_SUCCESS,01,Txn Success,MzITr7AX6smX1dt0lq7WHtU/uj2a2B6tHa94h1eF9BY=,DYNAMIC_QR,cust_009f929355,C0052
VYOMDEMO0001234567,ORD_VYOM_000274,2026081319355826CF1C8E780E77,300.00,INR,2026-08-13 19:35:58.0,UPI,UPI,Paytm Payments Bank,385856294644442,TXN_SUCCESS,01,Txn Success,RUgmgM2Gry4rjvcBbpMR5yJsFRtAXLXY2+VCCvcfcus=,DYNAMIC_QR,cust_679aa0bd53,C0012
VYOMDEMO0001234567,ORD_VYOM_000574,202608131943077FC6B3E4FC70E8,380.00,INR,2026-08-13 19:43:07.0,UPI,UPI,Paytm Payments Bank,659745037683931,TXN_SUCCESS,01,Txn Success,M5YxCY3Rt6xHyEwpdHJH3XIcOLbKJDjeIThjOeSxoUg=,DYNAMIC_QR,cust_99e98f2292,C0028
VYOMDEMO0001234567,ORD_VYOM_000963,2026081319544252AFBAFCB157EB,550.00,INR,2026-08-13 19:54:42.0,UPI,UPI,Paytm Payments Bank,631884738733864,TXN_SUCCESS,01,Txn Success,wDDx2fs3FeluLmmaRlbANq7dyT4ctOPVYFkSrCxpi3s=,DYNAMIC_QR,cust_d544bf3b16,C0045
VYOMDEMO0001234567,ORD_VYOM_000516,2026081319571031BE446281BA9B,350.00,INR,2026-08-13 19:57:10.0,UPI,UPI,Paytm Payments Bank,31510656456795,TXN_SUCCESS,01,Txn Success,nrXCxxN3lYk+khcJH75wsmIDLi3x9l8rV0zGlPvQYTI=,DYNAMIC_QR,cust_f28cbf1be8,C0025
VYOMDEMO0001234567,ORD_VYOM_000073,20260813202334C8C5C0483F8924,270.00,INR,2026-08-13 20:23:34.0,CC,HDFC,HDFC,291661238162945,TXN_SUCCESS,01,Txn Success,XZT5FmtEu/010nqwAbVfDQO+Nx7j/Hpn0XLRRi41On0=,DYNAMIC_QR,cust_23bc5b213e,C0004
VYOMDEMO0001234567,ORD_VYOM_001443,2026081320353015BFF5E9A984B1,680.00,INR,2026-08-13 20:35:30.0,UPI,UPI,Paytm Payments Bank,4072422703166,TXN_SUCCESS,01,Txn Success,ehrp5IBX6OhaiTjyr4nmFMwzqG4GVCaJQCmkQ61UJKc=,DYNAMIC_QR,cust_0190a5b25c,C0067
VYOMDEMO0001234567,ORD_VYOM_000870,2026081320415904762DA6B5338A,290.00,INR,2026-08-13 20:41:59.0,DC,ICICI,ICICI,299910705426423,TXN_SUCCESS,01,Txn Success,QOvPCtGtmcjd2CB8kSGR8RuAvYIQxnVYCwp57Eys6kg=,DYNAMIC_QR,cust_e2d64a5dd5,C0042
VYOMDEMO0001234567,ORD_VYOM_001648,20260813210944B2C77DD4835FCC,380.00,INR,2026-08-13 21:09:44.0,DC,ICICI,ICICI,111002025740467,TXN_SUCCESS,01,Txn Success,R9eQsM80hhciG9/LeDM/4y2dCU2zizelTXMpVL/SOVY=,DYNAMIC_QR,cust_3e84afa8ec,C0094
VYOMDEMO0001234567,ORD_VYOM_000772,202608132141211EA06A9DB6BDD5,150.00,INR,2026-08-13 21:41:21.0,CC,HDFC,HDFC,787015547738314,TXN_SUCCESS,01,Txn Success,4nAs1YdhqLcJojuJbK0j+oc/3Oqt8Vyda5oc6UfC8Dk=,DYNAMIC_QR,cust_40b3e01be6,C0038
VYOMDEMO0001234567,ORD_VYOM_001943,202608140900573338C9B26285BA,150.00,INR,2026-08-14 09:00:57.0,PPI,WALLET,WALLET,464684920720719,TXN_SUCCESS,01,Txn Success,zyYEc2pmZVDYD42KI2WYhzf2d1LpVqQaSz7KSLk9azY=,DYNAMIC_QR,cust_ae8f8ca329,C0150
VYOMDEMO0001234567,ORD_VYOM_001337,2026081409172085B36FCD6003F8,250.00,INR,2026-08-14 09:17:20.0,UPI,UPI,Paytm Payments Bank,506310661618961,TXN_SUCCESS,01,Txn Success,Sxdssa9e3eaUDVs8OMA00yQJcytm+rFc1YIzGhRXR/M=,DYNAMIC_QR,cust_33de551bb3,C0061
VYOMDEMO0001234567,ORD_VYOM_001459,202608140920373617C8B2AB2EC6,420.00,INR,2026-08-14 09:20:37.0,CC,HDFC,HDFC,848511904292637,TXN_SUCCESS,01,Txn Success,XJXBl7EP6t3ix+haHngLkY9H1Bzy0kKbLsrwneky7/k=,DYNAMIC_QR,cust_f5144e6e67,C0068
VYOMDEMO0001234567,ORD_VYOM_000606,202608140923218123716AC7314D,310.00,INR,2026-08-14 09:23:21.0,UPI,UPI,Paytm Payments Bank,555392811592053,TXN_SUCCESS,01,Txn Success,OfzkM/hOBpxwHY8nlKV/J4OMlI/SR3a4dhpzGPafDpM=,DYNAMIC_QR,cust_106abbb9b5,C0029
VYOMDEMO0001234567,ORD_VYOM_000803,20260814093112BE73526BFD44E4,430.00,INR,2026-08-14 09:31:12.0,UPI,UPI,Paytm Payments Bank,636853321517746,TXN_SUCCESS,01,Txn Success,RCXyT1e/S9314cJ/XaaJcXaTmKHwqD0PSdpRUjAYTrM=,DYNAMIC_QR,cust_0b348a9dd1,C0039
VYOMDEMO0001234567,ORD_VYOM_001975,202608141014355EA63008524F28,260.00,INR,2026-08-14 10:14:35.0,UPI,UPI,Paytm Payments Bank,968267752009839,TXN_FAILURE,810,Payment failed due to a technical error.,BwEUVk9egSOy0GczzppIM5hUhAtBYLL4GRlaI9nHMtQ=,DYNAMIC_QR,cust_e707c1682a,C0157
VYOMDEMO0001234567,ORD_VYOM_002116,20260814102711D09B6CAC051760,390.00,INR,2026-08-14 10:27:11.0,UPI,UPI,Paytm Payments Bank,753066081550610,TXN_SUCCESS,01,Txn Success,0Y3XPfSe8ypBn+fwVgnmLeJ9IKII7/U7ZVJQL3DmqCA=,DYNAMIC_QR,cust_f97bf57005,C0185
VYOMDEMO0001234567,ORD_VYOM_000857,20260814131017BC0E1A256A9D70,180.00,INR,2026-08-14 13:10:17.0,UPI,UPI,Paytm Payments Bank,575404183281295,TXN_SUCCESS,01,Txn Success,43zkEfRa3NO6QaQ1Fp/QnwD5yq9NPN9wRWqEgIrtWcA=,DYNAMIC_QR,cust_d212ee719a,C0041
VYOMDEMO0001234567,ORD_VYOM_001386,202608141454103931350C752273,280.00,INR,2026-08-14 14:54:10.0,UPI,UPI,Paytm Payments Bank,250790651414711,TXN_SUCCESS,01,Txn Success,R6qOYeoDB8mda+K238FL0vZKRZTxQKS/FbzfmhPbJEA=,DYNAMIC_QR,cust_6e5ea23889,C0063
VYOMDEMO0001234567,ORD_VYOM_001547,20260814151848E46D4F186CD8D7,300.00,INR,2026-08-14 15:18:48.0,CC,HDFC,HDFC,668279560469024,TXN_SUCCESS,01,Txn Success,vxESAz4LHxdZuW5bSwZ9K3KC9KEcdO89NQ2eJvJ3dyE=,DYNAMIC_QR,cust_61b01a22c0,C0074
VYOMDEMO0001234567,ORD_VYOM_000094,202608141733566D7A973CE5AB5A,220.00,INR,2026-08-14 17:33:56.0,DC,ICICI,ICICI,448371510430655,TXN_SUCCESS,01,Txn Success,tm+ZnQqAOXt0t43FEoLr1ZI7VqcYQ4uF6ibUKSk8CPg=,DYNAMIC_QR,cust_d97b299d31,C0005
VYOMDEMO0001234567,ORD_VYOM_000337,20260814180040E22543DCAB7A36,500.00,INR,2026-08-14 18:00:40.0,UPI,UPI,Paytm Payments Bank,393562116365443,TXN_SUCCESS,01,Txn Success,E0dsb4uHxG85qUVe+G7VGHzjM3B/Ulv5ztDoxfNxC0U=,DYNAMIC_QR,cust_240753abf1,C0015
VYOMDEMO0001234567,ORD_VYOM_000008,2026081419045813477494B61607,250.00,INR,2026-08-14 19:04:58.0,DC,ICICI,ICICI,719409078396627,TXN_SUCCESS,01,Txn Success,PqUr6mc5tAcST1RwiAxmTOR648KqG6PhZm98LqL82qY=,DYNAMIC_QR,cust_639130ba19,C0001
VYOMDEMO0001234567,ORD_VYOM_001213,20260814201453A5356E9C240952,550.00,INR,2026-08-14 20:14:53.0,DC,ICICI,ICICI,809877004075520,TXN_SUCCESS,01,Txn Success,zIuaPGZLe7dNF2HNMRUDhZgOO6YZZFmx/tcVw/RczDM=,DYNAMIC_QR,cust_b981b6cff8,C0056
VYOMDEMO0001234567,ORD_VYOM_001255,20260814203636CD1069AB4E9037,340.00,INR,2026-08-14 20:36:36.0,DC,ICICI,ICICI,853839443908228,TXN_SUCCESS,01,Txn Success,AvSGY3o9fTlt1o7V+/MDnC91jYCnQEOmTxu3L/5CRsM=,DYNAMIC_QR,cust_6b44d63f59,C0058
VYOMDEMO0001234567,ORD_VYOM_000300,20260814213528CE69D392248DAA,550.00,INR,2026-08-14 21:35:28.0,UPI,UPI,Paytm Payments Bank,497454373222263,TXN_SUCCESS,01,Txn Success,JkBxJPs8HuYbvGV4o0jvzAv06ahCm03ajaKKb+STUUA=,DYNAMIC_QR,cust_2db547fcb3,C0013
VYOMDEMO0001234567,ORD_VYOM_001570,20260815090151A67881C0ED9B43,210.00,INR,2026-08-15 09:01:51.0,UPI,UPI,Paytm Payments Bank,828278652672523,TXN_SUCCESS,01,Txn Success,C3ZCG8j5sHSMlXQTwtB+g30HcmMr/FH0mZYHSQ569KY=,DYNAMIC_QR,cust_e8227b8c5e,C0078
VYOMDEMO0001234567,ORD_VYOM_002155,202608150946418F2A9C87F44F29,230.00,INR,2026-08-15 09:46:41.0,UPI,UPI,Paytm Payments Bank,233846885734929,TXN_SUCCESS,01,Txn Success,13cdapQ40ex8AssDG4cZyoEcHFp+CLVjywaa8PvIwbo=,DYNAMIC_QR,cust_668ddd0245,C0193
VYOMDEMO0001234567,ORD_VYOM_001112,202608150952399E9DBDC7DB3649,360.00,INR,2026-08-15 09:52:39.0,UPI,UPI,Paytm Payments Bank,407990062320905,TXN_SUCCESS,01,Txn Success,WlEpZauyqzx/n9PosTLelSbHGKRdB5y/AXynGlbkBPU=,DYNAMIC_QR,cust_daf1fef437,C0051
VYOMDEMO0001234567,ORD_VYOM_001419,20260815100015EB84DAF19ED4A4,320.00,INR,2026-08-15 10:00:15.0,UPI,UPI,Paytm Payments Bank,760794141283912,TXN_SUCCESS,01,Txn Success,O1gBdvxgaP3m0eQcBGqkF5gkZExJ4pva9+HPYvbwB5w=,DYNAMIC_QR,cust_3cb63d84a8,C0065
VYOMDEMO0001234567,ORD_VYOM_001654,202608151045537C8FE5239353A0,340.00,INR,2026-08-15 10:45:53.0,UPI,UPI,Paytm Payments Bank,8043091804885,TXN_SUCCESS,01,Txn Success,lyU/ESVl6a242V5nREfG6xzEPnl6CEK0PpO7V+NDF70=,DYNAMIC_QR,cust_2eabcb6f32,C0095
VYOMDEMO0001234567,ORD_VYOM_001280,202608151218326FBAAD485F9B0E,450.00,INR,2026-08-15 12:18:32.0,CC,HDFC,HDFC,684394625084714,TXN_FAILURE,810,Payment failed due to a technical error.,6+Ct7VRWCikODD5U0uX8WHiyeg7p2DLebYvK0HbZbag=,DYNAMIC_QR,cust_4b0cb4e62f,C0059
VYOMDEMO0001234567,ORD_VYOM_000896,2026081513064548AFEC2DC63146,360.00,INR,2026-08-15 13:06:45.0,CC,HDFC,HDFC,757367117724670,TXN_SUCCESS,01,Txn Success,J03dLjEL/o5pYDfVFkaN4w20iupt9OHyHA6Q/6qGLaQ=,DYNAMIC_QR,cust_20281afbd7,C0043
VYOMDEMO0001234567,ORD_VYOM_000351,202608151547107A2914C2D689EC,380.00,INR,2026-08-15 15:47:10.0,UPI,UPI,Paytm Payments Bank,428001434010147,TXN_SUCCESS,01,Txn Success,00JeaS57F42ndf3t2ZsPUnR36dgOAr0yvWlqUWNXLCQ=,DYNAMIC_QR,cust_4e741c85b4,C0016
VYOMDEMO0001234567,ORD_VYOM_000217,2026081516004744CA7B752803B5,420.00,INR,2026-08-15 16:00:47.0,CC,HDFC,HDFC,367425476644013,TXN_SUCCESS,01,Txn Success,XjuWLYXk2EVW8tscMMiOEmuiQ61lsuhuVpEFG7vh5aU=,DYNAMIC_QR,cust_785ff6e6b2,C0010
VYOMDEMO0001234567,ORD_VYOM_000338,20260815160920BDBBA97EC4A9CF,300.00,INR,2026-08-15 16:09:20.0,DC,ICICI,ICICI,559242613166249,TXN_SUCCESS,01,Txn Success,BKS7NuDHdC4ah2szE7W6Bh0XowdN9nkK8QBGpJCkZ5I=,DYNAMIC_QR,cust_240753abf1,C0015
VYOMDEMO0001234567,ORD_VYOM_001080,202608151831111DF2DF2AB886E3,210.00,INR,2026-08-15 18:31:11.0,UPI,UPI,Paytm Payments Bank,807147786955079,TXN_FAILURE,411,Invalid Amount sent to Paytm,DlIHd1KMf+Opd8WTisnKLmW0aAACuaHRKfPHiQy5Nj8=,DYNAMIC_QR,cust_7c85655ba0,C0050
VYOMDEMO0001234567,ORD_VYOM_001306,202608151842051683A90AB949AA,360.00,INR,2026-08-15 18:42:05.0,UPI,UPI,Paytm Payments Bank,572796546506893,TXN_SUCCESS,01,Txn Success,aBTA0jEEZAmXHKRMtK82Bgmn9M0KbQ0GGwg04EyS/Ws=,DYNAMIC_QR,cust_2658be5647,C0060
VYOMDEMO0001234567,ORD_VYOM_000759,20260815195427FEEF183EA1E067,360.00,INR,2026-08-15 19:54:27.0,UPI,UPI,Paytm Payments Bank,409837622616887,TXN_SUCCESS,01,Txn Success,o8ObB4ey3D3uk3tSLmdaV0QNFFdh9zCVL5B2gbQRkMk=,DYNAMIC_QR,cust_9a8d00481d,C0037
VYOMDEMO0001234567,ORD_VYOM_000321,20260815195601CC07E4C80E529D,340.00,INR,2026-08-15 19:56:01.0,CC,HDFC,HDFC,654164645489973,TXN_SUCCESS,01,Txn Success,vrJBjlfV1/dS9SM4DYJdiNp4M4D1BgoVABBCu2RTUf4=,DYNAMIC_QR,cust_1ae6b5d45e,C0014
VYOMDEMO0001234567,ORD_VYOM_000647,20260815213830D2DDA758E07BD0,250.00,INR,2026-08-15 21:38:30.0,PPI,WALLET,WALLET,637221592628707,TXN_SUCCESS,01,Txn Success,tMhKuZGQPGCyQ1uRyY+yS1wkGb+LbUz/CPrqtTfvRE8=,DYNAMIC_QR,cust_30c7131331,C0031
VYOMDEMO0001234567,ORD_VYOM_001577,202608160850213378C792A15097,240.00,INR,2026-08-16 08:50:21.0,UPI,UPI,Paytm Payments Bank,792612185602649,TXN_SUCCESS,01,Txn Success,6nro9XK0+cpunq+6mkHbGHQd48ejxRL2pDRunIPKJnk=,DYNAMIC_QR,cust_0f60f6842b,C0079
VYOMDEMO0001234567,ORD_VYOM_001859,20260816093208C6E8B3CBDCB355,200.00,INR,2026-08-16 09:32:08.0,UPI,UPI,Paytm Payments Bank,85684059985361,TXN_SUCCESS,01,Txn Success,6iTiFv5Ymh0TIJ7J4bzXxIrGtgXpJQtPmrioNa3HD0c=,DYNAMIC_QR,cust_0394d626dc,C0133
VYOMDEMO0001234567,ORD_VYOM_001432,20260816100020BCF2C73098E391,260.00,INR,2026-08-16 10:00:20.0,UPI,UPI,Paytm Payments Bank,780437241862193,TXN_FAILURE,411,Invalid Amount sent to Paytm,SIgWHss2oPHsz4p273rLl0LoWlC1DHtgnN3MXMd+Hkw=,DYNAMIC_QR,cust_1dc57b77e4,C0066
VYOMDEMO0001234567,ORD_VYOM_002250,20260816101141EE60B48F39151B,60.00,INR,2026-08-16 10:11:41.0,CC,HDFC,HDFC,784353404059919,TXN_SUCCESS,01,Txn Success,KznDkt78qb0iw7PPXT8ZAFTFInTPu2dDNRjA/0FIxMo=,DYNAMIC_QR,cust_3b35e3db83,C0284
VYOMDEMO0001234567,ORD_VYOM_002027,20260816102836B545E17A25635F,260.00,INR,2026-08-16 10:28:36.0,DC,ICICI,ICICI,977411992563433,TXN_SUCCESS,01,Txn Success,EbPuucy3+UgkVnxOQxahhy8ZH/Oi3aaPF+aE4yU2Etg=,DYNAMIC_QR,cust_b4af432e1d,C0166
VYOMDEMO0001234567,ORD_VYOM_001721,20260816103658B0D5A4925DB0F3,340.00,INR,2026-08-16 10:36:58.0,PPI,WALLET,WALLET,133525470795691,TXN_SUCCESS,01,Txn Success,C03gYNrAbBwSxscX9TTnhD010cb6y58CiU8cLxwLWUU=,DYNAMIC_QR,cust_2b0d3219c3,C0107
VYOMDEMO0001234567,ORD_VYOM_000429,2026081610510613CF9992529289,350.00,INR,2026-08-16 10:51:06.0,CC,HDFC,HDFC,511279244402843,TXN_SUCCESS,01,Txn Success,8ogRHC9BTMAKjvZQ2Yk019IBI2NdWIEL0BjN/16PvoY=,DYNAMIC_QR,cust_173fc6de8b,C0020
VYOMDEMO0001234567,ORD_VYOM_000773,202608161219445AF04AEFA3F67A,190.00,INR,2026-08-16 12:19:44.0,PPI,WALLET,WALLET,332347781792913,TXN_SUCCESS,01,Txn Success,QR80Q/dZ1XLkXHom/g1si5SMUsukVA/MUI/JTW7zlJs=,DYNAMIC_QR,cust_40b3e01be6,C0038
VYOMDEMO0001234567,ORD_VYOM_000412,2026081612242777EF9B57BCD6DD,200.00,INR,2026-08-16 12:24:27.0,UPI,UPI,Paytm Payments Bank,661985116165888,TXN_SUCCESS,01,Txn Success,AwZqLVGYbcnSqlaWde29NLYoLvHD2kR1AKjChq8jc8c=,DYNAMIC_QR,cust_7504516d8c,C0019
VYOMDEMO0001234567,ORD_VYOM_000442,20260816131208B90CA474B96022,380.00,INR,2026-08-16 13:12:08.0,CC,HDFC,HDFC,462347508967737,TXN_SUCCESS,01,Txn Success,7+EYsYVbMbMuFOHNxXDlYS6tA/Kx8AvbeE2wRtg3D9o=,DYNAMIC_QR,cust_bb103c6777,C0021
VYOMDEMO0001234567,ORD_VYOM_001961,202608161848529C9DA8D0D8A925,300.00,INR,2026-08-16 18:48:52.0,UPI,UPI,Paytm Payments Bank,45757592833813,TXN_SUCCESS,01,Txn Success,DtkH5VWSVaWldqCnizLcjMLtwvemZHRJilH1Q39Mhi0=,DYNAMIC_QR,cust_ce8fdf862c,C0153
VYOMDEMO0001234567,ORD_VYOM_000539,2026081619152548E86139D33A3E,340.00,INR,2026-08-16 19:15:25.0,UPI,UPI,Paytm Payments Bank,465047556684752,TXN_SUCCESS,01,Txn Success,R9Nr2J+F0KLOU5j3Wktysq+uWCExaNw4EhNtqqzEvF0=,DYNAMIC_QR,cust_41941dbbd4,C0026
VYOMDEMO0001234567,ORD_VYOM_001635,202608161956014808FC63C48DCA,140.00,INR,2026-08-16 19:56:01.0,UPI,UPI,Paytm Payments Bank,130645126318748,TXN_SUCCESS,01,Txn Success,Bw5YH1aJInPFcoT3+zceWMSFUZLqa8d1Z5BAjzJXxWM=,DYNAMIC_QR,cust_fb813d4ecf,C0091
VYOMDEMO0001234567,ORD_VYOM_001583,20260816200050C2361375A9763F,220.00,INR,2026-08-16 20:00:50.0,CC,HDFC,HDFC,667748838659596,TXN_SUCCESS,01,Txn Success,x770Pa8bUWTY3Eb5wMcsoMtmqpGMokNJJzvnBODJFAc=,DYNAMIC_QR,cust_caabbd1275,C0080
VYOMDEMO0001234567,ORD_VYOM_000517,2026081620250756D84C98DA0079,400.00,INR,2026-08-16 20:25:07.0,CC,HDFC,HDFC,331046900579230,TXN_SUCCESS,01,Txn Success,diAleLmB+n50n6Ltok9lwmrg87GR15wy23CST7fYPHY=,DYNAMIC_QR,cust_f28cbf1be8,C0025
VYOMDEMO0001234567,ORD_VYOM_002114,202608162112250EED4C5E1A1614,350.00,INR,2026-08-16 21:12:25.0,PPI,WALLET,WALLET,674995403964055,TXN_SUCCESS,01,Txn Success,L2/C90ktAetUpOOEVPnptGt9IfV7aYFDuSp3oUJ5BvE=,DYNAMIC_QR,cust_d086bba453,C0184
VYOMDEMO0001234567,ORD_VYOM_000982,20260816213219203ABCF382280E,310.00,INR,2026-08-16 21:32:19.0,UPI,UPI,Paytm Payments Bank,397103788879599,TXN_SUCCESS,01,Txn Success,y3+e110wIhIaKreY9rOJqwkzsd75CkrzzL73NSq6R/c=,DYNAMIC_QR,cust_3433633783,C0046
VYOMDEMO0001234567,ORD_VYOM_000162,2026081708012418FF4864113CD8,250.00,INR,2026-08-17 08:01:24.0,UPI,UPI,Paytm Payments Bank,483992850824232,TXN_SUCCESS,01,Txn Success,qdoBRmetG7GWohT8Zosk/tmK2KT8D6FN8o53yLIpZ9E=,DYNAMIC_QR,cust_8e84008d36,C0008
VYOMDEMO0001234567,ORD_VYOM_001364,20260817084956DB0084B95F4015,320.00,INR,2026-08-17 08:49:56.0,PPI,WALLET,WALLET,151927119392694,TXN_SUCCESS,01,Txn Success,nSQi+w3xL25xy1pUYqxNYxY1il/cMmrjSb/MLlvHd1Q=,DYNAMIC_QR,cust_2f66dd2f4f,C0062
VYOMDEMO0001234567,ORD_VYOM_001707,20260817090329789BB549C1210C,250.00,INR,2026-08-17 09:03:29.0,UPI,UPI,Paytm Payments Bank,211015311619665,TXN_SUCCESS,01,Txn Success,VRWLUQZLNtDhIrDmVkRGroqkT79nDO3HXyHdckmG+wI=,DYNAMIC_QR,cust_86651a9c66,C0104
VYOMDEMO0001234567,ORD_VYOM_001236,20260817090545E263505A26CE8D,200.00,INR,2026-08-17 09:05:45.0,CC,HDFC,HDFC,437638492334549,TXN_SUCCESS,01,Txn Success,6gjNBMcZ0vEMaWHeMfpzyiZB4D4nCAagSF7iyhNWs8s=,DYNAMIC_QR,cust_f249fd9c9c,C0057
VYOMDEMO0001234567,ORD_VYOM_000927,2026081709062104F20465FC518B,350.00,INR,2026-08-17 09:06:21.0,UPI,UPI,Paytm Payments Bank,515617471797007,TXN_SUCCESS,01,Txn Success,Hxp/JaF9iIE/rlZbze9X9isjSqngnRb4OYXM0mjrOuE=,DYNAMIC_QR,cust_a4d97a4e7d,C0044
VYOMDEMO0001234567,ORD_VYOM_000123,2026081709172820B19F83823343,260.00,INR,2026-08-17 09:17:28.0,UPI,UPI,Paytm Payments Bank,575947828823772,TXN_SUCCESS,01,Txn Success,x2yqQXW6364VvNzT7JKaCoCLabvbjQoGmQqyUTRHbvw=,DYNAMIC_QR,cust_4b7feffc40,C0006
VYOMDEMO0001234567,ORD_VYOM_000575,20260817100105411852BD7C5831,220.00,INR,2026-08-17 10:01:05.0,UPI,UPI,Paytm Payments Bank,131523942335993,TXN_SUCCESS,01,Txn Success,M5KtL8G9qRz5VM/bpyxYxbVCUcV9RnjuoQ3DiiYY2M0=,DYNAMIC_QR,cust_99e98f2292,C0028
VYOMDEMO0001234567,ORD_VYOM_000045,202608171024455F3F003E7BF0C5,380.00,INR,2026-08-17 10:24:45.0,UPI,UPI,Paytm Payments Bank,258133837171679,TXN_SUCCESS,01,Txn Success,i35x74SgEzOSlEJzN6RzYU+qV3HER+7vHTRSUtgR1vo=,DYNAMIC_QR,cust_c4796bc897,C0003
VYOMDEMO0001234567,ORD_VYOM_000607,202608171051309982E2888CB901,260.00,INR,2026-08-17 10:51:30.0,UPI,UPI,Paytm Payments Bank,72743879169062,TXN_SUCCESS,01,Txn Success,u6IxZ8Q8KmpcOhgudw2XAJnaIY3z3CsLIUE9cXjF7lo=,DYNAMIC_QR,cust_106abbb9b5,C0029
VYOMDEMO0001234567,ORD_VYOM_000019,20260817105609914FC2D3CCDE1A,200.00,INR,2026-08-17 10:56:09.0,UPI,UPI,Paytm Payments Bank,146535758593858,TXN_SUCCESS,01,Txn Success,KpDCwcAz3SkkGbCcXYn3wuIgtbr5+pK22wYi5iGlxk0=,DYNAMIC_QR,cust_669ee76164,C0002
VYOMDEMO0001234567,ORD_VYOM_000736,20260817110341FACB303DEEC8A5,310.00,INR,2026-08-17 11:03:41.0,UPI,UPI,Paytm Payments Bank,331198027935732,TXN_FAILURE,810,Payment failed due to a technical error.,mCvWp5O49pB7Y9U8yIllMaDwXwYWVAh8F3SXevbzUuI=,DYNAMIC_QR,cust_99835ad417,C0036
VYOMDEMO0001234567,ORD_VYOM_000871,20260817111825BC142CEF3DB048,250.00,INR,2026-08-17 11:18:25.0,UPI,UPI,Paytm Payments Bank,279686768085561,TXN_SUCCESS,01,Txn Success,p5vpm4LAMcIEb+JSFev93lev95zFBvBWCfh2DlV+CdA=,DYNAMIC_QR,cust_e2d64a5dd5,C0042
VYOMDEMO0001234567,ORD_VYOM_000682,20260817113329FBB070B1FADAAF,290.00,INR,2026-08-17 11:33:29.0,UPI,UPI,Paytm Payments Bank,558001161184971,TXN_SUCCESS,01,Txn Success,bLI+FT2a7PwTjbGFU8aZ91PQ4SRPTgSCgvX9tSy8LuQ=,DYNAMIC_QR,cust_e87a5633d4,C0033
VYOMDEMO0001234567,ORD_VYOM_000074,20260817134753AF0F37FBFD91B4,340.00,INR,2026-08-17 13:47:53.0,UPI,UPI,Paytm Payments Bank,766185502082748,TXN_SUCCESS,01,Txn Success,2raYIY4rK/a5H07NHRW+gB8C3uV9XudtxjZls0RA2eo=,DYNAMIC_QR,cust_23bc5b213e,C0004
VYOMDEMO0001234567,ORD_VYOM_001729,20260817143042D14EF0B4E46553,290.00,INR,2026-08-17 14:30:42.0,UPI,UPI,Paytm Payments Bank,309878843641682,TXN_SUCCESS,01,Txn Success,f5IP5HvVhSV2ztAKoS+Rj+Mt8FDSVbh4tQpMpy5vySw=,DYNAMIC_QR,cust_69691cd29b,C0108
VYOMDEMO0001234567,ORD_VYOM_000560,2026081714433182CA75A4A63A29,360.00,INR,2026-08-17 14:43:31.0,DC,ICICI,ICICI,308337284417042,TXN_SUCCESS,01,Txn Success,k3i4W61bZGm07HeOfxVAJgCD61mI1oZo7wUgXMItUbg=,DYNAMIC_QR,cust_a1b51de3dc,C0027
VYOMDEMO0001234567,ORD_VYOM_001067,20260817162106C8B5C77D3D1D4B,340.00,INR,2026-08-17 16:21:06.0,PPI,WALLET,WALLET,61611033888819,TXN_SUCCESS,01,Txn Success,rIPpTjdRvReFlo/8yM1EE95rZTHG8yXnvjjoyfeBz3w=,DYNAMIC_QR,cust_fc7659f04d,C0049
VYOMDEMO0001234567,ORD_VYOM_000301,202608171836270112E269DA45AF,550.00,INR,2026-08-17 18:36:27.0,PPI,WALLET,WALLET,560392367023430,TXN_SUCCESS,01,Txn Success,BKiF/U0yHGOpAxvcemfz2nZBJhja6Oap4IzfjvJT5tg=,DYNAMIC_QR,cust_2db547fcb3,C0013
VYOMDEMO0001234567,ORD_VYOM_001180,20260817192752E9859AECA11CDE,280.00,INR,2026-08-17 19:27:52.0,UPI,UPI,Paytm Payments Bank,201707788623103,TXN_SUCCESS,01,Txn Success,5TgY8t7D1lBIP8bHiW4H/sIPLVG77oHoXsvVFH/LL+c=,DYNAMIC_QR,cust_5cd1790ef5,C0054
VYOMDEMO0001234567,ORD_VYOM_000701,2026081719291711B67E8B0A0C9E,460.00,INR,2026-08-17 19:29:17.0,UPI,UPI,Paytm Payments Bank,251977596491996,TXN_SUCCESS,01,Txn Success,zf7xZ2wAW6jK87T9FvxQxzcfdVZMe5oq5joq9ktqi7w=,DYNAMIC_QR,cust_d4aeae392b,C0034
VYOMDEMO0001234567,ORD_VYOM_000629,20260817193808A63361A553BAC4,300.00,INR,2026-08-17 19:38:08.0,CC,HDFC,HDFC,723350578094920,TXN_SUCCESS,01,Txn Success,ilYuzOBkfbW7qAQfoB6yp1JQv1Kg4ipywhKYlmAMyI4=,DYNAMIC_QR,cust_9138b9325b,C0030
VYOMDEMO0001234567,ORD_VYOM_001479,20260817205214237B71A0C6A9CA,320.00,INR,2026-08-17 20:52:14.0,UPI,UPI,Paytm Payments Bank,512128891016662,TXN_SUCCESS,01,Txn Success,eS8m0saNgghkVbv3AZL9xdZhjlAfg+b9186mfVBVWLE=,DYNAMIC_QR,cust_2775c4cf89,C0069
VYOMDEMO0001234567,ORD_VYOM_002017,20260817211251F83F571DC0E118,400.00,INR,2026-08-17 21:12:51.0,CC,HDFC,HDFC,281688296545259,TXN_SUCCESS,01,Txn Success,i4q7iBuAHKdNNvPKGyjT50xH4uFYn1wpeuV9HVnxmXM=,DYNAMIC_QR,cust_e008798f73,C0165
VYOMDEMO0001234567,ORD_VYOM_001684,202608180917416B944F2CF30350,400.00,INR,2026-08-18 09:17:41.0,UPI,UPI,Paytm Payments Bank,132375716938510,TXN_SUCCESS,01,Txn Success,NMoUV5edIv0U79VdaeBLZCo1ScfKvM6oxTnKDpXrkIE=,DYNAMIC_QR,cust_30d1fffafe,C0100
VYOMDEMO0001234567,ORD_VYOM_001387,20260818095304036C792CD53D19,330.00,INR,2026-08-18 09:53:04.0,UPI,UPI,Paytm Payments Bank,344631093748853,TXN_SUCCESS,01,Txn Success,CVmtHVN/KjBweJgHz/Xwq6PhSwIXl7uHbKdpC0tnchI=,DYNAMIC_QR,cust_6e5ea23889,C0063
VYOMDEMO0001234567,ORD_VYOM_001928,20260818100132E425ABBCEFE759,250.00,INR,2026-08-18 10:01:32.0,UPI,UPI,Paytm Payments Bank,686731324019180,TXN_SUCCESS,01,Txn Success,FiHIlj6iLb5CyVp5ML2fItSTxqgnxxhuWvs3GupTr4k=,DYNAMIC_QR,cust_1e1fe68a98,C0148
VYOMDEMO0001234567,ORD_VYOM_000669,202608181023003F8880C54EA944,200.00,INR,2026-08-18 10:23:00.0,UPI,UPI,Paytm Payments Bank,668140644027055,TXN_SUCCESS,01,Txn Success,obZK2E8cw/BsBPQXQtvxzLGeCZuh8/0foNo5JqaelXU=,DYNAMIC_QR,cust_a06e38f5f5,C0032
VYOMDEMO0001234567,ORD_VYOM_001832,20260818110300B96577645A25A9,150.00,INR,2026-08-18 11:03:00.0,DC,ICICI,ICICI,31932721653233,TXN_SUCCESS,01,Txn Success,PBW5Q7Fd2JWzrD0lPy4tBP8dN+xzmBbUJH9wySmnvPs=,DYNAMIC_QR,cust_1dd4421c42,C0128
VYOMDEMO0001234567,ORD_VYOM_001680,20260818141115891B9504FF5878,250.00,INR,2026-08-18 14:11:15.0,UPI,UPI,Paytm Payments Bank,119641170382706,TXN_SUCCESS,01,Txn Success,iXCIqw5l1twxVn26aqhS+SF9rYFRoXKMGzD2+j5rm2U=,DYNAMIC_QR,cust_db670996ed,C0099
VYOMDEMO0001234567,ORD_VYOM_001626,202608181750342CB6D819B28773,150.00,INR,2026-08-18 17:50:34.0,DC,ICICI,ICICI,731935215833166,TXN_SUCCESS,01,Txn Success,c521jXjJxupja5zw/9hluPIDm2gzM3xMnBKLJCd82+Y=,DYNAMIC_QR,cust_fd92466785,C0090
VYOMDEMO0001234567,ORD_VYOM_000482,202608181828165EFBA3B8B8DFB3,140.00,INR,2026-08-18 18:28:16.0,UPI,UPI,Paytm Payments Bank,643131520150505,TXN_SUCCESS,01,Txn Success,NiKDR+OLNh+FSZ8B7GHcslpQc8YJ6MGAEttFv1SIhI8=,DYNAMIC_QR,cust_6e959f4c64,C0023
VYOMDEMO0001234567,ORD_VYOM_002056,202608181846344D8E96286753BF,200.00,INR,2026-08-18 18:46:34.0,CC,HDFC,HDFC,832855430088946,TXN_SUCCESS,01,Txn Success,NBu0nYrCUOdhoAczWKxEBo8NqpmHLM7eKQUit0T7iPc=,DYNAMIC_QR,cust_bf73a29822,C0172
VYOMDEMO0001234567,ORD_VYOM_001993,2026081819494710AE0CD763A990,150.00,INR,2026-08-18 19:49:47.0,PPI,WALLET,WALLET,483178267441819,TXN_SUCCESS,01,Txn Success,IoVUTIz4HU/kre0sOIZs0WR0rht3CWTZclirJiUBxwE=,DYNAMIC_QR,cust_6acbbf9b37,C0159
VYOMDEMO0001234567,ORD_VYOM_001129,2026081820062529DFB4889FBD09,80.00,INR,2026-08-18 20:06:25.0,UPI,UPI,Paytm Payments Bank,616910113696103,TXN_SUCCESS,01,Txn Success,DunSA0SRZW66RyRO+RbRHmxIvarA5jbYGPRewDUfCuY=,DYNAMIC_QR,cust_009f929355,C0052
VYOMDEMO0001234567,ORD_VYOM_000163,20260818204114E00C3383A02041,260.00,INR,2026-08-18 20:41:14.0,UPI,UPI,Paytm Payments Bank,541839591069925,TXN_SUCCESS,01,Txn Success,MkV31RGBuRD8HYMsKwFv4CYm772m0Mqe9/wm/EBGNUI=,DYNAMIC_QR,cust_8e84008d36,C0008
VYOMDEMO0001234567,ORD_VYOM_002107,20260818204635725979FCB09D20,330.00,INR,2026-08-18 20:46:35.0,DC,ICICI,ICICI,23385275135091,TXN_SUCCESS,01,Txn Success,Rjxre3FIk2yvFyv9dvAW7YRnf2Fq5wX3zyFPcH0C2TY=,DYNAMIC_QR,cust_27d9650e55,C0182
VYOMDEMO0001234567,ORD_VYOM_001500,2026081908195347A5CEF208F89D,550.00,INR,2026-08-19 08:19:53.0,CC,HDFC,HDFC,182156386168919,TXN_SUCCESS,01,Txn Success,RfJhWJKOmGw+mh5freX8VAXPkdStQxeYBmcDeSFSifI=,DYNAMIC_QR,cust_6549be84fc,C0070
VYOMDEMO0001234567,ORD_VYOM_000456,20260819082318BD64FC49770C1B,350.00,INR,2026-08-19 08:23:18.0,CC,HDFC,HDFC,384857668143763,TXN_SUCCESS,01,Txn Success,CPHFwbmRqPo3V3HVMQ1ihaeoK0p6uLmTACRB7EDFsa0=,DYNAMIC_QR,cust_c412e8f05c,C0022
VYOMDEMO0001234567,ORD_VYOM_001525,202608190829265E43E9DB3DA980,230.00,INR,2026-08-19 08:29:26.0,PPI,WALLET,WALLET,351601204992433,TXN_SUCCESS,01,Txn Success,h68Bktkw8t+T+NH7iDV2g2Ydb8dF4Kv2rPqhsF5BaBs=,DYNAMIC_QR,cust_2f8f5bb109,C0072
VYOMDEMO0001234567,ORD_VYOM_001113,20260819083843EF33E805EEEF97,260.00,INR,2026-08-19 08:38:43.0,UPI,UPI,Paytm Payments Bank,818732579653702,TXN_SUCCESS,01,Txn Success,Ep5kudfsgtFLEgaV0mnWx78Fm2H9JXOL6He5Y4+8nB8=,DYNAMIC_QR,cust_daf1fef437,C0051
VYOMDEMO0001234567,ORD_VYOM_000258,202608190912333D8D1073A63A07,360.00,INR,2026-08-19 09:12:33.0,CC,HDFC,HDFC,541416813054971,TXN_SUCCESS,01,Txn Success,x9aatdPVBTkBKT4vE1UY2nALYsz/zYpouCcTtFz7NtY=,DYNAMIC_QR,cust_ca9b9b6adf,C0011
VYOMDEMO0001234567,ORD_VYOM_001951,20260819092610D5B432800D3E33,250.00,INR,2026-08-19 09:26:10.0,CC,HDFC,HDFC,796598811977239,TXN_FAILURE,227,Your payment has been declined by your bank.,UsoXALE7syavnvlvg4r9mKErqDnY1fqUwvrxmwnutek=,DYNAMIC_QR,cust_0137d9f5bc,C0151
VYOMDEMO0001234567,ORD_VYOM_000858,2026081909390328B748DE732742,350.00,INR,2026-08-19 09:39:03.0,DC,ICICI,ICICI,299329868663842,TXN_SUCCESS,01,Txn Success,vEFpxciFPO5GqpenfDFdBBwy4rW1Lyss9aRA6hy0fTM=,DYNAMIC_QR,cust_d212ee719a,C0041
VYOMDEMO0001234567,ORD_VYOM_000964,2026081909474237DA723ED5B50C,400.00,INR,2026-08-19 09:47:42.0,UPI,UPI,Paytm Payments Bank,689731478979557,TXN_SUCCESS,01,Txn Success,xItzhzHT469P5RDGnaUte1gxQePIHYDoYfIf3b65iJw=,DYNAMIC_QR,cust_d544bf3b16,C0045
VYOMDEMO0001234567,ORD_VYOM_001565,202608191013581892BD74E32F63,220.00,INR,2026-08-19 10:13:58.0,UPI,UPI,Paytm Payments Bank,783166458982634,TXN_SUCCESS,01,Txn Success,aiMJrT4sXZdnWyPYuJcVF9IiiOyjejcAIZrp1dlIhJY=,DYNAMIC_QR,cust_4266a809e4,C0077
VYOMDEMO0001234567,ORD_VYOM_001214,20260819102518FD2B302C099847,320.00,INR,2026-08-19 10:25:18.0,DC,ICICI,ICICI,338774960312532,TXN_SUCCESS,01,Txn Success,6faDZEW7n+7xeH43cO5zpCduF7E+05DKtZACgEi+7Rs=,DYNAMIC_QR,cust_b981b6cff8,C0056
VYOMDEMO0001234567,ORD_VYOM_001444,202608191400068AC79249EF07C9,480.00,INR,2026-08-19 14:00:06.0,CC,HDFC,HDFC,591349322460398,TXN_SUCCESS,01,Txn Success,n04gqPoRpzb4eMJ+7Rj9gTM99oM65yGkL8HyCRjuxvw=,DYNAMIC_QR,cust_0190a5b25c,C0067
VYOMDEMO0001234567,ORD_VYOM_000339,20260819180514268D184F599AAD,360.00,INR,2026-08-19 18:05:14.0,UPI,UPI,Paytm Payments Bank,259706369043814,TXN_SUCCESS,01,Txn Success,YTtB6Amf33dQiyi8/jAp/U2F6ki6+tuYCVW6kN26PfY=,DYNAMIC_QR,cust_240753abf1,C0015
VYOMDEMO0001234567,ORD_VYOM_001256,20260819181134C975F16C756826,400.00,INR,2026-08-19 18:11:34.0,DC,ICICI,ICICI,832387525397695,TXN_SUCCESS,01,Txn Success,1UDn66oUo+reb2bjn9xeDxQ04/cpesSiMObDGrZ/c6A=,DYNAMIC_QR,cust_6b44d63f59,C0058
VYOMDEMO0001234567,ORD_VYOM_001038,20260819184511E256CCD463FB3C,220.00,INR,2026-08-19 18:45:11.0,UPI,UPI,Paytm Payments Bank,236814652877629,TXN_SUCCESS,01,Txn Success,Uw4gN3an1WjSKtOTc4CH+gqmSwCtXfc+t40sNw765Hs=,DYNAMIC_QR,cust_c3657372a9,C0048
VYOMDEMO0001234567,ORD_VYOM_000218,2026081918483706DD27723F6B42,550.00,INR,2026-08-19 18:48:37.0,CC,HDFC,HDFC,425272216889706,TXN_SUCCESS,01,Txn Success,RuQeMbxvOcwTQNScPQ2pm8sq38vmDqx+Mcg6cRUR2ls=,DYNAMIC_QR,cust_785ff6e6b2,C0010
VYOMDEMO0001234567,ORD_VYOM_002065,20260819185037E367B8A4A74CBC,390.00,INR,2026-08-19 18:50:37.0,UPI,UPI,Paytm Payments Bank,709964730599671,TXN_SUCCESS,01,Txn Success,hX9QYZgbIULfb06Q05RZ9D66/ewQraPS/WzrdL3QFLU=,DYNAMIC_QR,cust_7ba332abbf,C0174
VYOMDEMO0001234567,ORD_VYOM_001307,20260819190119CCB9E68016B493,160.00,INR,2026-08-19 19:01:19.0,UPI,UPI,Paytm Payments Bank,630643286752586,TXN_SUCCESS,01,Txn Success,amhB+jDdUSevvZXYMxdDfeRTOEFlHX6HCvi2FFpIOQI=,DYNAMIC_QR,cust_2658be5647,C0060
VYOMDEMO0001234567,ORD_VYOM_000724,202608191921082C05F22DBF2726,370.00,INR,2026-08-19 19:21:08.0,UPI,UPI,Paytm Payments Bank,359905826029976,TXN_SUCCESS,01,Txn Success,poJ+umD1ePaAMNE/7fPK+DdRVQrkqE/KhzG4sBT3Kj4=,DYNAMIC_QR,cust_37d415cd87,C0035
VYOMDEMO0001234567,ORD_VYOM_000397,20260819200306BBFC5AB6EA0C2E,280.00,INR,2026-08-19 20:03:06.0,UPI,UPI,Paytm Payments Bank,284844382264565,TXN_SUCCESS,01,Txn Success,7AMGvTeBhh1KVCxilJwCJLqFKcq51E8g+6uBwpqlI+g=,DYNAMIC_QR,cust_1758aa28d3,C0018
VYOMDEMO0001234567,ORD_VYOM_000095,2026081920362608A46DEBCEBDB9,300.00,INR,2026-08-19 20:36:26.0,DC,ICICI,ICICI,609475229815038,TXN_SUCCESS,01,Txn Success,wrx7NwfPMsg9xKY9Pv4GqDAfoUd7/4ZOJbTQ/sIjkTg=,DYNAMIC_QR,cust_d97b299d31,C0005
VYOMDEMO0001234567,ORD_VYOM_001409,20260819204015F4B65C30EB4785,420.00,INR,2026-08-19 20:40:15.0,UPI,UPI,Paytm Payments Bank,27952738272262,TXN_SUCCESS,01,Txn Success,jTfoxYxg93+QUOA7VbPA6tgyFaRlUNNVU2XdK4DBbTU=,DYNAMIC_QR,cust_63b68fdde8,C0064
VYOMDEMO0001234567,ORD_VYOM_001803,202608192107295801211A6F688E,180.00,INR,2026-08-19 21:07:29.0,UPI,UPI,Paytm Payments Bank,150246643726085,TXN_SUCCESS,01,Txn Success,X6ejKLi6EbJ0Hk1HamQsj7RPgelxCJAblfMgWV1x2vM=,DYNAMIC_QR,cust_976835e55f,C0122
VYOMDEMO0001234567,ORD_VYOM_001338,202608192138079B31116AF49B17,360.00,INR,2026-08-19 21:38:07.0,CC,HDFC,HDFC,40329040814873,TXN_SUCCESS,01,Txn Success,vCEVi6SQW0w8CeFO6jBDWLN+7ZyLVhEhXqKprfqWQTw=,DYNAMIC_QR,cust_33de551bb3,C0061
VYOMDEMO0001234567,ORD_VYOM_001151,2026082009173811674E4E58ADD7,400.00,INR,2026-08-20 09:17:38.0,UPI,UPI,Paytm Payments Bank,226027127877530,TXN_SUCCESS,01,Txn Success,IySrDMUsH89M+nblieEFRWQuCFIuZ8hg/PzLKVm5iK4=,DYNAMIC_QR,cust_82cd81d65f,C0053
VYOMDEMO0001234567,ORD_VYOM_002193,202608200921135C495932AB07E3,260.00,INR,2026-08-20 09:21:13.0,UPI,UPI,Paytm Payments Bank,206438534203242,TXN_SUCCESS,01,Txn Success,tNDPGG+rs7I96YCVkHsLAQpX08rwXI/bpIV+i3rzb4c=,DYNAMIC_QR,cust_08d64a0d66,C0227
VYOMDEMO0001234567,ORD_VYOM_000804,20260820093025E39EC726A6D17E,400.00,INR,2026-08-20 09:30:25.0,UPI,UPI,Paytm Payments Bank,740753600191244,TXN_SUCCESS,01,Txn Success,VkIK9dvJf3iGHCo/KMlofyxWrPjoerp/rAjZ3orLNFI=,DYNAMIC_QR,cust_0b348a9dd1,C0039
VYOMDEMO0001234567,ORD_VYOM_001534,202608200953579E155500DFB0D2,420.00,INR,2026-08-20 09:53:57.0,UPI,UPI,Paytm Payments Bank,424850151693268,TXN_SUCCESS,01,Txn Success,RwQ/cuPW5+dkrf3Hi5R6zUhd4csTT5kNXs+22ieR2tw=,DYNAMIC_QR,cust_da25303e2b,C0073
VYOMDEMO0001234567,ORD_VYOM_001200,20260820102042B57389F5C2413D,450.00,INR,2026-08-20 10:20:42.0,UPI,UPI,Paytm Payments Bank,941118183231622,TXN_SUCCESS,01,Txn Success,VRSKKCGqv5qTTgfFR4XIShC0cZvfK5nIcAQqsHSnobg=,DYNAMIC_QR,cust_4b274e83b3,C0055
VYOMDEMO0001234567,ORD_VYOM_000483,2026082010220916A82D4C58279D,230.00,INR,2026-08-20 10:22:09.0,UPI,UPI,Paytm Payments Bank,700978260396198,TXN_SUCCESS,01,Txn Success,IjSlq6FuBZ32lgLDbHOSlOQaBQrrMmnFyb0L8zjbSCY=,DYNAMIC_QR,cust_6e959f4c64,C0023
VYOMDEMO0001234567,ORD_VYOM_002095,20260820103327D7BCBF03000AB0,250.00,INR,2026-08-20 10:33:27.0,UPI,UPI,Paytm Payments Bank,909776353818320,TXN_SUCCESS,01,Txn Success,s/aHGai39p/83ckzF7vXsaBQuzRA5xTckAQH4AqYeHs=,DYNAMIC_QR,cust_fdf604a395,C0180
VYOMDEMO0001234567,ORD_VYOM_001433,20260820111003467F6121C1627D,180.00,INR,2026-08-20 11:10:03.0,DC,ICICI,ICICI,519099002260242,TXN_SUCCESS,01,Txn Success,F5bxBNZdRW3gRp8+686yShhkNGYJyr2aRHEDq1wgW2k=,DYNAMIC_QR,cust_1dc57b77e4,C0066
VYOMDEMO0001234567,ORD_VYOM_002062,20260820133603D1972410C7BF39,200.00,INR,2026-08-20 13:36:03.0,UPI,UPI,Paytm Payments Bank,898191561119697,TXN_SUCCESS,01,Txn Success,WfijD3grxfq7FJ7Gr6DnkU05pjS0EhqCBDaBU6wYlxI=,DYNAMIC_QR,cust_4d15446b2c,C0173
VYOMDEMO0001234567,ORD_VYOM_001620,2026082013470114EE3218FD28E2,150.00,INR,2026-08-20 13:47:01.0,CC,HDFC,HDFC,666599084802415,TXN_SUCCESS,01,Txn Success,8g/eRY6iOl8OGO18dvtwh61l3+/LKQaWTw9vrT5YGxg=,DYNAMIC_QR,cust_e6f4b63a28,C0087
VYOMDEMO0001234567,ORD_VYOM_000302,2026082014145161C424DE7B4323,460.00,INR,2026-08-20 14:14:51.0,UPI,UPI,Paytm Payments Bank,588259597364622,TXN_SUCCESS,01,Txn Success,sE01iB3UIv7n6UJhshvyrLKqHx+i3ERvEMBJkR2KAuw=,DYNAMIC_QR,cust_2db547fcb3,C0013
VYOMDEMO0001234567,ORD_VYOM_000835,20260820174648CC9FC9D795394F,320.00,INR,2026-08-20 17:46:48.0,UPI,UPI,Paytm Payments Bank,674267715303312,TXN_SUCCESS,01,Txn Success,c8lu7/0UsoFHfmJNg8nhmtxqVom5yGS7uFNjrPDEI4Y=,DYNAMIC_QR,cust_8f7c742c92,C0040
VYOMDEMO0001234567,ORD_VYOM_000376,202608201939425D21ADCB05AF1E,250.00,INR,2026-08-20 19:39:42.0,UPI,UPI,Paytm Payments Bank,258556615186633,TXN_SUCCESS,01,Txn Success,r4K7WGPWwxMRD55wGFfVbWitFOpDT6p72bF6Bx/VAAg=,DYNAMIC_QR,cust_8fe3b75ae8,C0017
VYOMDEMO0001234567,ORD_VYOM_002227,202608202001228EA314A02CA27D,100.00,INR,2026-08-20 20:01:22.0,UPI,UPI,Paytm Payments Bank,862992998741074,TXN_SUCCESS,01,Txn Success,pyz3QSJEZeD2g8SyN6XlwTm6djRptq+U8vHPBdziWyk=,DYNAMIC_QR,cust_6cea1c6edd,C0261
VYOMDEMO0001234567,ORD_VYOM_000518,2026082020252244DECFB3C8CAC2,480.00,INR,2026-08-20 20:25:22.0,PPI,WALLET,WALLET,735625155415666,TXN_SUCCESS,01,Txn Success,jFVW7xjOT2+wRW32uQsN32C0LGtlYxfAaIVgKtdJ2vs=,DYNAMIC_QR,cust_f28cbf1be8,C0025
VYOMDEMO0001234567,ORD_VYOM_000774,20260820204205F64120BEEAEE92,300.00,INR,2026-08-20 20:42:05.0,UPI,UPI,Paytm Payments Bank,865086225324869,TXN_SUCCESS,01,Txn Success,HU6K9JWrq1voOSOrTxvI24TLf4KbrlUNAiqTEw7Nz38=,DYNAMIC_QR,cust_40b3e01be6,C0038
VYOMDEMO0001234567,ORD_VYOM_000983,202608202116417C484F4D88A3A2,400.00,INR,2026-08-20 21:16:41.0,UPI,UPI,Paytm Payments Bank,594537795997381,TXN_SUCCESS,01,Txn Success,pkrEnFazgGHWTFSABw5fAH3Z5edYpXQxVXBqaQyKQzE=,DYNAMIC_QR,cust_3433633783,C0046
VYOMDEMO0001234567,ORD_VYOM_001717,20260820212550249873BA7605ED,250.00,INR,2026-08-20 21:25:50.0,UPI,UPI,Paytm Payments Bank,120790924239887,TXN_SUCCESS,01,Txn Success,pKUWv8Lk5iHAEwf5EXHilsLgb9ZNqXEWLJNenuXYzvs=,DYNAMIC_QR,cust_8426b31243,C0106
VYOMDEMO0001234567,ORD_VYOM_000576,20260821080241DC72B3EB877184,400.00,INR,2026-08-21 08:02:41.0,DC,ICICI,ICICI,431060186458428,TXN_SUCCESS,01,Txn Success,cQPclnz+gRlW72usN77IALUAlGgxj/ppk8nJts+WdYk=,DYNAMIC_QR,cust_99e98f2292,C0028
VYOMDEMO0001234567,ORD_VYOM_000443,20260821083441ECD481CD9B92D3,240.00,INR,2026-08-21 08:34:41.0,DC,ICICI,ICICI,595499231277956,TXN_FAILURE,810,Payment failed due to a technical error.,ii9bExuadEZrViEDX/AVXpoLeRLBOXZWqu+ns98dRrA=,DYNAMIC_QR,cust_bb103c6777,C0021
VYOMDEMO0001234567,ORD_VYOM_001985,202608210939464A7C101550249C,200.00,INR,2026-08-21 09:39:46.0,PPI,WALLET,WALLET,508647360553427,TXN_SUCCESS,01,Txn Success,6T+MU+FYyl8P1jiuf2CttQnSfEFeYend2fTV4e66ayY=,DYNAMIC_QR,cust_5669b8558f,C0158
VYOMDEMO0001234567,ORD_VYOM_000725,2026082110011418018CDBBAA9A0,550.00,INR,2026-08-21 10:01:14.0,UPI,UPI,Paytm Payments Bank,302059085784283,TXN_SUCCESS,01,Txn Success,SDReyD9at+g20JSRyYvDu01K3FeJxFUCP1gRPZfa/dM=,DYNAMIC_QR,cust_37d415cd87,C0035
VYOMDEMO0001234567,ORD_VYOM_001281,202608211033186972A4E9266A49,400.00,INR,2026-08-21 10:33:18.0,UPI,UPI,Paytm Payments Bank,742241365330407,TXN_SUCCESS,01,Txn Success,z+fZDQyybDI4ulAb42SX2Iw80vJVSWrHySwM2XzFLMo=,DYNAMIC_QR,cust_4b0cb4e62f,C0059
VYOMDEMO0001234567,ORD_VYOM_001237,2026082111085847CE00F093DD66,260.00,INR,2026-08-21 11:08:58.0,UPI,UPI,Paytm Payments Bank,379791752088856,TXN_SUCCESS,01,Txn Success,ACOwDng4YJ9I/+12xQ/PhSZRnEATEvMjpIXdhvpTibU=,DYNAMIC_QR,cust_f249fd9c9c,C0057
VYOMDEMO0001234567,ORD_VYOM_000760,202608211137597DB4083F5A4CCE,450.00,INR,2026-08-21 11:37:59.0,UPI,UPI,Paytm Payments Bank,381279517228019,TXN_SUCCESS,01,Txn Success,d+cArI0EBVifsc/d8cej52U9DmPrrfxWIGa87e4AwNM=,DYNAMIC_QR,cust_9a8d00481d,C0037
VYOMDEMO0001234567,ORD_VYOM_000275,20260821120016A3B5A973AE1AA9,330.00,INR,2026-08-21 12:00:16.0,UPI,UPI,Paytm Payments Bank,671990445601251,TXN_SUCCESS,01,Txn Success,nkznngeF8jwWQ9anNUK6OXYcGCssM4DRcQ1IwmaUKMk=,DYNAMIC_QR,cust_679aa0bd53,C0012
VYOMDEMO0001234567,ORD_VYOM_001420,202608211228284295E2766A2EE3,250.00,INR,2026-08-21 12:28:28.0,CC,HDFC,HDFC,387857823104140,TXN_SUCCESS,01,Txn Success,VSDORerLFZS+2YAgm9Uo94IeFk4p9wDMXKSnKLoe07Y=,DYNAMIC_QR,cust_3cb63d84a8,C0065
VYOMDEMO0001234567,ORD_VYOM_001511,20260821132113557388A4C5FDC6,280.00,INR,2026-08-21 13:21:13.0,UPI,UPI,Paytm Payments Bank,71708061448279,TXN_SUCCESS,01,Txn Success,zr4PReaRfikfY6FixzVu8C0UgVIVGujndeDISdx49M0=,DYNAMIC_QR,cust_196caee96d,C0071
VYOMDEMO0001234567,ORD_VYOM_001548,20260821143133CBCD625995BEC9,370.00,INR,2026-08-21 14:31:33.0,UPI,UPI,Paytm Payments Bank,927142184694540,TXN_SUCCESS,01,Txn Success,TKyfphrqnFOw1p8ExwQyBl1V5D9tmn3zbH5wFqtLMF4=,DYNAMIC_QR,cust_61b01a22c0,C0074
VYOMDEMO0001234567,ORD_VYOM_000194,202608211728117E8779C166BDD1,200.00,INR,2026-08-21 17:28:11.0,UPI,UPI,Paytm Payments Bank,129132736497534,TXN_SUCCESS,01,Txn Success,k4ySTv6ds47g0YQHXzSIIrW/0LCoSoWqUDgxK81Vz/A=,DYNAMIC_QR,cust_24551de984,C0009
VYOMDEMO0001234567,ORD_VYOM_000648,202608211948259A22D8F615B2BC,200.00,INR,2026-08-21 19:48:25.0,PPI,WALLET,WALLET,511430371759345,TXN_SUCCESS,01,Txn Success,+SW7swj/eyYhxULtiJLiZbMiIvRG6vJlIoS2XIZ9wX4=,DYNAMIC_QR,cust_30c7131331,C0031
VYOMDEMO0001234567,ORD_VYOM_000670,20260821202722E14616E6203202,300.00,INR,2026-08-21 20:27:22.0,DC,ICICI,ICICI,185491711604064,TXN_SUCCESS,01,Txn Success,uaadtIxplmS8YXfLbMkdZKt7p3y7SZ7ezKY8kWMulXI=,DYNAMIC_QR,cust_a06e38f5f5,C0032
VYOMDEMO0001234567,ORD_VYOM_000352,202608212040160BFAB54E8A15F7,280.00,INR,2026-08-21 20:40:16.0,DC,ICICI,ICICI,720650530377905,TXN_SUCCESS,01,Txn Success,mAjsFrdn/KFIpBgROsG7vOq7Afjb8Uj+AJNxX6hsnXg=,DYNAMIC_QR,cust_4e741c85b4,C0016
VYOMDEMO0001234567,ORD_VYOM_001257,202608212045546E89FAB5E36706,450.00,INR,2026-08-21 20:45:54.0,UPI,UPI,Paytm Payments Bank,763034219765869,TXN_SUCCESS,01,Txn Success,yRkBDuDJCTuFJYJWUhvm954jWNWpzSPmIhOGedJr2nA=,DYNAMIC_QR,cust_6b44d63f59,C0058
VYOMDEMO0001234567,ORD_VYOM_000497,20260821210438038EBEFBF251BD,350.00,INR,2026-08-21 21:04:38.0,UPI,UPI,Paytm Payments Bank,578914883147956,TXN_SUCCESS,01,Txn Success,LuaPdti/dLOykDvIJGvqYr6ycQJOQzFweZPuqkNoreI=,DYNAMIC_QR,cust_ecaca9bcdb,C0024
VYOMDEMO0001234567,ORD_VYOM_001791,20260822083017AE5E801F05A5C7,400.00,INR,2026-08-22 08:30:17.0,PPI,WALLET,WALLET,18048421240248,TXN_SUCCESS,01,Txn Success,hITN48VIfL8zkpAB2sw01NvYfOAmM6vURcKP+oOgiBA=,DYNAMIC_QR,cust_4233a595aa,C0118
VYOMDEMO0001234567,ORD_VYOM_001737,20260822090910B18894FF3ECB73,450.00,INR,2026-08-22 09:09:10.0,UPI,UPI,Paytm Payments Bank,335347936753290,TXN_SUCCESS,01,Txn Success,AILsJsWJ4yLxfgpp9+7lw/dkcVcwBeOwXmYbmzPy77Y=,DYNAMIC_QR,cust_9e0f68731d,C0109
VYOMDEMO0001234567,ORD_VYOM_002242,2026082209135647A8C1AB7DEE8C,180.00,INR,2026-08-22 09:13:56.0,PPI,WALLET,WALLET,960706776905910,TXN_SUCCESS,01,Txn Success,iCa8rGSI7zbEHEGdYjfyncyTe+wqyI1+WrrMB7jtYrk=,DYNAMIC_QR,cust_8038727bad,C0276
VYOMDEMO0001234567,ORD_VYOM_001759,20260822092621FC62D5FED07B45,380.00,INR,2026-08-22 09:26:21.0,UPI,UPI,Paytm Payments Bank,434211468775307,TXN_SUCCESS,01,Txn Success,GTYxAf2LV6S2Z+ZzJ31znm/Z1cV71BBPoKSmW71ZEjs=,DYNAMIC_QR,cust_2454d761f6,C0113
VYOMDEMO0001234567,ORD_VYOM_000322,202608221233439CAF9D75AE40A6,350.00,INR,2026-08-22 12:33:43.0,UPI,UPI,Paytm Payments Bank,403682094755720,TXN_SUCCESS,01,Txn Success,cjfiIMELnzib9w92p6OFEnkUHkd0PrS+nDuZcmOS6Rk=,DYNAMIC_QR,cust_1ae6b5d45e,C0014
VYOMDEMO0001234567,ORD_VYOM_000519,202608221509490EE56DCF06FDF5,350.00,INR,2026-08-22 15:09:49.0,PPI,WALLET,WALLET,322221584830027,TXN_SUCCESS,01,Txn Success,O+VOpTcazqMnUxvJZsBJcAn869Hsha1xkmf3KrTGXjo=,DYNAMIC_QR,cust_f28cbf1be8,C0025
VYOMDEMO0001234567,ORD_VYOM_001605,20260822180346C8868AD59C5BD0,400.00,INR,2026-08-22 18:03:46.0,UPI,UPI,Paytm Payments Bank,749058221228787,TXN_FAILURE,810,Payment failed due to a technical error.,r56NShL/SjRS5lfpFZXfqdDHFIG+w1/Ag+3lgLByjJo=,DYNAMIC_QR,cust_a7c5e13796,C0084
VYOMDEMO0001234567,ORD_VYOM_000561,20260822192408DCDA146EA556F7,370.00,INR,2026-08-22 19:24:08.0,PPI,WALLET,WALLET,366184024662735,TXN_SUCCESS,01,Txn Success,+xR1bhhg9AlN5uQnbidJBYjoumOPfNymiKfXQQgGc9M=,DYNAMIC_QR,cust_a1b51de3dc,C0027
VYOMDEMO0001234567,ORD_VYOM_000928,20260822194109EC1ECBB7C3D808,490.00,INR,2026-08-22 19:41:09.0,DC,ICICI,ICICI,457770731551314,TXN_SUCCESS,01,Txn Success,VGtFodTF+r9GNb/R81r7IXHhnCw7kAK0BsFrGkNCq7U=,DYNAMIC_QR,cust_a4d97a4e7d,C0044
VYOMDEMO0001234567,ORD_VYOM_001081,20260822195554FD8366634A0EAB,420.00,INR,2026-08-22 19:55:54.0,CC,HDFC,HDFC,341504177432973,TXN_SUCCESS,01,Txn Success,fFWicRzLy8EEX0zuMG5nWxi31MAO/j25cfrEAXKzWPk=,DYNAMIC_QR,cust_7c85655ba0,C0050
VYOMDEMO0001234567,ORD_VYOM_001114,202608222034176B4F2D0456C1CA,400.00,INR,2026-08-22 20:34:17.0,UPI,UPI,Paytm Payments Bank,519196335531267,TXN_FAILURE,227,Your payment has been declined by your bank.,sg3bqKUAbBwU06MDUkmf1iwkQZqd1IsRMqYGON1CbFY=,DYNAMIC_QR,cust_daf1fef437,C0051
VYOMDEMO0001234567,ORD_VYOM_001480,20260822212815FDD7FB00D40983,280.00,INR,2026-08-22 21:28:15.0,UPI,UPI,Paytm Payments Bank,5222176560347,TXN_SUCCESS,01,Txn Success,ANiX8jkYgyHCFW6BxUi9jNmmr5Wi27A1xp+XF8EOEFY=,DYNAMIC_QR,cust_2775c4cf89,C0069
VYOMDEMO0001234567,ORD_VYOM_001697,202608222159036583C3A9F5FED8,200.00,INR,2026-08-22 21:59:03.0,PPI,WALLET,WALLET,56143285368685,TXN_SUCCESS,01,Txn Success,MsqNImGjAIutlfosKwH7akoEbKKsTbQ7kQeZXrptGMI=,DYNAMIC_QR,cust_e5084e5c52,C0102
VYOMDEMO0001234567,ORD_VYOM_001827,20260823080234B92E426EF67260,320.00,INR,2026-08-23 08:02:34.0,UPI,UPI,Paytm Payments Bank,77044915343122,TXN_SUCCESS,01,Txn Success,DKKwVH3wHrmM02Bdx+to//zHtkm8W085faEHJ+QGX6M=,DYNAMIC_QR,cust_a0433965c0,C0127
VYOMDEMO0001234567,ORD_VYOM_000340,20260823083647B5BA2E22E1AA76,450.00,INR,2026-08-23 08:36:47.0,UPI,UPI,Paytm Payments Bank,106760418798812,TXN_SUCCESS,01,Txn Success,6sDx3aD+B5KZ1toPIDuKS8xquAFjQAYFSv8pxXlq/rc=,DYNAMIC_QR,cust_240753abf1,C0015
VYOMDEMO0001234567,ORD_VYOM_000219,20260823092811B42C72A7219087,450.00,INR,2026-08-23 09:28:11.0,UPI,UPI,Paytm Payments Bank,445496154230568,TXN_SUCCESS,01,Txn Success,BiYEIVE+JviRphZiLNPZE78pZbMxue4c9P/opVc+tEw=,DYNAMIC_QR,cust_785ff6e6b2,C0010
VYOMDEMO0001234567,ORD_VYOM_001308,20260823112351F057F45060144E,400.00,INR,2026-08-23 11:23:51.0,UPI,UPI,Paytm Payments Bank,55583682553337,TXN_SUCCESS,01,Txn Success,yJS13r8l78QFB8YsAxvLikk/abPHoY1B8H9dgtHncu0=,DYNAMIC_QR,cust_2658be5647,C0060
VYOMDEMO0001234567,ORD_VYOM_000413,20260823131855AF99E9657F18C7,290.00,INR,2026-08-23 13:18:55.0,UPI,UPI,Paytm Payments Bank,486666848222164,TXN_SUCCESS,01,Txn Success,C4R/19HZDKNiaa6jXnFEXRvAfaehIFtRkf16GccVJHI=,DYNAMIC_QR,cust_7504516d8c,C0019
VYOMDEMO0001234567,ORD_VYOM_002037,202608231410273169FEC43F5018,200.00,INR,2026-08-23 14:10:27.0,PPI,WALLET,WALLET,67636379943211,TXN_SUCCESS,01,Txn Success,pK3KOviS3vAb9tecoYsYDkoLja2IpRgMfoDI0pAAudg=,DYNAMIC_QR,cust_a3cf8e4c75,C0167
VYOMDEMO0001234567,ORD_VYOM_001903,202608231515220BECEEBF83A1BA,300.00,INR,2026-08-23 15:15:22.0,PPI,WALLET,WALLET,7060422577077,TXN_SUCCESS,01,Txn Success,MDqTBx4dn0Q1QzjhnSk5uhQUgu7DgMBwpoGfYBUBfi0=,DYNAMIC_QR,cust_eb1e645a35,C0141
VYOMDEMO0001234567,ORD_VYOM_000702,202608231658362F7847B0D4118E,720.00,INR,2026-08-23 16:58:36.0,UPI,UPI,Paytm Payments Bank,343444148671568,TXN_FAILURE,227,Your payment has been declined by your bank.,nXl9s0R3O9ak7IocyuiKyMMw/IOrzXzuwIkZg44sgSE=,DYNAMIC_QR,cust_d4aeae392b,C0034
VYOMDEMO0001234567,ORD_VYOM_002109,20260823165953017C92367CEAD4,220.00,INR,2026-08-23 16:59:53.0,UPI,UPI,Paytm Payments Bank,629883210274166,TXN_SUCCESS,01,Txn Success,QH6aTlpOdVrBK2R1b7WJ4uno8Om5B/5nytLilm/PTeI=,DYNAMIC_QR,cust_fe804be3db,C0183
VYOMDEMO0001234567,ORD_VYOM_000020,20260823173756E76A2081FCD318,350.00,INR,2026-08-23 17:37:56.0,UPI,UPI,Paytm Payments Bank,448885986569706,TXN_SUCCESS,01,Txn Success,gYwXTZVW8ydIsAmO1/mx6oqkYSCGlwXHvcJ2UPWmZkY=,DYNAMIC_QR,cust_669ee76164,C0002
VYOMDEMO0001234567,ORD_VYOM_001039,20260823174022D93AAC64D0BB2F,240.00,INR,2026-08-23 17:40:22.0,CC,HDFC,HDFC,358607092285935,TXN_SUCCESS,01,Txn Success,Xjyv8RB6WXPNd6Cp2Z6G1rg82hSfj4xfv2zGMYjs8+U=,DYNAMIC_QR,cust_c3657372a9,C0048
VYOMDEMO0001234567,ORD_VYOM_001781,2026082318372799E2BA2961E6C7,300.00,INR,2026-08-23 18:37:27.0,UPI,UPI,Paytm Payments Bank,750889824251898,TXN_SUCCESS,01,Txn Success,3j9x3eW9e6LbarRazpeLl3aGqzGmvA2h1//HPhrB0jw=,DYNAMIC_QR,cust_020257eebe,C0116
VYOMDEMO0001234567,ORD_VYOM_000444,20260823190225B9F12B507EC948,350.00,INR,2026-08-23 19:02:25.0,PPI,WALLET,WALLET,553152733110096,TXN_SUCCESS,01,Txn Success,Zt6TzuWnk8OzP3/xm8pkO67lB4v/ia7jN+0IRDwD2X4=,DYNAMIC_QR,cust_bb103c6777,C0021
VYOMDEMO0001234567,ORD_VYOM_000630,202608231905519F0DDE3132839B,200.00,INR,2026-08-23 19:05:51.0,UPI,UPI,Paytm Payments Bank,423814333972485,TXN_SUCCESS,01,Txn Success,f2nk1fi7iIKMhLLCxVxec4KuiB8sRImcjiaha4oTA+8=,DYNAMIC_QR,cust_9138b9325b,C0030
VYOMDEMO0001234567,ORD_VYOM_000164,202608231930583D7D111D1D894B,230.00,INR,2026-08-23 19:30:58.0,PPI,WALLET,WALLET,242303346947490,TXN_FAILURE,810,Payment failed due to a technical error.,aQ0nU8RzBce3lPMnSpRKtCh69UCx8NOhOFwGuAxVqa0=,DYNAMIC_QR,cust_8e84008d36,C0008
VYOMDEMO0001234567,ORD_VYOM_000143,2026082319463490920F43BE8F6E,400.00,INR,2026-08-23 19:46:34.0,UPI,UPI,Paytm Payments Bank,450102101050417,TXN_SUCCESS,01,Txn Success,7zOQNFbbqtKAKrHUa04DCXBWmwfhkfJW/WnQ6kZaF2E=,DYNAMIC_QR,cust_eabdbf3bc8,C0007
VYOMDEMO0001234567,ORD_VYOM_001339,20260823201815FF691F979C86E6,400.00,INR,2026-08-23 20:18:15.0,UPI,UPI,Paytm Payments Bank,982482300569180,TXN_SUCCESS,01,Txn Success,4asbq1cYZU4VIlWvw7oqI+QwUImbAvRAEr4M0aSyFdQ=,DYNAMIC_QR,cust_33de551bb3,C0061
VYOMDEMO0001234567,ORD_VYOM_001238,20260823201839F69E8E0CA60FB3,360.00,INR,2026-08-23 20:18:39.0,CC,HDFC,HDFC,997815169620134,TXN_SUCCESS,01,Txn Success,3+j7mMy2SDEW5yq8t5GnYXS9UUBI1x8bRaJ3WQt5/RU=,DYNAMIC_QR,cust_f249fd9c9c,C0057
VYOMDEMO0001234567,ORD_VYOM_001973,20260823203118F24E4D4D27F55C,200.00,INR,2026-08-23 20:31:18.0,DC,ICICI,ICICI,877462527867480,TXN_SUCCESS,01,Txn Success,wM6BFEUmQ1ft0SdKeLH6mpgTuExG52n0OyVlY0lzN3c=,DYNAMIC_QR,cust_8361061296,C0156
VYOMDEMO0001234567,ORD_VYOM_001130,20260823204949207E3C6E82ADED,580.00,INR,2026-08-23 20:49:49.0,CC,HDFC,HDFC,69316855609820,TXN_SUCCESS,01,Txn Success,d7EpDGmmfBEKil/xzAxLnb03ijoAQBV0A/dHl3tx7L0=,DYNAMIC_QR,cust_009f929355,C0052
VYOMDEMO0001234567,ORD_VYOM_001896,20260823205209AAEB9E7A535B9C,250.00,INR,2026-08-23 20:52:09.0,UPI,UPI,Paytm Payments Bank,913166186157458,TXN_SUCCESS,01,Txn Success,XVO5TZXdweBbsULiVeZosT/Mxv5Op1Cpfen8t3yzt+c=,DYNAMIC_QR,cust_d25b7ce37d,C0139
VYOMDEMO0001234567,ORD_VYOM_001841,2026082320523594AF6536C61D18,350.00,INR,2026-08-23 20:52:35.0,UPI,UPI,Paytm Payments Bank,849560645746469,TXN_SUCCESS,01,Txn Success,YDpCCzYOq3KCMMW44r6BpZ2aBHTtDuNQbI+J5t/DDUw=,DYNAMIC_QR,cust_a2033d34f3,C0129
VYOMDEMO0001234567,ORD_VYOM_002142,2026082321480667C85C6E284B13,410.00,INR,2026-08-23 21:48:06.0,CC,HDFC,HDFC,641468002972789,TXN_SUCCESS,01,Txn Success,TtfDulzhdIK3vCbOJIynrvjhEQjiiHCLnit2WOs7usg=,DYNAMIC_QR,cust_0753906ee5,C0189
VYOMDEMO0001234567,ORD_VYOM_000520,202608240804315351C5595C9398,400.00,INR,2026-08-24 08:04:31.0,UPI,UPI,Paytm Payments Bank,44245203012599,TXN_SUCCESS,01,Txn Success,5ptPrV7zGUqLqG9Ev0042qU0jSzOiJ96iVUCCoPfwZE=,DYNAMIC_QR,cust_f28cbf1be8,C0025
VYOMDEMO0001234567,ORD_VYOM_000775,20260824080705E0B2C96CD5692F,150.00,INR,2026-08-24 08:07:05.0,UPI,UPI,Paytm Payments Bank,565549981202434,TXN_SUCCESS,01,Txn Success,cVv6uBoP5V1ig4mA4TRdvNpU+h5dSmcSRQxOWlojCF4=,DYNAMIC_QR,cust_40b3e01be6,C0038
VYOMDEMO0001234567,ORD_VYOM_001661,20260824082354D5A720CD1D5E39,150.00,INR,2026-08-24 08:23:54.0,DC,ICICI,ICICI,242243204896569,TXN_SUCCESS,01,Txn Success,rfE9zB8k3W57THdzXiGyup0+gRKZ2Ty8FzUlQBFs9ag=,DYNAMIC_QR,cust_3a81627454,C0096
VYOMDEMO0001234567,ORD_VYOM_001655,2026082409055195562AD76BCEA6,180.00,INR,2026-08-24 09:05:51.0,UPI,UPI,Paytm Payments Bank,587378653358679,TXN_SUCCESS,01,Txn Success,bRPoJrPz3OVPWM/rosi1q183INE8sYeggcGIvsrpo4I=,DYNAMIC_QR,cust_2eabcb6f32,C0095
VYOMDEMO0001234567,ORD_VYOM_001181,202608240921046C92606A67A01F,440.00,INR,2026-08-24 09:21:04.0,UPI,UPI,Paytm Payments Bank,992976768643027,TXN_SUCCESS,01,Txn Success,66RACursIkFOiPgqiqeZpzoyzvDBqqK0vr8gbjk2H3o=,DYNAMIC_QR,cust_5cd1790ef5,C0054
VYOMDEMO0001234567,ORD_VYOM_001410,202608241030454C9A4914D34531,520.00,INR,2026-08-24 10:30:45.0,DC,ICICI,ICICI,728416494149827,TXN_SUCCESS,01,Txn Success,awcDUpdRHFTOxbvWGlXivZsk4WnNcPjmS/oNRrcltb4=,DYNAMIC_QR,cust_63b68fdde8,C0064
VYOMDEMO0001234567,ORD_VYOM_001365,20260824104217E055E9BAF57934,350.00,INR,2026-08-24 10:42:17.0,UPI,UPI,Paytm Payments Bank,94080379147001,TXN_FAILURE,411,Invalid Amount sent to Paytm,wFHcw3eYyLUs+4PgAlcg2BOgWrnAheJCXUd8vlYaCXY=,DYNAMIC_QR,cust_2f66dd2f4f,C0062
VYOMDEMO0001234567,ORD_VYOM_000540,202608241435271B959F54C82A0A,160.00,INR,2026-08-24 14:35:27.0,UPI,UPI,Paytm Payments Bank,165511312562317,TXN_SUCCESS,01,Txn Success,iEx+MSN2Fg57QRvVXpoxtRqE1+hw9aPNSw+jJOhZAeg=,DYNAMIC_QR,cust_41941dbbd4,C0026
VYOMDEMO0001234567,ORD_VYOM_002010,2026082416153456AFE217FFC5B3,140.00,INR,2026-08-24 16:15:34.0,UPI,UPI,Paytm Payments Bank,696585526098041,TXN_SUCCESS,01,Txn Success,6afofoAg/Nwk9LEdbECZafQw4I0z2L8kbL1LOr9e4GQ=,DYNAMIC_QR,cust_1a6a0727b9,C0164
VYOMDEMO0001234567,ORD_VYOM_000897,20260824162013390B56BD02ED15,220.00,INR,2026-08-24 16:20:13.0,UPI,UPI,Paytm Payments Bank,391284846663382,TXN_SUCCESS,01,Txn Success,Qaul7tkQheTfW7pBSjUMgEyYv8W+tpmU9Xj/gVohrCk=,DYNAMIC_QR,cust_20281afbd7,C0043
VYOMDEMO0001234567,ORD_VYOM_000608,202608241926238782F7083EB990,250.00,INR,2026-08-24 19:26:23.0,UPI,UPI,Paytm Payments Bank,522677865994502,TXN_SUCCESS,01,Txn Success,L2lU3snM3FBYdgaqtwJuFJoWRvLiOZ69vM9fwJsnV08=,DYNAMIC_QR,cust_106abbb9b5,C0029
VYOMDEMO0001234567,ORD_VYOM_000859,2026082419302028557057F05BBF,400.00,INR,2026-08-24 19:30:20.0,PPI,WALLET,WALLET,90598848683766,TXN_SUCCESS,01,Txn Success,nEhY6kqOWV8WC4C4w/cP+lW7V5Mco9shor9aML1tqH8=,DYNAMIC_QR,cust_d212ee719a,C0041
VYOMDEMO0001234567,ORD_VYOM_000683,202608241931305C50C232386B4C,250.00,INR,2026-08-24 19:31:30.0,PPI,WALLET,WALLET,165848611025783,TXN_SUCCESS,01,Txn Success,+tC35olByKudARuWnTFt0rMTWlVZiKHy0A439Oxp/e8=,DYNAMIC_QR,cust_e87a5633d4,C0033
VYOMDEMO0001234567,ORD_VYOM_000805,20260824200628DA3D17C101D5C9,290.00,INR,2026-08-24 20:06:28.0,UPI,UPI,Paytm Payments Bank,441217356068809,TXN_SUCCESS,01,Txn Success,rrSZP+ZbPo1OHZBmZ+2mgWd9Wr4AvnkBl/Q4lDtf7rI=,DYNAMIC_QR,cust_0b348a9dd1,C0039
VYOMDEMO0001234567,ORD_VYOM_002049,20260824203759B482FA0B8D1FFB,340.00,INR,2026-08-24 20:37:59.0,DC,ICICI,ICICI,878548460541416,TXN_SUCCESS,01,Txn Success,JZPpHquTpb3iZnqY8Om6rAJcU0ZekSwAIJOye5BC5PA=,DYNAMIC_QR,cust_6ebc548473,C0170
VYOMDEMO0001234567,ORD_VYOM_001925,202608242049119DDB6B07425F0F,200.00,INR,2026-08-24 20:49:11.0,CC,HDFC,HDFC,908196890555060,TXN_SUCCESS,01,Txn Success,vTNCu0XRDjFXzSOnx0n7eWtxxAFvdNZaIvCkVZl6xZs=,DYNAMIC_QR,cust_5a59e13d58,C0147
VYOMDEMO0001234567,ORD_VYOM_001881,20260824205442E1AE7E4C72FD28,250.00,INR,2026-08-24 20:54:42.0,UPI,UPI,Paytm Payments Bank,955039674864711,TXN_FAILURE,411,Invalid Amount sent to Paytm,TCgADrOZkeGGxG93yLnFmBKhMvdnIOOm48WwlEvLFJA=,DYNAMIC_QR,cust_9be65df5a3,C0136
VYOMDEMO0001234567,ORD_VYOM_000377,20260824210549BE3E7CFC1A993C,220.00,INR,2026-08-24 21:05:49.0,UPI,UPI,Paytm Payments Bank,316403355432326,TXN_SUCCESS,01,Txn Success,1IXUP1UPNVa4QBEe58c2Na7nUTNObAM9WQPBNR0NDkA=,DYNAMIC_QR,cust_8fe3b75ae8,C0017
VYOMDEMO0001234567,ORD_VYOM_000872,20260824212305B7DEABBAD9CBF7,400.00,INR,2026-08-24 21:23:05.0,UPI,UPI,Paytm Payments Bank,221840027839868,TXN_SUCCESS,01,Txn Success,TmfB9MVQP7t3M3/tQPHAsndbOGjAQESr6STun2xGz20=,DYNAMIC_QR,cust_e2d64a5dd5,C0042
VYOMDEMO0001234567,ORD_VYOM_001115,2026082508472558822249F5AAE1,270.00,INR,2026-08-25 08:47:25.0,UPI,UPI,Paytm Payments Bank,727927355511343,TXN_SUCCESS,01,Txn Success,9T1I/IejKCwV7mGOwBLq+71wKQj8tIj1z/6jLtmvN3I=,DYNAMIC_QR,cust_daf1fef437,C0051
VYOMDEMO0001234567,ORD_VYOM_001535,202608250906277A6166AC0D860B,260.00,INR,2026-08-25 09:06:27.0,PPI,WALLET,WALLET,907499084116259,TXN_SUCCESS,01,Txn Success,gACh5KYuV8YEPYWgL9OVoB3UyonjtmdE4XSQfxlPoNA=,DYNAMIC_QR,cust_da25303e2b,C0073
VYOMDEMO0001234567,ORD_VYOM_000430,20260825092143070ACC906D8E4A,300.00,INR,2026-08-25 09:21:43.0,DC,ICICI,ICICI,273259589565942,TXN_SUCCESS,01,Txn Success,r2G1qfERErtjuAhC0yufmVAB/IUYULFr0csBDwP3xsw=,DYNAMIC_QR,cust_173fc6de8b,C0020
VYOMDEMO0001234567,ORD_VYOM_002086,202608250925182D8C2E4D4BFD06,200.00,INR,2026-08-25 09:25:18.0,UPI,UPI,Paytm Payments Bank,866675002867381,TXN_SUCCESS,01,Txn Success,1RnjoMcgMPAKKLR/tqh3YXNNL+u0pT8deDooyiOYOGY=,DYNAMIC_QR,cust_576bb1d029,C0179
VYOMDEMO0001234567,ORD_VYOM_000009,2026082509543310BB832217B519,140.00,INR,2026-08-25 09:54:33.0,UPI,UPI,Paytm Payments Bank,661562338150934,TXN_SUCCESS,01,Txn Success,cZlPHPrYFc44c0mZp04uVs5qeqZe48/YAXlhPuoedJg=,DYNAMIC_QR,cust_639130ba19,C0001
VYOMDEMO0001234567,ORD_VYOM_001713,20260825103701BB872B32539C68,180.00,INR,2026-08-25 10:37:01.0,CC,HDFC,HDFC,108056377684083,TXN_SUCCESS,01,Txn Success,ulgOoXcQNOkCQuXPVXMRQe/WrgTlB7Hgg43iJ2wRxJw=,DYNAMIC_QR,cust_14d4752a6b,C0105
VYOMDEMO0001234567,ORD_VYOM_001004,20260825114054035CECA8BFF024,150.00,INR,2026-08-25 11:40:54.0,DC,ICICI,ICICI,948863201453817,TXN_SUCCESS,01,Txn Success,yX5GjbAiiZtkvRQ7Mcddbdhs4hHhNB4t6FZnVETZwNM=,DYNAMIC_QR,cust_f966ed1ab1,C0047
VYOMDEMO0001234567,ORD_VYOM_000075,202608251207491DCCEF3ACF28A1,190.00,INR,2026-08-25 12:07:49.0,UPI,UPI,Paytm Payments Bank,382466462305304,TXN_SUCCESS,01,Txn Success,ddW3tI1kuIUhbV08DEwQekOgkjHn1fIPzInd/OVDSpM=,DYNAMIC_QR,cust_23bc5b213e,C0004
VYOMDEMO0001234567,ORD_VYOM_002204,20260825170718BA1B7A3A2D7949,80.00,INR,2026-08-25 17:07:18.0,CC,HDFC,HDFC,95990209482602,TXN_SUCCESS,01,Txn Success,drRp6ZghoEErsAWF3QndH1Hg8X8C6EguYoM6V/iZUCg=,DYNAMIC_QR,cust_a0f91c143d,C0238
VYOMDEMO0001234567,ORD_VYOM_001152,202608251800539A36B8572D4AEA,150.00,INR,2026-08-25 18:00:53.0,CC,HDFC,HDFC,726777601654162,TXN_SUCCESS,01,Txn Success,HiwW44bbc/qupV2TTxE+STW4WLSbICZkjWKaP8BkDb4=,DYNAMIC_QR,cust_82cd81d65f,C0053
VYOMDEMO0001234567,ORD_VYOM_001068,202608251856142C14DF29E9B07C,180.00,INR,2026-08-25 18:56:14.0,UPI,UPI,Paytm Payments Bank,361147278011254,TXN_SUCCESS,01,Txn Success,dZx/Epw3D9UVp8Wlh3ovMenPS6a4V6Ch9qBqozvpZdk=,DYNAMIC_QR,cust_fc7659f04d,C0049
VYOMDEMO0001234567,ORD_VYOM_001258,202608251859341FCEAA5068B0E3,300.00,INR,2026-08-25 18:59:34.0,CC,HDFC,HDFC,536502024356566,TXN_SUCCESS,01,Txn Success,cOuNUla5vm8aIEJ1qjVvp8lK/Ej0/ucYwewkipLUrrM=,DYNAMIC_QR,cust_6b44d63f59,C0058
VYOMDEMO0001234567,ORD_VYOM_000965,202608251937314117B8AC03877C,300.00,INR,2026-08-25 19:37:31.0,PPI,WALLET,WALLET,458920485408495,TXN_SUCCESS,01,Txn Success,MhxIAlP3wDmoV5kQH3pq76jpzOZ0Ukvw9g3A2fZXZBM=,DYNAMIC_QR,cust_d544bf3b16,C0045
VYOMDEMO0001234567,ORD_VYOM_002011,202608252009449EE1E178C2DAD9,80.00,INR,2026-08-25 20:09:44.0,UPI,UPI,Paytm Payments Bank,821851474152904,TXN_SUCCESS,01,Txn Success,quiJ2oolkTXHGVIEBYmOHUy3t3BYGFcUfn5sG3YC+Nk=,DYNAMIC_QR,cust_1a6a0727b9,C0164
VYOMDEMO0001234567,ORD_VYOM_001591,20260825201156C3CBEFEADE636A,140.00,INR,2026-08-25 20:11:56.0,UPI,UPI,Paytm Payments Bank,671568380404813,TXN_SUCCESS,01,Txn Success,AAuNt/AanQuzJR0x1DxbAxIHdZa1x+AdFK42bDhiioE=,DYNAMIC_QR,cust_72f28a419b,C0082
VYOMDEMO0001234567,ORD_VYOM_000703,20260825202922923614DA32F58C,200.00,INR,2026-08-25 20:29:22.0,UPI,UPI,Paytm Payments Bank,401290888917261,TXN_SUCCESS,01,Txn Success,n8y09pH/230dlTT4wIR2T9WWOOmU+CAyCu9FfWR6yFQ=,DYNAMIC_QR,cust_d4aeae392b,C0034
VYOMDEMO0001234567,ORD_VYOM_000259,202608252038029FF4AF5AE341CC,150.00,INR,2026-08-25 20:38:02.0,UPI,UPI,Paytm Payments Bank,483570072809278,TXN_SUCCESS,01,Txn Success,4QDBShpzmXVGx9jgSKkSk1wtOU6h6RToSZAK7YchMww=,DYNAMIC_QR,cust_ca9b9b6adf,C0011
VYOMDEMO0001234567,ORD_VYOM_001239,20260825210131A83E50B5991793,210.00,INR,2026-08-25 21:01:31.0,CC,HDFC,HDFC,698278925497699,TXN_SUCCESS,01,Txn Success,WAy4UsRUbmkUq8xoKz/FX341n+qlvo2+/Vlec2VxI44=,DYNAMIC_QR,cust_f249fd9c9c,C0057
VYOMDEMO0001234567,ORD_VYOM_000671,2026082608124209FA8A51C5F448,200.00,INR,2026-08-26 08:12:42.0,PPI,WALLET,WALLET,127644971358371,TXN_SUCCESS,01,Txn Success,BPQW7HibUsXBdDVEs+lRKUbQD+msLoGm3GIQiQLAJbY=,DYNAMIC_QR,cust_a06e38f5f5,C0032
VYOMDEMO0001234567,ORD_VYOM_001282,202608260904267650D7FDCCF729,350.00,INR,2026-08-26 09:04:26.0,UPI,UPI,Paytm Payments Bank,943985603975516,TXN_SUCCESS,01,Txn Success,8mF3/0ftNb8RBc268qN3IKNTYUKR04KwI7p7KOo8feg=,DYNAMIC_QR,cust_4b0cb4e62f,C0059
VYOMDEMO0001234567,ORD_VYOM_002042,20260826093719C2EE4AB7F824A8,150.00,INR,2026-08-26 09:37:19.0,CC,HDFC,HDFC,755365589264972,TXN_SUCCESS,01,Txn Success,F8oV8z33F71MA5+9EDhgm/1SRyUJn/RwDmiJGKib7/o=,DYNAMIC_QR,cust_486fe721bd,C0168
VYOMDEMO0001234567,ORD_VYOM_001131,20260826102340295AFF7542EB1D,310.00,INR,2026-08-26 10:23:40.0,PPI,WALLET,WALLET,526104889553744,TXN_SUCCESS,01,Txn Success,FfZuITu9uWqZSUtfxDm08EdkSf2b/xl4L/SW89uv8As=,DYNAMIC_QR,cust_009f929355,C0052
VYOMDEMO0001234567,ORD_VYOM_001920,20260826102717A90135B571DABA,270.00,INR,2026-08-26 10:27:17.0,PPI,WALLET,WALLET,863084696865171,TXN_SUCCESS,01,Txn Success,BuZMph/f1FvBUQKOI+gy2VdNCAL9wS9/giyFDCgCnjw=,DYNAMIC_QR,cust_d9c1ef3e68,C0146
VYOMDEMO0001234567,ORD_VYOM_001821,202608261056500CF988C5B815F0,400.00,INR,2026-08-26 10:56:50.0,UPI,UPI,Paytm Payments Bank,142381046373873,TXN_SUCCESS,01,Txn Success,hlSuVJilFhqa1xuwF86OcbqEByA3xYAfUacRnarKkvs=,DYNAMIC_QR,cust_e41964869d,C0126
VYOMDEMO0001234567,ORD_VYOM_001888,20260826131708D9E57E8889A08A,250.00,INR,2026-08-26 13:17:08.0,DC,ICICI,ICICI,90653355587759,TXN_SUCCESS,01,Txn Success,oGRNgYo41ZjlsIGOuxz1k7ZbiqX6k6VqgzI15oo5+mg=,DYNAMIC_QR,cust_a75b4607f9,C0137
VYOMDEMO0001234567,ORD_VYOM_000220,20260826170810EA9EE030AB73FC,400.00,INR,2026-08-26 17:08:10.0,CC,HDFC,HDFC,240730815075355,TXN_FAILURE,810,Payment failed due to a technical error.,ICTAM3PBuPjtEcZd9g0Bci/39gfWQ8bXbS2+SoqcnpE=,DYNAMIC_QR,cust_785ff6e6b2,C0010
VYOMDEMO0001234567,ORD_VYOM_001082,2026082619200693F7ADFD008DA5,440.00,INR,2026-08-26 19:20:06.0,PPI,WALLET,WALLET,283657437187280,TXN_SUCCESS,01,Txn Success,aESVa8tBcpNPI40LK9GXEKSxXp+jcBM9IxQHzRg5Cx0=,DYNAMIC_QR,cust_7c85655ba0,C0050
VYOMDEMO0001234567,ORD_VYOM_000562,20260826192611B5E805F5BF1C34,240.00,INR,2026-08-26 19:26:11.0,DC,ICICI,ICICI,848832957085726,TXN_SUCCESS,01,Txn Success,M9e4Ems+YDfpHO5yI90fW/39dQBdpBGro1lUCtgIyWM=,DYNAMIC_QR,cust_a1b51de3dc,C0027
VYOMDEMO0001234567,ORD_VYOM_002158,202608261935269CACB264B81943,170.00,INR,2026-08-26 19:35:26.0,CC,HDFC,HDFC,127218102759506,TXN_SUCCESS,01,Txn Success,1/y5z9N0yAn/VnpauerhJdRdJD+5SWhqUAqQslr4bDQ=,DYNAMIC_QR,cust_fed397b5ed,C0194
VYOMDEMO0001234567,ORD_VYOM_000021,20260826195033AC81883F7C3D6F,260.00,INR,2026-08-26 19:50:33.0,PPI,WALLET,WALLET,506732726815399,TXN_SUCCESS,01,Txn Success,fBOX3T9GWekwXrhf/h+Iof1CiDLZIJEdYbVt8iE8l1s=,DYNAMIC_QR,cust_669ee76164,C0002
VYOMDEMO0001234567,ORD_VYOM_000577,202608261951364476476F92BD00,500.00,INR,2026-08-26 19:51:36.0,UPI,UPI,Paytm Payments Bank,164361558705136,TXN_SUCCESS,01,Txn Success,Zw6MY6HOoMeM8aZFadDLGhWnWUxjRiE/4DqIb8BBLZ0=,DYNAMIC_QR,cust_99e98f2292,C0028
VYOMDEMO0001234567,ORD_VYOM_000457,20260826195934660C89284B13DC,380.00,INR,2026-08-26 19:59:34.0,UPI,UPI,Paytm Payments Bank,812576338974019,TXN_FAILURE,411,Invalid Amount sent to Paytm,vrOHctPxhn9f2BaCJvox+YvLlZQKOO86RfFaCEjHr7Q=,DYNAMIC_QR,cust_c412e8f05c,C0022
VYOMDEMO0001234567,ORD_VYOM_000806,202608262012077B8A0AB050DDE1,260.00,INR,2026-08-26 20:12:07.0,UPI,UPI,Paytm Payments Bank,499064096314502,TXN_SUCCESS,01,Txn Success,jHYKOY/SnCcksGyu4DS7VMK/PDhYZZ0OBvm8sGZuV5o=,DYNAMIC_QR,cust_0b348a9dd1,C0039
VYOMDEMO0001234567,ORD_VYOM_001512,20260826202026E982F1F54F1317,240.00,INR,2026-08-26 20:20:26.0,UPI,UPI,Paytm Payments Bank,523713683715285,TXN_SUCCESS,01,Txn Success,BStvZAz9Dsr93FGd5SaHNUgiJnfPm7AxpHSCsmP40n8=,DYNAMIC_QR,cust_196caee96d,C0071
VYOMDEMO0001234567,ORD_VYOM_000303,20260826202218EC4988BC29C9E2,440.00,INR,2026-08-26 20:22:18.0,UPI,UPI,Paytm Payments Bank,638463044609985,TXN_SUCCESS,01,Txn Success,MAReXavdD2qX+SYs86dZvav7jTgQJ1wpi7V24MVHv1Q=,DYNAMIC_QR,cust_2db547fcb3,C0013
VYOMDEMO0001234567,ORD_VYOM_000649,202608262028432797F020A54584,280.00,INR,2026-08-26 20:28:43.0,UPI,UPI,Paytm Payments Bank,28781439336354,TXN_SUCCESS,01,Txn Success,7V5fXw5GAFhyTHOIGVAGb2BeQtmrqT7lYpIQLr7mw6c=,DYNAMIC_QR,cust_30c7131331,C0031
VYOMDEMO0001234567,ORD_VYOM_000726,2026082620421589E1EB16EA57A4,440.00,INR,2026-08-26 20:42:15.0,PPI,WALLET,WALLET,421422415315510,TXN_SUCCESS,01,Txn Success,jXreVwNvaL0pZVhANsucDSOzXaESjjRNmGkJbLXw72I=,DYNAMIC_QR,cust_37d415cd87,C0035
VYOMDEMO0001234567,ORD_VYOM_000484,202608262149099C0279B42548FA,360.00,INR,2026-08-26 21:49:09.0,DC,ICICI,ICICI,401442016273763,TXN_SUCCESS,01,Txn Success,PAfuUJ71iVgeUc44cLtND5IB8AfjIqNww/+5AWMgnzU=,DYNAMIC_QR,cust_6e959f4c64,C0023
VYOMDEMO0001234567,ORD_VYOM_002252,202608270826258C6FFF48C00B44,90.00,INR,2026-08-27 08:26:25.0,UPI,UPI,Paytm Payments Bank,306451820082440,TXN_SUCCESS,01,Txn Success,XXviQG2MZlsT3Ges6hymDMgqACHf/+ZGWzqe539LUR8=,DYNAMIC_QR,cust_16d1ca5d23,C0286
VYOMDEMO0001234567,ORD_VYOM_001771,2026082709120938936C45C8DE32,340.00,INR,2026-08-27 09:12:09.0,CC,HDFC,HDFC,734083596191026,TXN_SUCCESS,01,Txn Success,NpJs74GwuNhLijkQiadpYm0FuhbYmAFC5T3DY2/+tL4=,DYNAMIC_QR,cust_34e09df104,C0115
VYOMDEMO0001234567,ORD_VYOM_001388,202608270924020F4FFCCB8B3D46,380.00,INR,2026-08-27 09:24:02.0,UPI,UPI,Paytm Payments Bank,827280026171844,TXN_SUCCESS,01,Txn Success,tVx67PUDllYHAOAJaS/PnNmStpjDwshTS/lVi0WgIxw=,DYNAMIC_QR,cust_6e5ea23889,C0063
VYOMDEMO0001234567,ORD_VYOM_001116,202608270931273B6842E2E450DC,440.00,INR,2026-08-27 09:31:27.0,PPI,WALLET,WALLET,571608888611092,TXN_SUCCESS,01,Txn Success,oSEJViGKQ3v4nFK+inLtGRXeLvHFACQNuwB8vRYjX+Y=,DYNAMIC_QR,cust_daf1fef437,C0051
VYOMDEMO0001234567,ORD_VYOM_000984,202608270952467D2EC14A764831,340.00,INR,2026-08-27 09:52:46.0,DC,ICICI,ICICI,911516258717334,TXN_SUCCESS,01,Txn Success,RBRPPr+rSln48vdE3pxOcL0e9JApEL3Y0MSjckphb2c=,DYNAMIC_QR,cust_3433633783,C0046
VYOMDEMO0001234567,ORD_VYOM_001215,202608271308464E2160B58BEA9A,400.00,INR,2026-08-27 13:08:46.0,PPI,WALLET,WALLET,280928220066839,TXN_SUCCESS,01,Txn Success,MaV8O20LJEW4/1tVbBVx2FsQgodZ8+SrH1zNrEq8oDQ=,DYNAMIC_QR,cust_b981b6cff8,C0056
VYOMDEMO0001234567,ORD_VYOM_000684,2026082713152524248F7CA9CCA1,340.00,INR,2026-08-27 13:15:25.0,UPI,UPI,Paytm Payments Bank,108001870780090,TXN_SUCCESS,01,Txn Success,gHQ67ujaQrI2Ea/4HM7wpeNpWyteOaNLtuSkzbYGHz4=,DYNAMIC_QR,cust_e87a5633d4,C0033
VYOMDEMO0001234567,ORD_VYOM_001201,20260827144753E850958E85B9DE,380.00,INR,2026-08-27 14:47:53.0,UPI,UPI,Paytm Payments Bank,998964923477315,TXN_SUCCESS,01,Txn Success,8yc+JTGQ9Po5DXoyuuuWgSKIwvqPJjehC287n5ZUtJA=,DYNAMIC_QR,cust_4b274e83b3,C0055
VYOMDEMO0001234567,ORD_VYOM_000353,202608271717140F108165413E9F,350.00,INR,2026-08-27 17:17:14.0,UPI,UPI,Paytm Payments Bank,238001597954914,TXN_SUCCESS,01,Txn Success,iUnDWbGv28UIMVWlaZm1KFqpLf+LmDBOGKBVSr8X1Ec=,DYNAMIC_QR,cust_4e741c85b4,C0016
VYOMDEMO0001234567,ORD_VYOM_001800,20260827175724F229C7F108D4B9,330.00,INR,2026-08-27 17:57:24.0,UPI,UPI,Paytm Payments Bank,985670774106163,TXN_SUCCESS,01,Txn Success,4hrOyrVocDa/IpKBGnEojhYtnLVU9qwBUhQ4cWiH/Yk=,DYNAMIC_QR,cust_318e3c45e9,C0121
VYOMDEMO0001234567,ORD_VYOM_001549,20260827180220414D4CE1159BEA,300.00,INR,2026-08-27 18:02:20.0,UPI,UPI,Paytm Payments Bank,372394059427895,PENDING,400,Transaction is pending confirmation.,P1DN/4epbdgQ4ILqvvEyD4yezpeAuX71jR4bp3xq+uY=,DYNAMIC_QR,cust_61b01a22c0,C0074
VYOMDEMO0001234567,ORD_VYOM_001860,20260827183408097B0E386F103C,150.00,INR,2026-08-27 18:34:08.0,UPI,UPI,Paytm Payments Bank,111749947132421,TXN_SUCCESS,01,Txn Success,CWR8VW0F4sjGNeBysqTJD0BPj3K4E7kO5hIsmvTrnbI=,DYNAMIC_QR,cust_0394d626dc,C0133
VYOMDEMO0001234567,ORD_VYOM_001460,202608271909349EAA6F3A5D74F2,150.00,INR,2026-08-27 19:09:34.0,PPI,WALLET,WALLET,746909840870927,TXN_SUCCESS,01,Txn Success,iWEsNeApreRRb4X98wMaDHK2o7sSG8gTUb0fyfqucLU=,DYNAMIC_QR,cust_f5144e6e67,C0068
VYOMDEMO0001234567,ORD_VYOM_001309,2026082719351212B004CC4C9BC0,220.00,INR,2026-08-27 19:35:12.0,DC,ICICI,ICICI,679425329482316,TXN_SUCCESS,01,Txn Success,CTCr7KPif2dfRZrtyNFDSsy1sdKV9LE9DRhQERhMFGk=,DYNAMIC_QR,cust_2658be5647,C0060
VYOMDEMO0001234567,ORD_VYOM_000737,2026082719444288416BB34EF121,450.00,INR,2026-08-27 19:44:42.0,UPI,UPI,Paytm Payments Bank,866235979182050,TXN_SUCCESS,01,Txn Success,d33OexSaM52MN+k2pjaU+YBtHoITXvpbb8w6/R8WSv4=,DYNAMIC_QR,cust_99835ad417,C0036
VYOMDEMO0001234567,ORD_VYOM_000776,20260828083636A0C1D6C4915653,180.00,INR,2026-08-28 08:36:36.0,CC,HDFC,HDFC,225718998817490,TXN_SUCCESS,01,Txn Success,3LQ1GedT0s85U+ysNu8KBX8ggYkZatGG980n/5/l0JI=,DYNAMIC_QR,cust_40b3e01be6,C0038
VYOMDEMO0001234567,ORD_VYOM_001526,20260828094713E787656FC7F699,360.00,INR,2026-08-28 09:47:13.0,UPI,UPI,Paytm Payments Bank,875121436982174,TXN_FAILURE,227,Your payment has been declined by your bank.,51Ed2U4QqwpKn1IrOgWUxU8FttlmP3WSHnM+Gwh5MeU=,DYNAMIC_QR,cust_2f8f5bb109,C0072
VYOMDEMO0001234567,ORD_VYOM_002279,20260828094933507F3ACCCA9BD4,160.00,INR,2026-08-28 09:49:33.0,PPI,WALLET,WALLET,935400966237270,TXN_SUCCESS,01,Txn Success,LukYlwzD9NwgR1nj1KkcGX8V1PT/d3B4a66aHpf7I/8=,DYNAMIC_QR,cust_692da84f99,C0315
VYOMDEMO0001234567,ORD_VYOM_000276,20260828100751B264F618A942B0,300.00,INR,2026-08-28 10:07:51.0,CC,HDFC,HDFC,476661518786801,TXN_SUCCESS,01,Txn Success,GwYmCg+wMuj3fhe5vIj963gIpIQahOvWtda8Jmxdlbc=,DYNAMIC_QR,cust_679aa0bd53,C0012
VYOMDEMO0001234567,ORD_VYOM_001434,20260828101529CFC915EBA52DD4,380.00,INR,2026-08-28 10:15:29.0,PPI,WALLET,WALLET,858507919448748,TXN_SUCCESS,01,Txn Success,CdLT666FxlQthPr5yNP1X3c4OFppsY2/9AF00aD0RVA=,DYNAMIC_QR,cust_1dc57b77e4,C0066
VYOMDEMO0001234567,ORD_VYOM_001421,202608281234482966B290E0CC1B,300.00,INR,2026-08-28 12:34:48.0,UPI,UPI,Paytm Payments Bank,330011082858447,TXN_SUCCESS,01,Txn Success,dv0IGYobJnayMuCIaQ5mxKFp9v93X+pRjQAPOLa1kUY=,DYNAMIC_QR,cust_3cb63d84a8,C0065
VYOMDEMO0001234567,ORD_VYOM_001182,20260828130125B22237C0AF9918,500.00,INR,2026-08-28 13:01:25.0,UPI,UPI,Paytm Payments Bank,292513012765462,TXN_SUCCESS,01,Txn Success,RHxUnRh9/WZfTkkVyLFbjR+3jgQHuI8vAZF4YyxTCz0=,DYNAMIC_QR,cust_5cd1790ef5,C0054
VYOMDEMO0001234567,ORD_VYOM_000609,20260828132657B80EAB84C4B7BB,260.00,INR,2026-08-28 13:26:57.0,DC,ICICI,ICICI,580524606240195,TXN_SUCCESS,01,Txn Success,PYYQbkMTtH7RoWLjsvPQMHnNiFmtuULqHmXGVfxNOpQ=,DYNAMIC_QR,cust_106abbb9b5,C0029
VYOMDEMO0001234567,ORD_VYOM_000341,202608281412319D0618F3D00E7E,380.00,INR,2026-08-28 14:12:31.0,PPI,WALLET,WALLET,48913678553119,TXN_SUCCESS,01,Txn Success,4vzPVhU0jrRaSnzG9YNe8lBxYOcgH+2XTOcTIE3dwq4=,DYNAMIC_QR,cust_240753abf1,C0015
VYOMDEMO0001234567,ORD_VYOM_001040,202608281540256480ADFDD7A9B7,400.00,INR,2026-08-28 15:40:25.0,UPI,UPI,Paytm Payments Bank,327619877019988,TXN_SUCCESS,01,Txn Success,pE515ESYRshjek6hRm17s8JXLcahEsfr+7iwF202gm8=,DYNAMIC_QR,cust_c3657372a9,C0048
VYOMDEMO0001234567,ORD_VYOM_000761,20260828170019CEBE7C42728285,540.00,INR,2026-08-28 17:00:19.0,PPI,WALLET,WALLET,323432776982326,TXN_SUCCESS,01,Txn Success,ymwwDbMYxQzoGJiO9hWAv2hdRMpjy38W2ARCyl2UMsM=,DYNAMIC_QR,cust_9a8d00481d,C0037
VYOMDEMO0001234567,ORD_VYOM_001202,202608281847065EDE432DC117FA,300.00,INR,2026-08-28 18:47:06.0,UPI,UPI,Paytm Payments Bank,149687040910737,TXN_SUCCESS,01,Txn Success,Ei34v4KqEBan4+ILoZ/tM0w0Ot8DYT9A9JpoTvFyFqM=,DYNAMIC_QR,cust_4b274e83b3,C0055
VYOMDEMO0001234567,ORD_VYOM_001501,20260828195936BBFC9CE621E838,450.00,INR,2026-08-28 19:59:36.0,PPI,WALLET,WALLET,161932448828057,TXN_SUCCESS,01,Txn Success,Y7HQVQ4KWuh1+Y8+pZsOfgBFI6s1cawlkKNLSUAwHdg=,DYNAMIC_QR,cust_6549be84fc,C0070
VYOMDEMO0001234567,ORD_VYOM_001956,202608282003099609E78169B33D,200.00,INR,2026-08-28 20:03:09.0,UPI,UPI,Paytm Payments Bank,733486802155574,TXN_SUCCESS,01,Txn Success,t+5hTCO2iH9cW7fbMYzMKvc1alk7A1RD4V6NP0kdRo0=,DYNAMIC_QR,cust_45ad7a8f47,C0152
VYOMDEMO0001234567,ORD_VYOM_002210,202608282011167432B0251FA039,100.00,INR,2026-08-28 20:11:16.0,UPI,UPI,Paytm Payments Bank,350414259915148,TXN_SUCCESS,01,Txn Success,Yzlj+yimHxcfsdIPM9+qVGBsjiX7Bsv0ExFM7t4NBts=,DYNAMIC_QR,cust_aa6b163e4e,C0244
VYOMDEMO0001234567,ORD_VYOM_002123,2026082820352717738572D6C10D,140.00,INR,2026-08-28 20:35:27.0,UPI,UPI,Paytm Payments Bank,47997671315770,TXN_FAILURE,411,Invalid Amount sent to Paytm,N2mmtauT8nb35DR3FI7RXmOeLRvwqYM/NF5h9w54lO8=,DYNAMIC_QR,cust_8420971346,C0186
VYOMDEMO0001234567,ORD_VYOM_001639,202608282036595302FDE3CF225C,340.00,INR,2026-08-28 20:36:59.0,UPI,UPI,Paytm Payments Bank,143379672874552,TXN_SUCCESS,01,Txn Success,4mLs0FUZnOrnSPsNd4fuAcSLJE3AvnDjxadneehc8Vs=,DYNAMIC_QR,cust_05e9cc6642,C0093
VYOMDEMO0001234567,ORD_VYOM_000541,202608282042357F49741991D83B,390.00,INR,2026-08-28 20:42:35.0,PPI,WALLET,WALLET,543118234271307,PENDING,400,Transaction is pending confirmation.,c7YJYnN25CzVyW4td4YDj2eSRtdpxyrwQcUhrQ8yG1Q=,DYNAMIC_QR,cust_41941dbbd4,C0026
VYOMDEMO0001234567,ORD_VYOM_000836,20260828210815F8542E75E9A5D6,190.00,INR,2026-08-28 21:08:15.0,UPI,UPI,Paytm Payments Bank,374731471180877,TXN_SUCCESS,01,Txn Success,Is6rHqmA4gHTxyF7Ya8CLFVZOwPTc905AGQDZ9Cp+9k=,DYNAMIC_QR,cust_8f7c742c92,C0040
VYOMDEMO0001234567,ORD_VYOM_000195,20260828210830705BB9BD4607DC,240.00,INR,2026-08-28 21:08:30.0,UPI,UPI,Paytm Payments Bank,315404728931647,TXN_SUCCESS,01,Txn Success,PnZ03O18Fjj9OQp9oAzOkdPjgKqV2zTMzayiD9E7NPs=,DYNAMIC_QR,cust_24551de984,C0009
VYOMDEMO0001234567,ORD_VYOM_000165,20260828214545D3F79EB37E3DA5,240.00,INR,2026-08-28 21:45:45.0,CC,HDFC,HDFC,590621633799655,TXN_SUCCESS,01,Txn Success,d+KdHIRemGyCkHyMJyUP4YeVIRJiXPmnDPuAIvK+a4U=,DYNAMIC_QR,cust_8e84008d36,C0008
VYOMDEMO0001234567,ORD_VYOM_001793,202608290852526483D9298591C3,320.00,INR,2026-08-29 08:52:52.0,UPI,UPI,Paytm Payments Bank,939977743653693,TXN_SUCCESS,01,Txn Success,BNYsQDjmjh5yH3L95cdH7HPvM4v8CGxfL+/ZEzvBpLI=,DYNAMIC_QR,cust_2c8cb63c6c,C0119
VYOMDEMO0001234567,ORD_VYOM_000221,20260829090959875847C8C135DE,400.00,INR,2026-08-29 09:09:59.0,CC,HDFC,HDFC,203806650353826,TXN_SUCCESS,01,Txn Success,N5cpSJXsypuLanHedyZxPq3oviFL0neFaw33UkOjilo=,DYNAMIC_QR,cust_785ff6e6b2,C0010
VYOMDEMO0001234567,ORD_VYOM_000260,20260829093834CBAEBB8DB5D08F,400.00,INR,2026-08-29 09:38:34.0,UPI,UPI,Paytm Payments Bank,111851672354286,TXN_SUCCESS,01,Txn Success,9rUr/lWHiNhw8LlyiRqarR+BRZtl4yy70EpdprbWXm0=,DYNAMIC_QR,cust_ca9b9b6adf,C0011
VYOMDEMO0001234567,ORD_VYOM_001240,202608290941519399476C4AD862,370.00,INR,2026-08-29 09:41:51.0,DC,ICICI,ICICI,450373038890353,TXN_SUCCESS,01,Txn Success,iuDsxrll62ZCl4By7+WCD38NsAe7FKzHJuvv/KaO+y4=,DYNAMIC_QR,cust_f249fd9c9c,C0057
VYOMDEMO0001234567,ORD_VYOM_000124,2026082910265624A9FC96D62A98,350.00,INR,2026-08-29 10:26:56.0,UPI,UPI,Paytm Payments Bank,572704135564280,TXN_SUCCESS,01,Txn Success,7LXmG9kK1SntvwMdSbOAVxnmMOq1OjXiotJtvGqx878=,DYNAMIC_QR,cust_4b7feffc40,C0006
VYOMDEMO0001234567,ORD_VYOM_000807,20260829110210B6C24C1C929415,260.00,INR,2026-08-29 11:02:10.0,UPI,UPI,Paytm Payments Bank,649587868073550,TXN_SUCCESS,01,Txn Success,j099+1zza42qKBR0xBJGvLGMBYtoVESW935r+3194n8=,DYNAMIC_QR,cust_0b348a9dd1,C0039
VYOMDEMO0001234567,ORD_VYOM_002174,2026082911524153BD67F64CD027,160.00,INR,2026-08-29 11:52:41.0,DC,ICICI,ICICI,971657584348977,TXN_SUCCESS,01,Txn Success,1lehHM6uZYr7eru2Yy89/5s+vd/Jk8TXrN5EmAEQDpQ=,DYNAMIC_QR,cust_5dae3a904a,C0208
VYOMDEMO0001234567,ORD_VYOM_001481,202608291657349CFD777264CB0F,450.00,INR,2026-08-29 16:57:34.0,CC,HDFC,HDFC,52624563685346,TXN_SUCCESS,01,Txn Success,6E76NeDOWB3shpBh4nmiLZWgUozqsxrSqscy0/QmuiY=,DYNAMIC_QR,cust_2775c4cf89,C0069
VYOMDEMO0001234567,ORD_VYOM_001366,202608291754273096B66DE538B9,300.00,INR,2026-08-29 17:54:27.0,UPI,UPI,Paytm Payments Bank,501341366016563,TXN_SUCCESS,01,Txn Success,UNiYyh9qLDPABKV0xecNDnJJd85KtfOXLpn23dmZqQs=,DYNAMIC_QR,cust_2f66dd2f4f,C0062
VYOMDEMO0001234567,ORD_VYOM_000398,202608291837409DC170DB944733,320.00,INR,2026-08-29 18:37:40.0,UPI,UPI,Paytm Payments Bank,159693083164616,TXN_SUCCESS,01,Txn Success,BDlObUYxzx0eKSIo8KXjWyArNmG3sCtU4EGapaAlIMw=,DYNAMIC_QR,cust_1758aa28d3,C0018
VYOMDEMO0001234567,ORD_VYOM_002287,20260829185401FA321737F8C504,180.00,INR,2026-08-29 18:54:01.0,CC,HDFC,HDFC,960870059348878,TXN_SUCCESS,01,Txn Success,6Qvm78wa1gpjyPYwNgHhazDoXoOG06TCf+qkq4x0lBU=,DYNAMIC_QR,cust_7bebd146eb,C0323
VYOMDEMO0001234567,ORD_VYOM_001914,20260829211323F186EC06309A68,260.00,INR,2026-08-29 21:13:23.0,UPI,UPI,Paytm Payments Bank,202251434165580,TXN_SUCCESS,01,Txn Success,rfXzuHknlNYcyADwNc6KtZmHf9mGmDIENZg1QX5SAAU=,DYNAMIC_QR,cust_5f6c8a8dea,C0144
VYOMDEMO0001234567,ORD_VYOM_001768,202608292132111181AB74B45827,350.00,INR,2026-08-29 21:32:11.0,PPI,WALLET,WALLET,767042080087692,TXN_SUCCESS,01,Txn Success,8W35DiMMBB54xJ8UunDWZ8uPbCxt/YNW9+/VqoZ+kis=,DYNAMIC_QR,cust_b789d332da,C0114
VYOMDEMO0001234567,ORD_VYOM_000672,20260829213919543F3ECD97EB43,340.00,INR,2026-08-29 21:39:19.0,UPI,UPI,Paytm Payments Bank,467776773805193,TXN_SUCCESS,01,Txn Success,kdrmXrmMxOzYqXNq2t22PlXSoNx+1dAwC6q/nRLpPC0=,DYNAMIC_QR,cust_a06e38f5f5,C0032
VYOMDEMO0001234567,ORD_VYOM_002134,20260829214011358CE70101D9F7,380.00,INR,2026-08-29 21:40:11.0,UPI,UPI,Paytm Payments Bank,77136613467219,TXN_SUCCESS,01,Txn Success,1QvAc+XMH3QUttICieDQWgt0aZhFNc7razqDw+ypS9E=,DYNAMIC_QR,cust_3325a57c29,C0188
VYOMDEMO0001234567,ORD_VYOM_000929,20260829215539F27174ABA17DFE,200.00,INR,2026-08-29 21:55:39.0,UPI,UPI,Paytm Payments Bank,975121799128323,TXN_SUCCESS,01,Txn Success,AqRt0VTKGIogBoHPn2x2ZgtHci5vtnYHf9t3xjpqxR4=,DYNAMIC_QR,cust_a4d97a4e7d,C0044
VYOMDEMO0001234567,ORD_VYOM_000010,202608300832289E8057DAEC9A4B,280.00,INR,2026-08-30 08:32:28.0,UPI,UPI,Paytm Payments Bank,178913405727943,TXN_SUCCESS,01,Txn Success,iuTsuELnQ1SyvmSwadR8CKpXTkK8LUl4YQs8m8CPbKY=,DYNAMIC_QR,cust_639130ba19,C0001
VYOMDEMO0001234567,ORD_VYOM_001340,2026083008414852DC6594C9CEEB,280.00,INR,2026-08-30 08:41:48.0,UPI,UPI,Paytm Payments Bank,612939444594384,TXN_SUCCESS,01,Txn Success,SKNJDniNjdmNz2lsqg4Vl3L9Y3PYg2oFSYKxGw/QDSE=,DYNAMIC_QR,cust_33de551bb3,C0061
VYOMDEMO0001234567,ORD_VYOM_001283,20260830090643964EE35F882F32,400.00,INR,2026-08-30 09:06:43.0,UPI,UPI,Paytm Payments Bank,651436141188048,TXN_SUCCESS,01,Txn Success,U2mHfeb/kK2w+k4gbI8Ij8zT4XWLKu6S4WPoDHtctWs=,DYNAMIC_QR,cust_4b0cb4e62f,C0059
VYOMDEMO0001234567,ORD_VYOM_001153,20260830091223B716D86E42A30A,340.00,INR,2026-08-30 09:12:23.0,UPI,UPI,Paytm Payments Bank,427241357531727,TXN_SUCCESS,01,Txn Success,cz+tkUsgxWDMN09Ky7usj2hO3Gtxa0XfWPjBHt7sV7w=,DYNAMIC_QR,cust_82cd81d65f,C0053
VYOMDEMO0001234567,ORD_VYOM_000966,20260830092652A889958450FA68,400.00,INR,2026-08-30 09:26:52.0,UPI,UPI,Paytm Payments Bank,598926254837198,TXN_SUCCESS,01,Txn Success,BzAkOPFJJCC/1yprx3JtjlY9ugnezf1/q6s7zUgoxds=,DYNAMIC_QR,cust_d544bf3b16,C0045
VYOMDEMO0001234567,ORD_VYOM_000022,202608300934301FB0B9CC7D39D1,340.00,INR,2026-08-30 09:34:30.0,CC,HDFC,HDFC,207196482692964,TXN_SUCCESS,01,Txn Success,vv3Dg2ytbB+5gQ5UGVVIFt3ds9G+/AJFrKVfRj0yYOU=,DYNAMIC_QR,cust_669ee76164,C0002
VYOMDEMO0001234567,ORD_VYOM_000096,202608301002594D4C7EE3E88115,500.00,INR,2026-08-30 10:02:59.0,UPI,UPI,Paytm Payments Bank,539176734573014,TXN_SUCCESS,01,Txn Success,sqiG4gINAMFGbcLH/Va+q6LDy1CWR0OP9KT05WYU1/8=,DYNAMIC_QR,cust_d97b299d31,C0005
VYOMDEMO0001234567,ORD_VYOM_000196,20260830102000444C8DBA445156,300.00,INR,2026-08-30 10:20:00.0,CC,HDFC,HDFC,524135748911723,TXN_SUCCESS,01,Txn Success,WAHzw0AprI8lR0wa1suI3yUhBL1wEYjVbpWeYsO1+u4=,DYNAMIC_QR,cust_24551de984,C0009
VYOMDEMO0001234567,ORD_VYOM_001259,20260830111137AEDD2C4D4D88E5,280.00,INR,2026-08-30 11:11:37.0,UPI,UPI,Paytm Payments Bank,841104897352424,TXN_SUCCESS,01,Txn Success,nmTkUOVjzZBc0je6hpst2c8H/D8/qb4/uFcpwSQpo5I=,DYNAMIC_QR,cust_6b44d63f59,C0058
VYOMDEMO0001234567,ORD_VYOM_001445,2026083015403346420D0524B7FA,350.00,INR,2026-08-30 15:40:33.0,UPI,UPI,Paytm Payments Bank,649196062706091,TXN_SUCCESS,01,Txn Success,5+RgdbMd26AIJk1rRLYktE62FqsPEJWsecddjwP1VKA=,DYNAMIC_QR,cust_0190a5b25c,C0067
VYOMDEMO0001234567,ORD_VYOM_001536,20260830165759BE476BF666ECBE,600.00,INR,2026-08-30 16:57:59.0,DC,ICICI,ICICI,241152880271793,TXN_SUCCESS,01,Txn Success,b0C+kNXV5st9wkiGXjQ69l4fuNQjxixbP1WFyGxqTjI=,DYNAMIC_QR,cust_da25303e2b,C0073
VYOMDEMO0001234567,ORD_VYOM_000898,20260830170139E9DDE75D77C062,260.00,INR,2026-08-30 17:01:39.0,UPI,UPI,Paytm Payments Bank,333438106417689,TXN_SUCCESS,01,Txn Success,PHPP5L5TwsAcwELOWoIHSBBmp5VhLbFiaczPJe685jE=,DYNAMIC_QR,cust_20281afbd7,C0043
VYOMDEMO0001234567,ORD_VYOM_001069,20260830171923FF6F0279D6C560,320.00,INR,2026-08-30 17:19:23.0,DC,ICICI,ICICI,303300537765561,TXN_SUCCESS,01,Txn Success,X4rD4fTrWbGDSRxxE14d1+xwjOT8pX7TnoMx9hdUUgs=,DYNAMIC_QR,cust_fc7659f04d,C0049
VYOMDEMO0001234567,ORD_VYOM_002073,20260830185332EB4A9FE875F9B3,320.00,INR,2026-08-30 18:53:32.0,UPI,UPI,Paytm Payments Bank,886318103445662,TXN_SUCCESS,01,Txn Success,V6uCgofFOYGFEW76apUXpNzpRr5DNAKtRUZg0R88gvw=,DYNAMIC_QR,cust_e15240849f,C0175
VYOMDEMO0001234567,ORD_VYOM_001850,20260830193428C3805CDB0A1723,300.00,INR,2026-08-30 19:34:28.0,DC,ICICI,ICICI,881938292880554,TXN_SUCCESS,01,Txn Success,u0/a2iuyh7YdKOOzGZgO51o2n6PdwoNvWNBi9TC9lLc=,DYNAMIC_QR,cust_8a55b6b351,C0130
VYOMDEMO0001234567,ORD_VYOM_002232,20260830210637F2491EBFA9DEEE,220.00,INR,2026-08-30 21:06:37.0,UPI,UPI,Paytm Payments Bank,870482389526132,TXN_SUCCESS,01,Txn Success,fBofHSIQsiXxpi2q/HTGt88ln9D5B8hpD0CFkQxyx9w=,DYNAMIC_QR,cust_d4b36d956f,C0266
VYOMDEMO0001234567,ORD_VYOM_001621,2026083021293045EBC4353C05A8,240.00,INR,2026-08-30 21:29:30.0,DC,ICICI,ICICI,547235755271188,TXN_SUCCESS,01,Txn Success,ajAYAWofUtNPKJDHWD5ciF5JRmjvunrRwWkJLJgfMGQ=,DYNAMIC_QR,cust_e6f4b63a28,C0087
VYOMDEMO0001234567,ORD_VYOM_000498,20260830215207AE17815EA6C50B,250.00,INR,2026-08-30 21:52:07.0,PPI,WALLET,WALLET,478931857097737,TXN_SUCCESS,01,Txn Success,ZQUPUc/gbwE6qLmiBwDHEPWpqo/JOyHOcyglw3Fd8VA=,DYNAMIC_QR,cust_ecaca9bcdb,C0024
VYOMDEMO0001234567,ORD_VYOM_002202,202608310906064EAB219E8F8011,350.00,INR,2026-08-31 09:06:06.0,CC,HDFC,HDFC,144772252212332,TXN_SUCCESS,01,Txn Success,oILPYN75QEL53dEEQ7s477dekLJq9L0INvvBDUuCRHY=,DYNAMIC_QR,cust_54ea58aa6b,C0236
VYOMDEMO0001234567,ORD_VYOM_002194,20260831095733543519A1583A02,40.00,INR,2026-08-31 09:57:33.0,CC,HDFC,HDFC,20284107771365,TXN_SUCCESS,01,Txn Success,2EKhBtjNafafAusYzHkPK1evt+PNgDtjYeVAjHTN3O4=,DYNAMIC_QR,cust_3c4d701d77,C0228
VYOMDEMO0001234567,ORD_VYOM_001005,202608311004286110CA3A7318AD,340.00,INR,2026-08-31 10:04:28.0,UPI,UPI,Paytm Payments Bank,248399445576252,TXN_SUCCESS,01,Txn Success,FQ4iOwlMKxsjbmBQE4zwfU35n04/+C1pSsh/yuOc1fk=,DYNAMIC_QR,cust_f966ed1ab1,C0047
VYOMDEMO0001234567,ORD_VYOM_000323,202608311006335EFA39168687AD,370.00,INR,2026-08-31 10:06:33.0,UPI,UPI,Paytm Payments Bank,781289016464710,TXN_FAILURE,227,Your payment has been declined by your bank.,RS60raZm9234Axlz3aiQiJZkOCc6cvKQpB4KR9J0tUw=,DYNAMIC_QR,cust_1ae6b5d45e,C0014
VYOMDEMO0001234567,ORD_VYOM_000521,20260831101939C3B8C3D60CBA24,250.00,INR,2026-08-31 10:19:39.0,CC,HDFC,HDFC,400292262416582,TXN_SUCCESS,01,Txn Success,IhHEZyElTpZ2i/px+3TvtHSHSOLKdWZxDTFzOm9sefc=,DYNAMIC_QR,cust_f28cbf1be8,C0025
VYOMDEMO0001234567,ORD_VYOM_000704,202608311311577DBDA5E2CEF087,250.00,INR,2026-08-31 13:11:57.0,CC,HDFC,HDFC,145348813516573,TXN_SUCCESS,01,Txn Success,atYjDnLZbWUnU/SC30TAodSI4B8c+Gor3KJBwhXoat4=,DYNAMIC_QR,cust_d4aeae392b,C0034
VYOMDEMO0001234567,ORD_VYOM_000144,20260831163109FDE0A4B0BD58EF,380.00,INR,2026-08-31 16:31:09.0,UPI,UPI,Paytm Payments Bank,967453168627426,TXN_SUCCESS,01,Txn Success,G26JQKV413Cb9i02uMLASZDkHObxESVL6hy3QjWjy1w=,DYNAMIC_QR,cust_eabdbf3bc8,C0007
VYOMDEMO0001234567,ORD_VYOM_000578,202608311638247F01CAFD12AD9C,490.00,INR,2026-08-31 16:38:24.0,UPI,UPI,Paytm Payments Bank,647010491128127,TXN_SUCCESS,01,Txn Success,zVLD3GVcW5t79rzjnfpEUYK2sTiqZ6dvZYoUtCaZCu4=,DYNAMIC_QR,cust_99e98f2292,C0028
VYOMDEMO0001234567,ORD_VYOM_001341,202608311835105ADF29FFF94749,230.00,INR,2026-08-31 18:35:10.0,DC,ICICI,ICICI,73287524711539,TXN_SUCCESS,01,Txn Success,WoSil0mAK2q2uncU5zvv1tUiB/tAThGIT8KUYDA7GCw=,DYNAMIC_QR,cust_33de551bb3,C0061
VYOMDEMO0001234567,ORD_VYOM_000899,2026083118492212EEE49722D631,140.00,INR,2026-08-31 18:49:22.0,UPI,UPI,Paytm Payments Bank,261983638745875,TXN_SUCCESS,01,Txn Success,J558zslb5yUiulYNOC9GaYs4D1BjeqcqPD/eIL/FeBQ=,DYNAMIC_QR,cust_20281afbd7,C0043
VYOMDEMO0001234567,ORD_VYOM_002075,202608311926043DAF940A4D527D,290.00,INR,2026-08-31 19:26:04.0,DC,ICICI,ICICI,766950381963595,TXN_SUCCESS,01,Txn Success,E8SXEGIjN6w2IOS6uoJ3jmAuEWgcf+RwPQ2wwb4IDDY=,DYNAMIC_QR,cust_3b79109ad5,C0176
VYOMDEMO0001234567,ORD_VYOM_000378,20260831195335BBCB5E0458300D,390.00,INR,2026-08-31 19:53:35.0,PPI,WALLET,WALLET,50063432410300,TXN_SUCCESS,01,Txn Success,Sys2Zh5xNVES7rJRg1Mgvk9mVEsaKa3LD/bAuvb4MWA=,DYNAMIC_QR,cust_8fe3b75ae8,C0017
VYOMDEMO0001234567,ORD_VYOM_000445,20260831200947171E3B0D844DEB,140.00,INR,2026-08-31 20:09:47.0,CC,HDFC,HDFC,355718725992314,TXN_SUCCESS,01,Txn Success,dSmt3gVvUYMXypb62wcoPOP4gTEpcYEqGVrcgQoH4QA=,DYNAMIC_QR,cust_bb103c6777,C0021
VYOMDEMO0001234567,ORD_VYOM_001389,20260831201445769F09A3B101DD,190.00,INR,2026-08-31 20:14:45.0,UPI,UPI,Paytm Payments Bank,321371938216208,TXN_SUCCESS,01,Txn Success,o1NEoK3s3NSmseLwCgv7TnqxCgdCtRosLQNxdnrfMF4=,DYNAMIC_QR,cust_6e5ea23889,C0063
VYOMDEMO0001234567,ORD_VYOM_002208,202608312028299F7038EC54B6CB,110.00,INR,2026-08-31 20:28:29.0,DC,ICICI,ICICI,740390964227211,TXN_SUCCESS,01,Txn Success,aQEBYZyPsw0srBkiV+fyC6/QAZBxgDwcaSqJYP+F6KA=,DYNAMIC_QR,cust_5dfc340e1d,C0242
VYOMDEMO0001234567,ORD_VYOM_001685,202608312036267726F6A59B3AC2,350.00,INR,2026-08-31 20:36:26.0,PPI,WALLET,WALLET,112151779597648,TXN_SUCCESS,01,Txn Success,fz7iuGHIfoNzrFvsBqzHckVmZHGjG/d6tZ9rqpHeGlE=,DYNAMIC_QR,cust_30d1fffafe,C0100
VYOMDEMO0001234567,ORD_VYOM_000076,20260831203940F82D8BD9F2B36C,260.00,INR,2026-08-31 20:39:40.0,CC,HDFC,HDFC,324619722059611,TXN_SUCCESS,01,Txn Success,5NSznhMCurhnfEqXEFrlXVuKUudEDXTPKWWb3PMAW7M=,DYNAMIC_QR,cust_23bc5b213e,C0004
VYOMDEMO0001234567,ORD_VYOM_000873,202608312102397A07ABFE4C76DF,360.00,INR,2026-08-31 21:02:39.0,PPI,WALLET,WALLET,373581717323696,TXN_SUCCESS,01,Txn Success,hBu0L/0cvniSlCZ6RFvKaVRpeP0qle/Lx20uQsWaDqQ=,DYNAMIC_QR,cust_e2d64a5dd5,C0042
VYOMDEMO0001234567,ORD_VYOM_001183,202609010820277EAFED5DA0DF68,560.00,INR,2026-09-01 08:20:27.0,UPI,UPI,Paytm Payments Bank,302908732398102,TXN_SUCCESS,01,Txn Success,/Olkg6kt5CbvRuaLH9VTqAdfQhj2XMv/zZe/qdtMt6E=,DYNAMIC_QR,cust_5cd1790ef5,C0054
VYOMDEMO0001234567,ORD_VYOM_002104,202609010821113AA584CA6A7C36,300.00,INR,2026-09-01 08:21:11.0,UPI,UPI,Paytm Payments Bank,952803988333594,TXN_SUCCESS,01,Txn Success,aCwio/id5APkK9XnacIelXmuy6UAIqsWXcsoHITuu6c=,DYNAMIC_QR,cust_870942d0e6,C0181
VYOMDEMO0001234567,ORD_VYOM_001853,20260901082253C3C4CF03837771,230.00,INR,2026-09-01 08:22:53.0,UPI,UPI,Paytm Payments Bank,988567075855977,TXN_SUCCESS,01,Txn Success,fuPJoIws9W1wsEH/TiG906pxHyW6Aq7ooSy9CLDCFhI=,DYNAMIC_QR,cust_d5f3bd7cb0,C0132
VYOMDEMO0001234567,ORD_VYOM_001730,2026090108414264035EA29BD06C,280.00,INR,2026-09-01 08:41:42.0,UPI,UPI,Paytm Payments Bank,285542901521882,TXN_SUCCESS,01,Txn Success,3fk13VbMJBM2suxeDN8Ue2OWNhOn9/Iv1nkh63lAIZc=,DYNAMIC_QR,cust_69691cd29b,C0108
VYOMDEMO0001234567,ORD_VYOM_000985,20260901090451E05C133BE19ECF,580.00,INR,2026-09-01 09:04:51.0,UPI,UPI,Paytm Payments Bank,533021206711847,TXN_SUCCESS,01,Txn Success,Y/O9RLaNBcFMh00ixtyTFTmxBQSoEWIWgB4w7uvQDZg=,DYNAMIC_QR,cust_3433633783,C0046
VYOMDEMO0001234567,ORD_VYOM_002047,202609010920462081149199D878,400.00,INR,2026-09-01 09:20:46.0,UPI,UPI,Paytm Payments Bank,800477782954861,TXN_SUCCESS,01,Txn Success,mlsi/Vz9xpqQK89TjGbBTTkrGsJkkOU7K2GfhvWJ4jQ=,DYNAMIC_QR,cust_124decfc20,C0169
VYOMDEMO0001234567,ORD_VYOM_001041,20260901095657635CB54869CA8A,460.00,INR,2026-09-01 09:56:57.0,UPI,UPI,Paytm Payments Bank,297090503000401,TXN_SUCCESS,01,Txn Success,AQGRK4xjft8tt8AkiqP7/4YgZ2pHf7D9wGwA5jXZ8Kw=,DYNAMIC_QR,cust_c3657372a9,C0048
VYOMDEMO0001234567,ORD_VYOM_001411,20260901100416FEFA4C39D71469,500.00,INR,2026-09-01 10:04:16.0,UPI,UPI,Paytm Payments Bank,420235470238225,TXN_SUCCESS,01,Txn Success,gReWnd11UjUB/y2r4oJnZUK4eLXOBSR4XcKDFx5Nqog=,DYNAMIC_QR,cust_63b68fdde8,C0064
VYOMDEMO0001234567,ORD_VYOM_002079,20260901100733620A36DA865653,260.00,INR,2026-09-01 10:07:33.0,DC,ICICI,ICICI,754215835407791,TXN_SUCCESS,01,Txn Success,+wTjCihP0FiPWvnt/fRIHX/C6lJM2CiDJj1ewCInxBY=,DYNAMIC_QR,cust_ce4000d3e6,C0177
VYOMDEMO0001234567,ORD_VYOM_000650,202609011111536F0D7BB5DF0E72,340.00,INR,2026-09-01 11:11:53.0,UPI,UPI,Paytm Payments Bank,566640305827210,TXN_SUCCESS,01,Txn Success,xr3UXwxDmFgadAdmveAFvqTXSgtxyVT0khp78zg9MyU=,DYNAMIC_QR,cust_30c7131331,C0031
VYOMDEMO0001234567,ORD_VYOM_000046,20260901111706CA325423008968,330.00,INR,2026-09-01 11:17:06.0,UPI,UPI,Paytm Payments Bank,337287907991885,TXN_SUCCESS,01,Txn Success,uC8MdSzfxwyDQddUDibV73zH/VKDlGMXnmbzQdXkcx0=,DYNAMIC_QR,cust_c4796bc897,C0003
VYOMDEMO0001234567,ORD_VYOM_001986,2026090111214203C3672DBC82AB,200.00,INR,2026-09-01 11:21:42.0,UPI,UPI,Paytm Payments Bank,857819427289199,TXN_SUCCESS,01,Txn Success,VQv1cVrCuwApGDfTDO6AjEu2RGiTPs0T7N7PDtGUBGU=,DYNAMIC_QR,cust_5669b8558f,C0158
VYOMDEMO0001234567,ORD_VYOM_000762,20260901124923341588AC8DC545,450.00,INR,2026-09-01 12:49:23.0,PPI,WALLET,WALLET,303208839641464,TXN_SUCCESS,01,Txn Success,/uaE67k41khOsZxS3aKGPaMsAZpS/HzccgZbKl/QGMM=,DYNAMIC_QR,cust_9a8d00481d,C0037
VYOMDEMO0001234567,ORD_VYOM_000631,202609011742567CAA0B9367930C,250.00,INR,2026-09-01 17:42:56.0,PPI,WALLET,WALLET,367454646047439,TXN_SUCCESS,01,Txn Success,AmTQLaOUjVVFiUJ2J+AM3y5SPIqHhiyo+OicjZJKkJY=,DYNAMIC_QR,cust_9138b9325b,C0030
VYOMDEMO0001234567,ORD_VYOM_001789,20260901175143C5848DB41811A5,230.00,INR,2026-09-01 17:51:43.0,CC,HDFC,HDFC,72756802902111,TXN_SUCCESS,01,Txn Success,QWDyGrD6W696KoW+2PoCC8PwB/AgeB2LY8SmI1rnTJQ=,DYNAMIC_QR,cust_a2e7f35d30,C0117
VYOMDEMO0001234567,ORD_VYOM_000930,202609011806090707EF05C3461C,370.00,INR,2026-09-01 18:06:09.0,CC,HDFC,HDFC,620299946035241,TXN_SUCCESS,01,Txn Success,exjMQzQAbDLdCFUnhBVmDjIWlUI/Qmuudir+CwFkw/w=,DYNAMIC_QR,cust_a4d97a4e7d,C0044
VYOMDEMO0001234567,ORD_VYOM_001782,202609011903192101734FA6C164,330.00,INR,2026-09-01 19:03:19.0,CC,HDFC,HDFC,844531920911666,TXN_SUCCESS,01,Txn Success,NuJ+JPK/rH6fyhTxDcq5HmeDk57WsehzHc3rtYUzWKY=,DYNAMIC_QR,cust_020257eebe,C0116
VYOMDEMO0001234567,ORD_VYOM_000808,20260901190820F5B84907AE951E,180.00,INR,2026-09-01 19:08:20.0,UPI,UPI,Paytm Payments Bank,166938935650559,TXN_SUCCESS,01,Txn Success,3jUFrPMS0TS5pOvM949zPlu6BhTOxdThDex91+enkko=,DYNAMIC_QR,cust_0b348a9dd1,C0039
VYOMDEMO0001234567,ORD_VYOM_000304,202609011919006189A752E6F08F,460.00,INR,2026-09-01 19:19:00.0,UPI,UPI,Paytm Payments Bank,696309784855678,TXN_SUCCESS,01,Txn Success,8Wogva6YQpsBF2M0oz8AFX3djH13LyXK34GTLgfFbKU=,DYNAMIC_QR,cust_2db547fcb3,C0013
VYOMDEMO0001234567,ORD_VYOM_001216,202609011938048790CFBDE2E90C,420.00,INR,2026-09-01 19:38:04.0,UPI,UPI,Paytm Payments Bank,314493525096725,TXN_SUCCESS,01,Txn Success,USWa0elVJY5Bs4V7uw3FwcthYd3F1vZSo0Be7JCvWzw=,DYNAMIC_QR,cust_b981b6cff8,C0056
VYOMDEMO0001234567,ORD_VYOM_001550,202609011956150A766DE6B07D42,350.00,INR,2026-09-01 19:56:15.0,UPI,UPI,Paytm Payments Bank,163663039447819,TXN_SUCCESS,01,Txn Success,JX4BrjznqSDm5yG28UOfElWC1ep6bz/u1ZIp8LjO7eM=,DYNAMIC_QR,cust_61b01a22c0,C0074
VYOMDEMO0001234567,ORD_VYOM_001117,2026090120465273B387766AD8F7,360.00,INR,2026-09-01 20:46:52.0,UPI,UPI,Paytm Payments Bank,805998033097898,TXN_SUCCESS,01,Txn Success,+rvEQuS2hTaR+pjQLN3qcU6Fo0207DPNIPhxFG9bCLc=,DYNAMIC_QR,cust_daf1fef437,C0051
VYOMDEMO0001234567,ORD_VYOM_000931,20260902090130F2859319AD83AC,300.00,INR,2026-09-02 09:01:30.0,UPI,UPI,Paytm Payments Bank,678146686280934,TXN_SUCCESS,01,Txn Success,Xot5Iy47UajZp7MXGJEV+ezFnf0/8NmAMi5PgjY1pwo=,DYNAMIC_QR,cust_a4d97a4e7d,C0044
VYOMDEMO0001234567,ORD_VYOM_000563,202609020937431A29FE770F912F,350.00,INR,2026-09-02 09:37:43.0,UPI,UPI,Paytm Payments Bank,299819007302326,TXN_SUCCESS,01,Txn Success,jtsB/ff5Se67NMeto5PTe9sfmK5Gf1lEKG1s4cnuxck=,DYNAMIC_QR,cust_a1b51de3dc,C0027
VYOMDEMO0001234567,ORD_VYOM_001310,202609021032578441486611BAD7,300.00,INR,2026-09-02 10:32:57.0,CC,HDFC,HDFC,6801639823607,TXN_SUCCESS,01,Txn Success,YpjCz5xEGZ/maYJvQLuTYHnwHao5kkYNVsmqvxdTq/0=,DYNAMIC_QR,cust_2658be5647,C0060
VYOMDEMO0001234567,ORD_VYOM_000166,202609021033527EA99D75B9C32C,250.00,INR,2026-09-02 10:33:52.0,UPI,UPI,Paytm Payments Bank,648468374045348,TXN_SUCCESS,01,Txn Success,rrYH+OF9n0XJy8F8HVMpmLS0WuMJMVBJ7jI6rCHaqBk=,DYNAMIC_QR,cust_8e84008d36,C0008
VYOMDEMO0001234567,ORD_VYOM_001561,20260902113443E45A2174C60A54,410.00,INR,2026-09-02 11:34:43.0,DC,ICICI,ICICI,795901005538438,TXN_SUCCESS,01,Txn Success,BdM6SLshx6XsuC0xXjo1yMWWQvCGcCnOa7VbTT94puQ=,DYNAMIC_QR,cust_c46ad3a524,C0076
VYOMDEMO0001234567,ORD_VYOM_000727,20260902130004F25983EB7C443D,290.00,INR,2026-09-02 13:00:04.0,DC,ICICI,ICICI,363575675069817,TXN_SUCCESS,01,Txn Success,rmmH7iZPLcXYwXGdUDyD3xAzizRviSCFQGLBUXM0nko=,DYNAMIC_QR,cust_37d415cd87,C0035
VYOMDEMO0001234567,ORD_VYOM_001892,2026090214335236249E48E2D5BA,360.00,INR,2026-09-02 14:33:52.0,UPI,UPI,Paytm Payments Bank,925900732713262,TXN_SUCCESS,01,Txn Success,VGGRxGRbZdcNMaRbji8J957mGReq+bEyyoNvS3D/MW0=,DYNAMIC_QR,cust_e3f7b1e793,C0138
VYOMDEMO0001234567,ORD_VYOM_001555,2026090217001636289B1565612B,140.00,INR,2026-09-02 17:00:16.0,DC,ICICI,ICICI,50325055970984,TXN_SUCCESS,01,Txn Success,Lm2v9x3vqLbRKq2F597mYaFU4pbJQQ2gbW8zIcrSj6E=,DYNAMIC_QR,cust_6a0fae8ba0,C0075
VYOMDEMO0001234567,ORD_VYOM_000485,20260902173221760F8F70823F80,300.00,INR,2026-09-02 17:32:21.0,PPI,WALLET,WALLET,389826963746161,TXN_SUCCESS,01,Txn Success,u4dsUe0/a08GHrMkqCJv/G5K+2a4zBXEzYnP8ztUZpU=,DYNAMIC_QR,cust_6e959f4c64,C0023
VYOMDEMO0001234567,ORD_VYOM_000077,202609021738342DE5227C4EE0BD,450.00,INR,2026-09-02 17:38:34.0,UPI,UPI,Paytm Payments Bank,304395784718749,TXN_SUCCESS,01,Txn Success,LTu+B1/cXn2UqmdZxm0E9wXacoKnxJMzP3tqNpOTXZg=,DYNAMIC_QR,cust_23bc5b213e,C0004
VYOMDEMO0001234567,ORD_VYOM_000967,202609021842395B21784E6C972E,440.00,INR,2026-09-02 18:42:39.0,DC,ICICI,ICICI,918424812739811,TXN_SUCCESS,01,Txn Success,9sWRrTkSg1akugQiQ43SA7L5TEz5EfqoWg3mAPa7RCs=,DYNAMIC_QR,cust_d544bf3b16,C0045
VYOMDEMO0001234567,ORD_VYOM_000354,202609021955406F1884C34B1341,440.00,INR,2026-09-02 19:55:40.0,UPI,UPI,Paytm Payments Bank,357420147208650,TXN_SUCCESS,01,Txn Success,ynC8UOzQP0MScbi5Hbj5mOps+2Fte7Ak0ZJ7RymPxM4=,DYNAMIC_QR,cust_4e741c85b4,C0016
VYOMDEMO0001234567,ORD_VYOM_001083,202609021957207E7FDEB73913A8,390.00,INR,2026-09-02 19:57:20.0,DC,ICICI,ICICI,583193681309715,TXN_SUCCESS,01,Txn Success,13fhTpLResEw7OcPVKFfKj/EFYyl2OX7H7GaAD17iL0=,DYNAMIC_QR,cust_7c85655ba0,C0050
VYOMDEMO0001234567,ORD_VYOM_000837,20260902200050A3A2FF0949F36E,400.00,INR,2026-09-02 20:00:50.0,UPI,UPI,Paytm Payments Bank,991735316661749,TXN_SUCCESS,01,Txn Success,34wwchfnfnfIvOP+s/YjkNrgBzR2Unf9U59WrosG8Mk=,DYNAMIC_QR,cust_8f7c742c92,C0040
VYOMDEMO0001234567,ORD_VYOM_000610,20260902212809FA31BF4E2FAE39,340.00,INR,2026-09-02 21:28:09.0,UPI,UPI,Paytm Payments Bank,568127358147857,TXN_SUCCESS,01,Txn Success,nxRqhPJd+RZn8tQvwb+8r/mHQ4k1okIUt06gKu/A7a4=,DYNAMIC_QR,cust_106abbb9b5,C0029
VYOMDEMO0001234567,ORD_VYOM_000145,20260903090113EB79ABF003FFB7,400.00,INR,2026-09-03 09:01:13.0,DC,ICICI,ICICI,447795661944930,TXN_SUCCESS,01,Txn Success,DOI+RNlQ4AntvoIqKJMYrL120kMgjLao1uUvysMOfQc=,DYNAMIC_QR,cust_eabdbf3bc8,C0007
VYOMDEMO0001234567,ORD_VYOM_001513,202609030922124A9B4E7D5315FC,450.00,INR,2026-09-03 09:22:12.0,UPI,UPI,Paytm Payments Bank,581560423960978,TXN_SUCCESS,01,Txn Success,X6m/Us6u89Pi1XHzIIM9uVmfrsEvxeDYDGBylKNrYkI=,DYNAMIC_QR,cust_196caee96d,C0071
VYOMDEMO0001234567,ORD_VYOM_001623,20260903101005C7B81772B121DC,300.00,INR,2026-09-03 10:10:05.0,DC,ICICI,ICICI,941557206916953,TXN_SUCCESS,01,Txn Success,zX21n/95D5nWAxykJrlHwh9zb3bDv3zymXUr+O4eK4I=,DYNAMIC_QR,cust_51601fff15,C0088
VYOMDEMO0001234567,ORD_VYOM_001742,2026090310150204C52D16D1EE8B,260.00,INR,2026-09-03 10:15:02.0,UPI,UPI,Paytm Payments Bank,290235743063401,TXN_SUCCESS,01,Txn Success,4BCAnTEypYHo0RUswr21wRCYSCBfW1yw2VxIQ3VkWDI=,DYNAMIC_QR,cust_b1e65edfc8,C0111
VYOMDEMO0001234567,ORD_VYOM_001740,20260903123953322A8ABCF23DF0,160.00,INR,2026-09-03 12:39:53.0,UPI,UPI,Paytm Payments Bank,800569481078958,TXN_SUCCESS,01,Txn Success,VPghmen2uPYdiE74kCzkh/7R6oyKmOUk/UK6D9kZLQ8=,DYNAMIC_QR,cust_f474c644c8,C0110
VYOMDEMO0001234567,ORD_VYOM_000097,202609031244254C70B0B186E612,560.00,INR,2026-09-03 12:44:25.0,UPI,UPI,Paytm Payments Bank,481329994327321,TXN_SUCCESS,01,Txn Success,0w9BWp060H2B0GKF2W/o0mHZSieGPqYNPYz2z8lUp38=,DYNAMIC_QR,cust_d97b299d31,C0005
VYOMDEMO0001234567,ORD_VYOM_002018,20260903131853FF8941BD483388,160.00,INR,2026-09-03 13:18:53.0,CC,HDFC,HDFC,223841556299566,TXN_SUCCESS,01,Txn Success,ErZ3e7F7PuEaiRtinqq7nZX5bAnmT8bnWegR+rtX7dk=,DYNAMIC_QR,cust_e008798f73,C0165
VYOMDEMO0001234567,ORD_VYOM_001751,20260903142315431F7733E64EDC,220.00,INR,2026-09-03 14:23:15.0,UPI,UPI,Paytm Payments Bank,591257624336301,TXN_SUCCESS,01,Txn Success,+7vBZ/t3yYAKTl5Mw1qNEM+rcUKojtZ+P+UUGgD+U8o=,DYNAMIC_QR,cust_160019570b,C0112
VYOMDEMO0001234567,ORD_VYOM_001636,202609031701438825D5779784A6,100.00,INR,2026-09-03 17:01:43.0,DC,ICICI,ICICI,822159603212944,TXN_SUCCESS,01,Txn Success,hI8F8Jub2KQ+Au4YWa7gOn13BBuqRWHXb9TY0kvodl4=,DYNAMIC_QR,cust_fb813d4ecf,C0091
VYOMDEMO0001234567,ORD_VYOM_001551,202609031725247CE8747A000E80,280.00,INR,2026-09-03 17:25:24.0,UPI,UPI,Paytm Payments Bank,681014107024828,TXN_SUCCESS,01,Txn Success,S/XsJubLZVKgoI6Pv76+0kCHSZeXz0g7PT9lvXVU/HY=,DYNAMIC_QR,cust_61b01a22c0,C0074
VYOMDEMO0001234567,ORD_VYOM_001482,202609031803315A613A6AE4CBE8,460.00,INR,2026-09-03 18:03:31.0,UPI,UPI,Paytm Payments Bank,648046308848910,TXN_SUCCESS,01,Txn Success,z2T61GDVtdt9cvSO3owO2CyGBjTC0pBd1z1khylNhKw=,DYNAMIC_QR,cust_2775c4cf89,C0069
VYOMDEMO0001234567,ORD_VYOM_000777,20260903182719A727631EDA7117,350.00,INR,2026-09-03 18:27:19.0,UPI,UPI,Paytm Payments Bank,525255242939925,TXN_SUCCESS,01,Txn Success,iipszUu6zFQPAVxegiy/Umh5fQeBorckcBT+DL1r4ms=,DYNAMIC_QR,cust_40b3e01be6,C0038
VYOMDEMO0001234567,ORD_VYOM_001118,20260903184640D6999F31E92977,450.00,INR,2026-09-03 18:46:40.0,UPI,UPI,Paytm Payments Bank,506461788975463,TXN_SUCCESS,01,Txn Success,wkOiC/w1/+1QNu0GcLWGATUuf9Fs0tynrnWwL+Pcbr0=,DYNAMIC_QR,cust_daf1fef437,C0051
VYOMDEMO0001234567,ORD_VYOM_000342,2026090319151596A232A0802FA1,550.00,INR,2026-09-03 19:15:15.0,UPI,UPI,Paytm Payments Bank,546508066610445,TXN_SUCCESS,01,Txn Success,eCliUakoq+Gv9zKeEj6zXjL5qt9oAYvVMJs34a48NM4=,DYNAMIC_QR,cust_240753abf1,C0015
VYOMDEMO0001234567,ORD_VYOM_000261,20260903192714260B4C02B45DD1,200.00,INR,2026-09-03 19:27:14.0,CC,HDFC,HDFC,594500604777277,TXN_SUCCESS,01,Txn Success,xMsvgHE8KOzBeUveBzOHvuzICeV+5vogz2h3OKg/8HI=,DYNAMIC_QR,cust_ca9b9b6adf,C0011
VYOMDEMO0001234567,ORD_VYOM_001689,20260903193348BCFFC26D75F967,340.00,INR,2026-09-03 19:33:48.0,UPI,UPI,Paytm Payments Bank,81612378480293,TXN_SUCCESS,01,Txn Success,dOdEXDDe9EN09w+I9kiUzh33YABzXWnOYY2s/v0M78A=,DYNAMIC_QR,cust_5b4cae3c81,C0101
VYOMDEMO0001234567,ORD_VYOM_000414,2026090320422770BC7C77F25557,360.00,INR,2026-09-03 20:42:27.0,DC,ICICI,ICICI,428820107976471,TXN_SUCCESS,01,Txn Success,2Eu8+seN1Wp3B3c/UJaGfpu/xvwlDuW6ZIQJY9Lashg=,DYNAMIC_QR,cust_7504516d8c,C0019
VYOMDEMO0001234567,ORD_VYOM_000458,20260903204628E078F364FFB120,300.00,INR,2026-09-03 20:46:28.0,DC,ICICI,ICICI,693213009442792,TXN_SUCCESS,01,Txn Success,NDBuaIzj74dolcUXX5otfP4Z9/MIMZ7/pbTbeKaaYzw=,DYNAMIC_QR,cust_c412e8f05c,C0022
VYOMDEMO0001234567,ORD_VYOM_002129,20260904080817D3B69B1766F724,500.00,INR,2026-09-04 08:08:17.0,UPI,UPI,Paytm Payments Bank,122248807157108,TXN_SUCCESS,01,Txn Success,aLC/ofGzqLUkjrsQBy51d3RwAvmWVtFpl02edPqQBXY=,DYNAMIC_QR,cust_7604c83193,C0187
VYOMDEMO0001234567,ORD_VYOM_001965,202609040823036E0118EC544B37,180.00,INR,2026-09-04 08:23:03.0,PPI,WALLET,WALLET,58492139389617,TXN_SUCCESS,01,Txn Success,59mkssiE7d1s4YeOuACed4mMm78sDIgaI0pqauEPuEM=,DYNAMIC_QR,cust_1ec124b86d,C0154
VYOMDEMO0001234567,ORD_VYOM_001367,2026090408230549C25CCA45ED91,250.00,INR,2026-09-04 08:23:05.0,UPI,UPI,Paytm Payments Bank,983990298439554,TXN_SUCCESS,01,Txn Success,627kfH9MD7/knDslom8mxGgCw4r4OJeZwqPFKzbE0XU=,DYNAMIC_QR,cust_2f66dd2f4f,C0062
VYOMDEMO0001234567,ORD_VYOM_001976,2026090409112483B2D08593ADC2,200.00,INR,2026-09-04 09:11:24.0,UPI,UPI,Paytm Payments Bank,476269713419342,TXN_SUCCESS,01,Txn Success,kLUysB6wcfVXqKerzi7VxZBXuInsA0oBwPDU6D0A07Y=,DYNAMIC_QR,cust_e707c1682a,C0157
VYOMDEMO0001234567,ORD_VYOM_002248,202609040911554234EC094DDEC4,150.00,INR,2026-09-04 09:11:55.0,UPI,UPI,Paytm Payments Bank,706282726473364,TXN_SUCCESS,01,Txn Success,a5l9GXLzftXDPDXIPwBWdqmG0gZG+cDvahXqfWIVUi0=,DYNAMIC_QR,cust_b338e2aaf7,C0282
VYOMDEMO0001234567,ORD_VYOM_001070,202609040937097139D54CFF8987,350.00,INR,2026-09-04 09:37:09.0,UPI,UPI,Paytm Payments Bank,292121207398003,TXN_SUCCESS,01,Txn Success,2UCGhVTA9mid0bNPrfOqHd6/k7xvWhUWJhfBkmibfgg=,DYNAMIC_QR,cust_fc7659f04d,C0049
VYOMDEMO0001234567,ORD_VYOM_001698,2026090410103872E899F0C830DD,210.00,INR,2026-09-04 10:10:38.0,UPI,UPI,Paytm Payments Bank,243392958753750,TXN_SUCCESS,01,Txn Success,MsnOBmwtY6gMevhKOHfOZ1VT1Gw1ujfCXZea/0ND47c=,DYNAMIC_QR,cust_e5084e5c52,C0102
VYOMDEMO0001234567,ORD_VYOM_002239,20260904103808CF01D1DC5BA0DC,90.00,INR,2026-09-04 10:38:08.0,DC,ICICI,ICICI,673905079339279,TXN_SUCCESS,01,Txn Success,U2VGpALeRMHKavCXQaBJEe/0mFFbnJVNMIOE9Qo1vsU=,DYNAMIC_QR,cust_184dbcaed1,C0273
VYOMDEMO0001234567,ORD_VYOM_000125,20260904105134AD48838179A8FB,420.00,INR,2026-09-04 10:51:34.0,CC,HDFC,HDFC,514857395318587,TXN_SUCCESS,01,Txn Success,imoPlDvQwaHrzyU54q8tXAKA2GOShNLQ01It6mlXDI4=,DYNAMIC_QR,cust_4b7feffc40,C0006
VYOMDEMO0001234567,ORD_VYOM_000673,20260904155800904BB5755757E7,260.00,INR,2026-09-04 15:58:00.0,UPI,UPI,Paytm Payments Bank,525623514050886,TXN_SUCCESS,01,Txn Success,nIv3QdE6eOjwnwikzcnVxjm3JIhocq6z3Z/G6sOgkNg=,DYNAMIC_QR,cust_a06e38f5f5,C0032
VYOMDEMO0001234567,ORD_VYOM_001241,20260904173612C50F9321B8418B,400.00,INR,2026-09-04 17:36:12.0,PPI,WALLET,WALLET,392526298644660,TXN_SUCCESS,01,Txn Success,/qJEl9dBNeLMJ/InVybs+heGaveg+xyFhs3nrGVb+ps=,DYNAMIC_QR,cust_f249fd9c9c,C0057
VYOMDEMO0001234567,ORD_VYOM_001284,2026090417541469EB3F5DD050B0,440.00,INR,2026-09-04 17:54:14.0,PPI,WALLET,WALLET,895203561245786,TXN_SUCCESS,01,Txn Success,GzDdTPGDmOKd/13ZppykgaNuOEGKoQFkufdoWZUC+0E=,DYNAMIC_QR,cust_4b0cb4e62f,C0059
VYOMDEMO0001234567,ORD_VYOM_002096,202609041910037936E7629D2F9A,290.00,INR,2026-09-04 19:10:03.0,CC,HDFC,HDFC,776450615487603,TXN_FAILURE,810,Payment failed due to a technical error.,rNzzkfsGis6/Voizz4S0bPAGnSr2voTsKe/ccXinqKY=,DYNAMIC_QR,cust_fdf604a395,C0180
VYOMDEMO0001234567,ORD_VYOM_002000,202609041959261CBD0A6E4D5EB5,300.00,INR,2026-09-04 19:59:26.0,UPI,UPI,Paytm Payments Bank,606361138718263,TXN_SUCCESS,01,Txn Success,Wjpb4cK98I+HJxPo9ruyXsRAITCXMUrBo9dbdRjU+XU=,DYNAMIC_QR,cust_3594fc7200,C0162
VYOMDEMO0001234567,ORD_VYOM_000197,20260904203333CF4735E77CBE56,250.00,INR,2026-09-04 20:33:33.0,UPI,UPI,Paytm Payments Bank,224599504789288,TXN_SUCCESS,01,Txn Success,jfMDAZAtnKWIRzeLK+cI0hmUnBYzQoFmIvLDn+GRZac=,DYNAMIC_QR,cust_24551de984,C0009
VYOMDEMO0001234567,ORD_VYOM_001571,20260904203359BB7C637182A1E3,350.00,INR,2026-09-04 20:33:59.0,PPI,WALLET,WALLET,528742408550088,TXN_SUCCESS,01,Txn Success,x0TPl2Ie6oTiynA1A9yQG/kRRBVztRKZyvDQfEM/lYE=,DYNAMIC_QR,cust_e8227b8c5e,C0078
VYOMDEMO0001234567,ORD_VYOM_001184,20260904205922C3F5B5C13B21D6,650.00,INR,2026-09-04 20:59:22.0,DC,ICICI,ICICI,214442335178907,TXN_SUCCESS,01,Txn Success,dEuOAmBJSyo4/GffltaUTXWdVpkjEMM/aMbWRvLn57E=,DYNAMIC_QR,cust_5cd1790ef5,C0054
VYOMDEMO0001234567,ORD_VYOM_001260,20260904212959F7C57E2335D5EA,320.00,INR,2026-09-04 21:29:59.0,PPI,WALLET,WALLET,845122071953499,TXN_SUCCESS,01,Txn Success,20hB3pgji6VRrrimp5qTFv4SkvbJVlL0QwCDQvrTt7o=,DYNAMIC_QR,cust_6b44d63f59,C0058
VYOMDEMO0001234567,ORD_VYOM_000023,202609042135339A9E6D7C9ED6BF,390.00,INR,2026-09-04 21:35:33.0,UPI,UPI,Paytm Payments Bank,159270305149662,TXN_SUCCESS,01,Txn Success,gBTHxAvR9W1fTP5xTdZteVNgcSbFhxLbeL8WR4shslk=,DYNAMIC_QR,cust_669ee76164,C0002
VYOMDEMO0001234567,ORD_VYOM_001514,20260905080027B718221EC6B484,340.00,INR,2026-09-05 08:00:27.0,UPI,UPI,Paytm Payments Bank,64209356383969,TXN_SUCCESS,01,Txn Success,tRdwVYy8tvRUQl/by3p1tS9UtqjkWl5Q5TvbQwOH9KQ=,DYNAMIC_QR,cust_196caee96d,C0071
VYOMDEMO0001234567,ORD_VYOM_001811,202609051003054CD11BEFF61BFC,190.00,INR,2026-09-05 10:03:05.0,PPI,WALLET,WALLET,875222449385523,TXN_SUCCESS,01,Txn Success,14LQ1qLlc0dDBQBo/7OXymmOA3KJsOhdWmIMPc9CgH8=,DYNAMIC_QR,cust_35506736a0,C0124
VYOMDEMO0001234567,ORD_VYOM_001760,20260905115903BE273AB5FCEF13,480.00,INR,2026-09-05 11:59:03.0,UPI,UPI,Paytm Payments Bank,951562536352316,TXN_SUCCESS,01,Txn Success,oOwbhXnEd9U0exNI9wRemNM2zU9P3+MblBePWE6KmPY=,DYNAMIC_QR,cust_2454d761f6,C0113
VYOMDEMO0001234567,ORD_VYOM_001006,20260905151440C8FE94835D6C46,550.00,INR,2026-09-05 15:14:40.0,UPI,UPI,Paytm Payments Bank,10379790739351,TXN_SUCCESS,01,Txn Success,H/66vT9y5hKHu6+ahuoAwfvUslNTjNdn/aTufK68l2w=,DYNAMIC_QR,cust_f966ed1ab1,C0047
VYOMDEMO0001234567,ORD_VYOM_000078,202609051557438FB9EB45988656,480.00,INR,2026-09-05 15:57:43.0,DC,ICICI,ICICI,246549044473056,TXN_SUCCESS,01,Txn Success,/NwnJEDPOjlPljKNOZk5ytNbFmaOdiSG6ZssLvGXkkI=,DYNAMIC_QR,cust_23bc5b213e,C0004
VYOMDEMO0001234567,ORD_VYOM_001368,202609051620476BD594229323A1,300.00,INR,2026-09-05 16:20:47.0,UPI,UPI,Paytm Payments Bank,164661665948498,TXN_SUCCESS,01,Txn Success,sVUTKeUUQIwGDphUTX5RSW9wBCOkm3znF+BQpeQIbuQ=,DYNAMIC_QR,cust_2f66dd2f4f,C0062
VYOMDEMO0001234567,ORD_VYOM_001342,202609051818100208D595781F09,310.00,INR,2026-09-05 18:18:10.0,UPI,UPI,Paytm Payments Bank,53063587370677,TXN_SUCCESS,01,Txn Success,e1XB0r6kPtitLLikyuw++RhO9KlpaZYHC//cIL/CQ9Y=,DYNAMIC_QR,cust_33de551bb3,C0061
VYOMDEMO0001234567,ORD_VYOM_001132,20260905183234A2CCDF4484EB19,320.00,INR,2026-09-05 18:32:34.0,CC,HDFC,HDFC,583951629799437,TXN_SUCCESS,01,Txn Success,dowyuY8DWPm9cY3p8VsU8cvu4NwaxapXpFd0KuGNyX4=,DYNAMIC_QR,cust_009f929355,C0052
VYOMDEMO0001234567,ORD_VYOM_000542,202609051903556713A65F11F74F,400.00,INR,2026-09-05 19:03:55.0,DC,ICICI,ICICI,143108735034616,TXN_SUCCESS,01,Txn Success,t2FEZSYiSkofbnkQuH2F8rnECJYgGkRMTYBHaByBfBo=,DYNAMIC_QR,cust_41941dbbd4,C0026
VYOMDEMO0001234567,ORD_VYOM_000579,20260905200501187667DE379B05,450.00,INR,2026-09-05 20:05:01.0,UPI,UPI,Paytm Payments Bank,144258488891797,TXN_SUCCESS,01,Txn Success,uNQfidxnPw04RB1cb+S1AoP1NR65sb9ISd9t0BCOQzc=,DYNAMIC_QR,cust_99e98f2292,C0028
VYOMDEMO0001234567,ORD_VYOM_000399,20260905200559CEC5EDE48C9560,200.00,INR,2026-09-05 20:05:59.0,UPI,UPI,Paytm Payments Bank,206773704678010,TXN_SUCCESS,01,Txn Success,S2xI50l8085zSxUPXOCvdupM20rOMQRajkJDPxGoLvQ=,DYNAMIC_QR,cust_1758aa28d3,C0018
VYOMDEMO0001234567,ORD_VYOM_000860,20260905204127FAEDEEEFC03B17,400.00,INR,2026-09-05 20:41:27.0,UPI,UPI,Paytm Payments Bank,390135092806201,TXN_SUCCESS,01,Txn Success,F5+p9ubl/E+WbCFEYsscmyxEwj1WyrR+Ew4ERhZPVUo=,DYNAMIC_QR,cust_d212ee719a,C0041
VYOMDEMO0001234567,ORD_VYOM_001502,20260905211958FBFACEBBBC667D,340.00,INR,2026-09-05 21:19:58.0,UPI,UPI,Paytm Payments Bank,104085708582364,TXN_SUCCESS,01,Txn Success,7U8MHKBUHEeMPqFXsFeAYLLtFz8LsYXutvEv5DO5COg=,DYNAMIC_QR,cust_6549be84fc,C0070
VYOMDEMO0001234567,ORD_VYOM_000685,20260905212316C4D6F7D1113881,260.00,INR,2026-09-05 21:23:16.0,UPI,UPI,Paytm Payments Bank,407538114902525,PENDING,400,Transaction is pending confirmation.,j9PYdjcSfZ0DfYzPnNCAn40EO2QxO9DGjbgymEchnQ8=,DYNAMIC_QR,cust_e87a5633d4,C0033
VYOMDEMO0001234567,ORD_VYOM_001537,20260905213442325A977B25E5FC,200.00,INR,2026-09-05 21:34:42.0,UPI,UPI,Paytm Payments Bank,183306140026100,TXN_SUCCESS,01,Txn Success,8+cqTDMI7EsB16PTr6Kri7XMgVpbB/5GWB7lxkv+SfQ=,DYNAMIC_QR,cust_da25303e2b,C0073
VYOMDEMO0001234567,ORD_VYOM_002173,20260906080753D08C5B2C153C34,170.00,INR,2026-09-06 08:07:53.0,UPI,UPI,Paytm Payments Bank,29504324594670,TXN_SUCCESS,01,Txn Success,JjaTfKBOMwR6/ifUooOlL9BsE3syZ6oRNJjeaxQ4kkY=,DYNAMIC_QR,cust_b6fc424764,C0207
VYOMDEMO0001234567,ORD_VYOM_001962,20260906085711CEB24C613073C7,300.00,INR,2026-09-06 08:57:11.0,CC,HDFC,HDFC,907047136697879,TXN_SUCCESS,01,Txn Success,C2Enk5ncNfs58XI6BbPU48M2ZjB4PY42fB9lWfJgpUQ=,DYNAMIC_QR,cust_ce8fdf862c,C0153
VYOMDEMO0001234567,ORD_VYOM_000047,2026090609052271D09D8E5DFA10,260.00,INR,2026-09-06 09:05:22.0,UPI,UPI,Paytm Payments Bank,395134648237578,TXN_SUCCESS,01,Txn Success,f1xpLFV1sjAKldhpBkWHM9uBzjheycSsyYdU0OWOBWs=,DYNAMIC_QR,cust_c4796bc897,C0003
VYOMDEMO0001234567,ORD_VYOM_001804,20260906091824D1C677371CA937,100.00,INR,2026-09-06 09:18:24.0,CC,HDFC,HDFC,745668388889649,TXN_SUCCESS,01,Txn Success,94znSFQRehMRkPHm4hiUGt1Dh5RJI20lKlawN/N3AoY=,DYNAMIC_QR,cust_976835e55f,C0122
VYOMDEMO0001234567,ORD_VYOM_000874,20260906092410925B5EAB733128,340.00,INR,2026-09-06 09:24:10.0,UPI,UPI,Paytm Payments Bank,431428457569389,TXN_SUCCESS,01,Txn Success,Ocb8aq4DVF9XCOK9IgCz6doCE+5TkNmHSy9LVzhJGzY=,DYNAMIC_QR,cust_e2d64a5dd5,C0042
VYOMDEMO0001234567,ORD_VYOM_000705,20260906093606BDB0EB724AEEAA,200.00,INR,2026-09-06 09:36:06.0,UPI,UPI,Paytm Payments Bank,264712143047800,TXN_SUCCESS,01,Txn Success,lErYYb++M0z41+GNMvKP5vudKDVqMMhndpub+f3HgEo=,DYNAMIC_QR,cust_d4aeae392b,C0034
VYOMDEMO0001234567,ORD_VYOM_001798,2026090609382921E0EEE6A0D84C,250.00,INR,2026-09-06 09:38:29.0,UPI,UPI,Paytm Payments Bank,105134450036196,TXN_SUCCESS,01,Txn Success,nnRR8AC4yELdE/DvYlHSpWEhFrZN4MPRFWrNJjwMbIk=,DYNAMIC_QR,cust_d1e31bd680,C0120
VYOMDEMO0001234567,ORD_VYOM_000522,202609060942312AFD6BD1B4E2DD,280.00,INR,2026-09-06 09:42:31.0,UPI,UPI,Paytm Payments Bank,609023282396658,TXN_SUCCESS,01,Txn Success,NUfCk8lZy+PDw6J6X53zTMfvpzttZYclEBcfMPU37zk=,DYNAMIC_QR,cust_f28cbf1be8,C0025
VYOMDEMO0001234567,ORD_VYOM_000343,20260906112022BE1A26718745C9,450.00,INR,2026-09-06 11:20:22.0,CC,HDFC,HDFC,246971822488010,TXN_SUCCESS,01,Txn Success,omQPd2HAdqBnnI53q2i9ZGshnt8RScJ7/fXrMDAvnyc=,DYNAMIC_QR,cust_240753abf1,C0015
VYOMDEMO0001234567,ORD_VYOM_001592,202609061235038ACA803D68A14B,250.00,INR,2026-09-06 12:35:03.0,UPI,UPI,Paytm Payments Bank,729415120650506,TXN_SUCCESS,01,Txn Success,nXaTU0jGSsEMcKedeuGxtAt4sHf18GDkblb75yJgY7Y=,DYNAMIC_QR,cust_72f28a419b,C0082
VYOMDEMO0001234567,ORD_VYOM_000305,202609061315103A402850F156AF,250.00,INR,2026-09-06 13:15:10.0,UPI,UPI,Paytm Payments Bank,452342179532374,TXN_SUCCESS,01,Txn Success,6FnFr+/N/nSmDZEyKjUSuCIxKJ69kqrYABjjerJgK4g=,DYNAMIC_QR,cust_2db547fcb3,C0013
VYOMDEMO0001234567,ORD_VYOM_001673,2026090614475630860E1D994083,280.00,INR,2026-09-06 14:47:56.0,DC,ICICI,ICICI,926051860069764,TXN_SUCCESS,01,Txn Success,JSLawl0QTa8kmnzhlxTH/LKnogCfqbsBUtcVBiLNUyc=,DYNAMIC_QR,cust_727cd2c5c9,C0098
VYOMDEMO0001234567,ORD_VYOM_002117,20260906154709830338B59A150A,460.00,INR,2026-09-06 15:47:09.0,DC,ICICI,ICICI,933160887755313,TXN_FAILURE,227,Your payment has been declined by your bank.,pJsgKoZGHlaGCbz5/Zpsi6p+cmGky176nI99thiLx+Q=,DYNAMIC_QR,cust_f97bf57005,C0185
VYOMDEMO0001234567,ORD_VYOM_000222,20260906160450E7C634A0A811DC,450.00,INR,2026-09-06 16:04:50.0,UPI,UPI,Paytm Payments Bank,412537670333902,TXN_SUCCESS,01,Txn Success,MpksdDl2fEfl+oZBvBLtvk6d8vXtTQz1UsQKZe5LQt0=,DYNAMIC_QR,cust_785ff6e6b2,C0010
VYOMDEMO0001234567,ORD_VYOM_000778,202609061625520967395B3E341E,300.00,INR,2026-09-06 16:25:52.0,UPI,UPI,Paytm Payments Bank,644618572471152,TXN_SUCCESS,01,Txn Success,O/dIQGgU+uivXx+1gX2ENczQhL2i5ZnTSh0i/Yja3KA=,DYNAMIC_QR,cust_40b3e01be6,C0038
VYOMDEMO0001234567,ORD_VYOM_000763,202609061629206058313EBC9B60,160.00,INR,2026-09-06 16:29:20.0,CC,HDFC,HDFC,754637900604229,TXN_SUCCESS,01,Txn Success,KJARaReAJnS2EtBJNv4niUt8ZLNcA9dWbM1tM4Mre6c=,DYNAMIC_QR,cust_9a8d00481d,C0037
VYOMDEMO0001234567,ORD_VYOM_001435,2026090618020415CB460189655C,400.00,INR,2026-09-06 18:02:04.0,CC,HDFC,HDFC,916354659694441,TXN_SUCCESS,01,Txn Success,fQ+9HIrNeQDZ3x/Cg/SC1wtoP/1jt2hw0MI0/LCRfL4=,DYNAMIC_QR,cust_1dc57b77e4,C0066
VYOMDEMO0001234567,ORD_VYOM_000564,20260906194313AC0E0A1B589EFB,280.00,INR,2026-09-06 19:43:13.0,UPI,UPI,Paytm Payments Bank,241972267056633,TXN_SUCCESS,01,Txn Success,7HydJ9nWX8Qy6NziyBAkZGR0SnIieUp+FdPhnDK8f5o=,DYNAMIC_QR,cust_a1b51de3dc,C0027
VYOMDEMO0001234567,ORD_VYOM_001615,20260906195306E7DB3C9EBFA95F,200.00,INR,2026-09-06 19:53:06.0,UPI,UPI,Paytm Payments Bank,621486891112526,TXN_SUCCESS,01,Txn Success,dL33S1BCoi4D6vfjfInaMwIH8aTJmnOgijk45VXlHvY=,DYNAMIC_QR,cust_e457527155,C0086
VYOMDEMO0001234567,ORD_VYOM_000986,20260906195905065B2FCDDFC648,300.00,INR,2026-09-06 19:59:05.0,DC,ICICI,ICICI,153205762594076,TXN_SUCCESS,01,Txn Success,yvgx5/t4B4VIkpairCLN5/W4NTVj260LGdf4lQsVCnk=,DYNAMIC_QR,cust_3433633783,C0046
VYOMDEMO0001234567,ORD_VYOM_001566,20260906200725ACF2D72E189D91,350.00,INR,2026-09-06 20:07:25.0,CC,HDFC,HDFC,841013199228327,TXN_SUCCESS,01,Txn Success,5kQLAjpzn17e/nhtqhWnChVm8PHe02zZyj0N83Uk/SA=,DYNAMIC_QR,cust_4266a809e4,C0077
VYOMDEMO0001234567,ORD_VYOM_000167,20260906202335BDD79E45586C4B,230.00,INR,2026-09-06 20:23:35.0,UPI,UPI,Paytm Payments Bank,529105044514121,TXN_SUCCESS,01,Txn Success,LPd1JGj01FMX34g0pWBWhMJ5ibLnq71hWgYT9tIirCU=,DYNAMIC_QR,cust_8e84008d36,C0008
VYOMDEMO0001234567,ORD_VYOM_001154,20260906203455FE29393C9EFE5F,300.00,INR,2026-09-06 20:34:55.0,UPI,UPI,Paytm Payments Bank,485088097777420,TXN_SUCCESS,01,Txn Success,cSygQ1+uC9ja5IY/j6GqaJlQOETXA/UFzMzUV9H409c=,DYNAMIC_QR,cust_82cd81d65f,C0053
VYOMDEMO0001234567,ORD_VYOM_000838,20260906205210012987D0170BAB,360.00,INR,2026-09-06 20:52:10.0,UPI,UPI,Paytm Payments Bank,452802148767432,TXN_SUCCESS,01,Txn Success,Oasq83q5FmReoMTA+2UH71QzPtOLfZoPyyHyzWxGzJ4=,DYNAMIC_QR,cust_8f7c742c92,C0040
VYOMDEMO0001234567,ORD_VYOM_001217,202609062115258E8F9055AF1B49,440.00,INR,2026-09-06 21:15:25.0,UPI,UPI,Paytm Payments Bank,797142457519716,TXN_SUCCESS,01,Txn Success,yh3bozw5zfPC4Anydr1Om0Mx1kVYojAqwqK/KzLFGyE=,DYNAMIC_QR,cust_b981b6cff8,C0056
VYOMDEMO0001234567,ORD_VYOM_000277,20260906213630E0449C91710080,400.00,INR,2026-09-06 21:36:30.0,DC,ICICI,ICICI,418814778541108,TXN_SUCCESS,01,Txn Success,DkxeUnmC/nbHp15HeD1t53WlqYU37d78Nx4mDPHAtbk=,DYNAMIC_QR,cust_679aa0bd53,C0012
VYOMDEMO0001234567,ORD_VYOM_001042,20260906214207616164BF176302,320.00,INR,2026-09-06 21:42:07.0,PPI,WALLET,WALLET,249549199433433,TXN_SUCCESS,01,Txn Success,4jefnwLkoOKabnMSCsgJFMnRW4LZY8NCd2AQjwi3CSE=,DYNAMIC_QR,cust_c3657372a9,C0048
VYOMDEMO0001234567,ORD_VYOM_000499,2026090708202907634F50974400,360.00,INR,2026-09-07 08:20:29.0,UPI,UPI,Paytm Payments Bank,499155794438599,TXN_SUCCESS,01,Txn Success,fDM8w9eem3sHcwEkn3eZiApnAbpLAQhsjxQG4vQqJRg=,DYNAMIC_QR,cust_ecaca9bcdb,C0024
VYOMDEMO0001234567,ORD_VYOM_000611,20260907090325CFCE6ABF1B15E5,180.00,INR,2026-09-07 09:03:25.0,PPI,WALLET,WALLET,510280617902164,TXN_SUCCESS,01,Txn Success,b54rl8rZg95b3rnMoGeqBl656Seday3fhxCmYy7vUJo=,DYNAMIC_QR,cust_106abbb9b5,C0029
VYOMDEMO0001234567,ORD_VYOM_001203,202609070911465EE2CBD82AB58E,300.00,INR,2026-09-07 09:11:46.0,PPI,WALLET,WALLET,91840300665044,TXN_SUCCESS,01,Txn Success,+KFDo9+BXlvR/qA/a/tLvGVEQ5+cmW3PKQN6u6f8pbg=,DYNAMIC_QR,cust_4b274e83b3,C0055
VYOMDEMO0001234567,ORD_VYOM_000738,20260907091538BE208F7E075B41,260.00,INR,2026-09-07 09:15:38.0,UPI,UPI,Paytm Payments Bank,253127350349177,TXN_SUCCESS,01,Txn Success,Q5ZdFpAYpi7rm5om+D6esclfa91Kms6gNhlFCAnOmes=,DYNAMIC_QR,cust_99835ad417,C0036
VYOMDEMO0001234567,ORD_VYOM_000459,20260907091547FC64D453A9A12A,280.00,INR,2026-09-07 09:15:47.0,DC,ICICI,ICICI,393676765320357,TXN_SUCCESS,01,Txn Success,anPwUh951D/Ew1u0A347NfZIg3b09zeYjjmyRtxRmeY=,DYNAMIC_QR,cust_c412e8f05c,C0022
VYOMDEMO0001234567,ORD_VYOM_001261,20260907095231F43ABB1B5AD23C,220.00,INR,2026-09-07 09:52:31.0,CC,HDFC,HDFC,249700326789935,PENDING,400,Transaction is pending confirmation.,B2nTHPbsd9cMbY3fmaVKDElrd5fwubfpyfqIALyf9Q0=,DYNAMIC_QR,cust_6b44d63f59,C0058
VYOMDEMO0001234567,ORD_VYOM_001461,20260907095323EEFBC0DB37673B,400.00,INR,2026-09-07 09:53:23.0,PPI,WALLET,WALLET,804756581116620,TXN_SUCCESS,01,Txn Success,8IQYUrSWS/NyxqzlOsqLOw8JERxz0SwehYQfIR6otF8=,DYNAMIC_QR,cust_f5144e6e67,C0068
VYOMDEMO0001234567,ORD_VYOM_000968,202609071010221F7E860CAB502F,200.00,INR,2026-09-07 10:10:22.0,UPI,UPI,Paytm Payments Bank,676996932423753,TXN_SUCCESS,01,Txn Success,SFIXtylwCG4zWCUigkn7KCblULubr3jB9OesH4C6gqQ=,DYNAMIC_QR,cust_d544bf3b16,C0045
VYOMDEMO0001234567,ORD_VYOM_001311,20260907110936EE014BD04DE939,320.00,INR,2026-09-07 11:09:36.0,UPI,UPI,Paytm Payments Bank,617908740196782,TXN_FAILURE,810,Payment failed due to a technical error.,2bXBK3XGnRzqpM/J7q4m+8742iK8lCICeNVf8UtfW5I=,DYNAMIC_QR,cust_2658be5647,C0060
VYOMDEMO0001234567,ORD_VYOM_000809,20260907120706AE106207D62E70,360.00,INR,2026-09-07 12:07:06.0,UPI,UPI,Paytm Payments Bank,571517190486995,TXN_SUCCESS,01,Txn Success,D1wuaQZjoNFxsUZOh6Slfr6+oz/mXhcREancSk48RTk=,DYNAMIC_QR,cust_0b348a9dd1,C0039
VYOMDEMO0001234567,ORD_VYOM_000024,20260907142305F62BD489573EBC,170.00,INR,2026-09-07 14:23:05.0,UPI,UPI,Paytm Payments Bank,285267160279519,TXN_SUCCESS,01,Txn Success,cZvCyFywhBci0ddeh7Qu/uwDq86zNXIoFBf9Y2a0cSA=,DYNAMIC_QR,cust_669ee76164,C0002
VYOMDEMO0001234567,ORD_VYOM_001600,20260907161537FDF0A6BB5E258F,350.00,INR,2026-09-07 16:15:37.0,UPI,UPI,Paytm Payments Bank,703946027538898,TXN_SUCCESS,01,Txn Success,ToxCTvjr6jIHyUemNEiD9w5s8KfQ2bumU77I1zXGWUA=,DYNAMIC_QR,cust_8d0c9a7d85,C0083
VYOMDEMO0001234567,ORD_VYOM_000900,20260907161546B3874186FC2BC7,340.00,INR,2026-09-07 16:15:46.0,PPI,WALLET,WALLET,744632571168866,TXN_SUCCESS,01,Txn Success,sEUJ1Fyf2fNcfUSBq9uYsoXm/xDaAbA+Zm6EJQzRjYg=,DYNAMIC_QR,cust_20281afbd7,C0043
VYOMDEMO0001234567,ORD_VYOM_001640,20260907162146505A44100E11AE,340.00,INR,2026-09-07 16:21:46.0,UPI,UPI,Paytm Payments Bank,809425056657140,TXN_SUCCESS,01,Txn Success,n4UpVK7l2x7DMfUF20vqa3q0e5GU2F6/uxT/AyiGrX4=,DYNAMIC_QR,cust_05e9cc6642,C0093
VYOMDEMO0001234567,ORD_VYOM_000839,20260907180701F07EA56DD0FF39,300.00,INR,2026-09-07 18:07:01.0,UPI,UPI,Paytm Payments Bank,233424820538491,TXN_SUCCESS,01,Txn Success,baDmHFXBKaJYQZqc4KyqbI8VwPolpP+AdnMmMAzQzVA=,DYNAMIC_QR,cust_8f7c742c92,C0040
VYOMDEMO0001234567,ORD_VYOM_001155,202609071911441854D8ED6520B5,550.00,INR,2026-09-07 19:11:44.0,PPI,WALLET,WALLET,505312035118282,TXN_SUCCESS,01,Txn Success,cnpSE/LKO06SWgivgGqGgc5cGnovBF3f+C0QCfdxwdw=,DYNAMIC_QR,cust_82cd81d65f,C0053
VYOMDEMO0001234567,ORD_VYOM_001071,20260907192136A59CAC80AD319C,350.00,INR,2026-09-07 19:21:36.0,PPI,WALLET,WALLET,774770139820994,TXN_SUCCESS,01,Txn Success,WzwnXmNbTcBaNeRUKIHLMF12nJzaRLS0QHTZtyHzllw=,DYNAMIC_QR,cust_fc7659f04d,C0049
VYOMDEMO0001234567,ORD_VYOM_000632,20260907193541A32EA08108D1EF,310.00,INR,2026-09-07 19:35:41.0,PPI,WALLET,WALLET,666990890169874,TXN_SUCCESS,01,Txn Success,G7hBPQNhcCV/d+R9buitHlynDfCg1XgTPr53E9/oRn4=,DYNAMIC_QR,cust_9138b9325b,C0030
VYOMDEMO0001234567,ORD_VYOM_000355,202609072021284D9111ABF47CF8,220.00,INR,2026-09-07 20:21:28.0,PPI,WALLET,WALLET,415266887454343,TXN_SUCCESS,01,Txn Success,hZ7tXn76E0vJksRnA/uM66U/6g050J4g5RZDKtzqUfU=,DYNAMIC_QR,cust_4e741c85b4,C0016
VYOMDEMO0001234567,ORD_VYOM_001898,20260907205228B642587B458D04,300.00,INR,2026-09-07 20:52:28.0,UPI,UPI,Paytm Payments Bank,811063949152805,TXN_SUCCESS,01,Txn Success,Xly51d4F/oBzJBBxRs7RkLFX6lfWlOkiAU5n5LQpix8=,DYNAMIC_QR,cust_cf73c539db,C0140
VYOMDEMO0001234567,ORD_VYOM_001584,20260907205835AFDC626A90F533,220.00,INR,2026-09-07 20:58:35.0,UPI,UPI,Paytm Payments Bank,451614490871631,TXN_SUCCESS,01,Txn Success,3Pd/vmrpGqpLr+xpIIn1/akEz4GMqIN9dRzlBkFOY7c=,DYNAMIC_QR,cust_caabbd1275,C0080
VYOMDEMO0001234567,ORD_VYOM_000098,202609072109348B54FFFE1E1884,440.00,INR,2026-09-07 21:09:34.0,UPI,UPI,Paytm Payments Bank,461106056986459,TXN_SUCCESS,01,Txn Success,/YCsW6l790iBCjR4rxsd1g5Nxwfp8oBP7+IRozsWyRA=,DYNAMIC_QR,cust_d97b299d31,C0005
VYOMDEMO0001234567,ORD_VYOM_000486,2026090721214471A725808FDD1C,240.00,INR,2026-09-07 21:21:44.0,CC,HDFC,HDFC,479512693860318,TXN_SUCCESS,01,Txn Success,Rf4yqNBYvbQq+Bj4Nc1QbXV4q6hnUmyZQfmJoI21ZHM=,DYNAMIC_QR,cust_6e959f4c64,C0023
VYOMDEMO0001234567,ORD_VYOM_000324,20260908083641209E6115FBA948,360.00,INR,2026-09-08 08:36:41.0,PPI,WALLET,WALLET,481752772342275,TXN_SUCCESS,01,Txn Success,gjqbdLBxJGBrN6hhdG4ho0l9QuKTIXp3+iweAC+sTXs=,DYNAMIC_QR,cust_1ae6b5d45e,C0014
VYOMDEMO0001234567,ORD_VYOM_000198,202609081043416BAE6105B320C7,200.00,INR,2026-09-08 10:43:41.0,DC,ICICI,ICICI,602206426498278,TXN_SUCCESS,01,Txn Success,ULsokCdt9C4zI/xiwtbtpdK2Xaja997UbYBqhuv1ADA=,DYNAMIC_QR,cust_24551de984,C0009
VYOMDEMO0001234567,ORD_VYOM_001872,2026090811442561CC7A9C73FBA6,350.00,INR,2026-09-08 11:44:25.0,CC,HDFC,HDFC,66040959407080,TXN_SUCCESS,01,Txn Success,5KZawRdEoRa/uHCdxOO0S7p0+ccMgZFd3vaAkBqN0yk=,DYNAMIC_QR,cust_13c73423f8,C0135
VYOMDEMO0001234567,ORD_VYOM_002063,2026090812131491A7DE624479C2,350.00,INR,2026-09-08 12:13:14.0,CC,HDFC,HDFC,956038301365390,TXN_SUCCESS,01,Txn Success,zhZFTBxUSwLGZ1cmFPJrzWFmRhSq2NcT8105gBVvGxM=,DYNAMIC_QR,cust_4d15446b2c,C0173
VYOMDEMO0001234567,ORD_VYOM_001664,20260908141345C38A1667A963B8,250.00,INR,2026-09-08 14:13:45.0,UPI,UPI,Paytm Payments Bank,955441507329938,TXN_SUCCESS,01,Txn Success,bEkNFTuC9Ar1sgN6tCJpnJl0wkHIDJZO4fnkdpOE74Q=,DYNAMIC_QR,cust_ada5a925e9,C0097
VYOMDEMO0001234567,ORD_VYOM_000932,20260908143221FD9731CE38A3D6,260.00,INR,2026-09-08 14:32:21.0,UPI,UPI,Paytm Payments Bank,470505278107118,TXN_SUCCESS,01,Txn Success,wrFPXxFOYaPqvq7pI1YU1buitt4sgMtZLFNNM7bUnyI=,DYNAMIC_QR,cust_a4d97a4e7d,C0044
VYOMDEMO0001234567,ORD_VYOM_001578,202609081506071F8E3DA1E0E295,180.00,INR,2026-09-08 15:06:07.0,DC,ICICI,ICICI,622636644969707,TXN_SUCCESS,01,Txn Success,8/FS4ZHyrE+yCC45QvX+VtH3LWsHJVepHprGBEd2Js4=,DYNAMIC_QR,cust_0f60f6842b,C0079
VYOMDEMO0001234567,ORD_VYOM_000379,20260908164413CE022CE863EAB0,350.00,INR,2026-09-08 16:44:13.0,UPI,UPI,Paytm Payments Bank,349599676532735,TXN_SUCCESS,01,Txn Success,6Mxk3scOIGJTZDTFIPh31QyrhByjcdQLTHm4/hyuJoA=,DYNAMIC_QR,cust_8fe3b75ae8,C0017
VYOMDEMO0001234567,ORD_VYOM_000262,202609081948536DFB5B586AEFA1,300.00,INR,2026-09-08 19:48:53.0,UPI,UPI,Paytm Payments Bank,554151359610775,TXN_SUCCESS,01,Txn Success,gLCsMLO6V2F0Ms0RX8pbvJ33+y19TiNRpjK0a9TXvl4=,DYNAMIC_QR,cust_ca9b9b6adf,C0011
VYOMDEMO0001234567,ORD_VYOM_002115,20260908211734AD6C1372FC5E7D,280.00,INR,2026-09-08 21:17:34.0,DC,ICICI,ICICI,157644336387046,TXN_FAILURE,227,Your payment has been declined by your bank.,iRm8ak7EqwzZQYbg4O625PXX0cp/Xl0XQCZl4TJC5RA=,DYNAMIC_QR,cust_d086bba453,C0184
VYOMDEMO0001234567,ORD_VYOM_001242,202609082147167B25C915E5349F,300.00,INR,2026-09-08 21:47:16.0,UPI,UPI,Paytm Payments Bank,985080623064330,TXN_SUCCESS,01,Txn Success,HUvmaBcelpgkTSGjCifoIWLZD2QKfRjAd6nyJQ06C6g=,DYNAMIC_QR,cust_f249fd9c9c,C0057
VYOMDEMO0001234567,ORD_VYOM_001718,20260909082937438F5FA64557EA,260.00,INR,2026-09-09 08:29:37.0,UPI,UPI,Paytm Payments Bank,638141991816896,TXN_SUCCESS,01,Txn Success,BQyHJCc3JYcnolcXgasz5dAlWnMyj7EA22A6hKL64IE=,DYNAMIC_QR,cust_8426b31243,C0106
VYOMDEMO0001234567,ORD_VYOM_001656,2026090908511988AD3BF66108F2,80.00,INR,2026-09-09 08:51:19.0,PPI,WALLET,WALLET,929972414218330,TXN_SUCCESS,01,Txn Success,G/Ild/rFB5tjcpJ9W8r1/juScbs43U3S8Hv8RVocI9k=,DYNAMIC_QR,cust_2eabcb6f32,C0095
VYOMDEMO0001234567,ORD_VYOM_000011,202609091001253B86EE1C123FC1,180.00,INR,2026-09-09 10:01:25.0,CC,HDFC,HDFC,416508339435621,TXN_SUCCESS,01,Txn Success,5KP1QvQvnEN4WhuSc9vNKU2b06a8Z0W6h5vAGhWejGg=,DYNAMIC_QR,cust_639130ba19,C0001
VYOMDEMO0001234567,ORD_VYOM_001515,2026090910181766975C98F6635F,320.00,INR,2026-09-09 10:18:17.0,UPI,UPI,Paytm Payments Bank,84442608004083,TXN_FAILURE,411,Invalid Amount sent to Paytm,y9CuJD2rDMR5XYNgt9myBl+x0p28i7/bRq/kJlnaxg4=,DYNAMIC_QR,cust_196caee96d,C0071
VYOMDEMO0001234567,ORD_VYOM_002080,20260909104855555479C297AE58,250.00,INR,2026-09-09 10:48:55.0,DC,ICICI,ICICI,812062575653484,TXN_SUCCESS,01,Txn Success,gXhJEnL0atkx2FVx9kLbMFiLEqzhKtvR4w2Fr9U1LqQ=,DYNAMIC_QR,cust_fbcdb6d917,C0178
VYOMDEMO0001234567,ORD_VYOM_001369,20260909105243BB28D399A2420E,300.00,INR,2026-09-09 10:52:43.0,UPI,UPI,Paytm Payments Bank,106814925702805,TXN_SUCCESS,01,Txn Success,wGvsvHvx+NPxDUlGHF+Ok7OHspYb5CViv1BZWEBIcrA=,DYNAMIC_QR,cust_2f66dd2f4f,C0062
VYOMDEMO0001234567,ORD_VYOM_001649,20260909112924F76CD2EF4B847C,200.00,INR,2026-09-09 11:29:24.0,UPI,UPI,Paytm Payments Bank,53155285494774,TXN_SUCCESS,01,Txn Success,GMRRqNZNwD+MbqidnUvolLykp6oZm/gk4TNqPGdgIbw=,DYNAMIC_QR,cust_3e84afa8ec,C0094
VYOMDEMO0001234567,ORD_VYOM_001935,20260909112946E84B3C35D48905,180.00,INR,2026-09-09 11:29:46.0,UPI,UPI,Paytm Payments Bank,934159514255992,TXN_SUCCESS,01,Txn Success,DqDVrhjkwhHKwPhPHiewTs7Le962GcV2N5uNZhDE9to=,DYNAMIC_QR,cust_84f1d1e80b,C0149
VYOMDEMO0001234567,ORD_VYOM_001119,202609091201116B32F95605C210,350.00,INR,2026-09-09 12:01:11.0,UPI,UPI,Paytm Payments Bank,284807191044461,TXN_SUCCESS,01,Txn Success,ppupB+whleNPU+gLy7tOkZAWL+GWvABplDZqqozxxh0=,DYNAMIC_QR,cust_daf1fef437,C0051
VYOMDEMO0001234567,ORD_VYOM_000306,2026090912153339DF1AB631A8A1,400.00,INR,2026-09-09 12:15:33.0,PPI,WALLET,WALLET,751878423654809,TXN_SUCCESS,01,Txn Success,XSOx9P3cigt0puFgfxvsMOL5YAl4iywT59RhL+M8jrw=,DYNAMIC_QR,cust_2db547fcb3,C0013
VYOMDEMO0001234567,ORD_VYOM_002150,20260909130054CC2D438DB1B24A,350.00,INR,2026-09-09 13:00:54.0,UPI,UPI,Paytm Payments Bank,921576095056690,TXN_SUCCESS,01,Txn Success,oznLZfhvtIG424KEV9RHSWYnhwVqqF5DmoaM2Es+joY=,DYNAMIC_QR,cust_8ed7bce16a,C0192
VYOMDEMO0001234567,ORD_VYOM_001738,202609091436501D366C0C84F7E2,330.00,INR,2026-09-09 14:36:50.0,UPI,UPI,Paytm Payments Bank,277501196507597,TXN_SUCCESS,01,Txn Success,wNcS3POkWr9yJEL7au6TyFwhXvsTLQmlSS2K0qDUNRo=,DYNAMIC_QR,cust_9e0f68731d,C0109
VYOMDEMO0001234567,ORD_VYOM_002203,202609091438073A326F55280CF5,270.00,INR,2026-09-09 14:38:07.0,UPI,UPI,Paytm Payments Bank,52661754905450,TXN_SUCCESS,01,Txn Success,i+jHHE9NWwaVR7xPdGjf2rbBAjd8kELWqbTqKcmpXmY=,DYNAMIC_QR,cust_93beba4d48,C0237
VYOMDEMO0001234567,ORD_VYOM_000487,202609091719017A481AB9D1E843,180.00,INR,2026-09-09 17:19:01.0,UPI,UPI,Paytm Payments Bank,688243713840394,TXN_SUCCESS,01,Txn Success,SpOy4BACHfiIhFYG4U7nW5xcp7fC1JXNVqbPXQK755Y=,DYNAMIC_QR,cust_6e959f4c64,C0023
VYOMDEMO0001234567,ORD_VYOM_002038,202609091745437AA6D99CCFF3C6,290.00,INR,2026-09-09 17:45:43.0,PPI,WALLET,WALLET,81015584444841,TXN_SUCCESS,01,Txn Success,WCml2GYFOLBdRWh7n0nltH7WBZ/lQ+xkoVKHl5SPjLw=,DYNAMIC_QR,cust_a3cf8e4c75,C0167
VYOMDEMO0001234567,ORD_VYOM_001909,20260909181145F9AB0BA0F893C7,400.00,INR,2026-09-09 18:11:45.0,CC,HDFC,HDFC,247363627855469,TXN_SUCCESS,01,Txn Success,hmIJUBoxhvi6HRJFG6wLVIo2phGmD3uZbmgNTKUCRUM=,DYNAMIC_QR,cust_4062a5bfea,C0143
VYOMDEMO0001234567,ORD_VYOM_001285,20260909181843A3A99DA3392D1B,350.00,INR,2026-09-09 18:18:43.0,UPI,UPI,Paytm Payments Bank,729506818774603,TXN_SUCCESS,01,Txn Success,thxwsCr0g3RaBVtwMYYHnvrG84aIn8DYq7isICNjFXo=,DYNAMIC_QR,cust_4b0cb4e62f,C0059
VYOMDEMO0001234567,ORD_VYOM_001156,20260909183517A87E4388E9A6C7,310.00,INR,2026-09-09 18:35:17.0,CC,HDFC,HDFC,180914934187641,TXN_SUCCESS,01,Txn Success,jJjmIKGT9+qmFglFBjyX+NvYRYPDWPxHzA8xfmz/hgc=,DYNAMIC_QR,cust_82cd81d65f,C0053
VYOMDEMO0001234567,ORD_VYOM_001072,202609091858306B9528873D7FDA,300.00,INR,2026-09-09 18:58:30.0,DC,ICICI,ICICI,373881824567058,TXN_SUCCESS,01,Txn Success,sBXNdtSBK5O5/cKsP/jqGbeXMojKjXG3ISXwg+9Ndf4=,DYNAMIC_QR,cust_fc7659f04d,C0049
VYOMDEMO0001234567,ORD_VYOM_001816,20260909190030994116CD56D397,220.00,INR,2026-09-09 19:00:30.0,DC,ICICI,ICICI,187493240063762,TXN_SUCCESS,01,Txn Success,BYMUzN9hvqBhxUxE1B5Oa5G56hwKLI/qbFTvciJsNPI=,DYNAMIC_QR,cust_ac4f954b01,C0125
VYOMDEMO0001234567,ORD_VYOM_001714,2026090919075801E293078BBEA7,300.00,INR,2026-09-09 19:07:58.0,UPI,UPI,Paytm Payments Bank,912167559656779,TXN_SUCCESS,01,Txn Success,ajh1FPsEsc+VyFfXNRjuUBvPdjttycYntIkBfJMRqbI=,DYNAMIC_QR,cust_14d4752a6b,C0105
VYOMDEMO0001234567,ORD_VYOM_001708,20260909202333962CAAA48B4D05,350.00,INR,2026-09-09 20:23:33.0,CC,HDFC,HDFC,153168571373972,TXN_SUCCESS,01,Txn Success,E1ibq1YX17fPe6mVMrwF8IqeEdsfjkR8yZ4/WDNvBzQ=,DYNAMIC_QR,cust_86651a9c66,C0104
VYOMDEMO0001234567,ORD_VYOM_002066,20260909203019114708B8A899ED,420.00,INR,2026-09-09 20:30:19.0,UPI,UPI,Paytm Payments Bank,9500974722106,TXN_SUCCESS,01,Txn Success,NzBrK22+xvMGj8VlPiDXVESt2v1v8dXqFsZpAAZ7hcg=,DYNAMIC_QR,cust_7ba332abbf,C0174
VYOMDEMO0001234567,ORD_VYOM_000344,202609092051289ECEC452A959E4,290.00,INR,2026-09-09 20:51:28.0,UPI,UPI,Paytm Payments Bank,270379245088999,TXN_SUCCESS,01,Txn Success,tL5G8fJiz2gUqOrZkc5AY0arUTPPMge5gNRFwaIp75Y=,DYNAMIC_QR,cust_240753abf1,C0015
VYOMDEMO0001234567,ORD_VYOM_001625,20260909210436D99E09439C6147,340.00,INR,2026-09-09 21:04:36.0,CC,HDFC,HDFC,711711278492304,TXN_SUCCESS,01,Txn Success,/8nRgOGWx2WqIi5tfQsXq1ZREkyaDosdqqE5fsmTSRo=,DYNAMIC_QR,cust_0add05f1dc,C0089
VYOMDEMO0001234567,ORD_VYOM_000840,20260910081401624858EE8D78F5,250.00,INR,2026-09-10 08:14:01.0,UPI,UPI,Paytm Payments Bank,361996924625073,TXN_SUCCESS,01,Txn Success,4wKFmEf4vt/G+GHfTYxwdVwMJHwZka0IfPTaqrwS1I4=,DYNAMIC_QR,cust_8f7c742c92,C0040
VYOMDEMO0001234567,ORD_VYOM_002003,20260910082140878E30F8B4977C,260.00,INR,2026-09-10 08:21:40.0,DC,ICICI,ICICI,1795153001105,TXN_SUCCESS,01,Txn Success,sr4sp2nntojzi68O4LMv7U9ai6wUxb2rFbrERwKhoRc=,DYNAMIC_QR,cust_9802878c14,C0163
VYOMDEMO0001234567,ORD_VYOM_001185,202609100911068B2EF6F7B89783,510.00,INR,2026-09-10 09:11:06.0,CC,HDFC,HDFC,156595594933214,TXN_SUCCESS,01,Txn Success,WObJovTmanS4kS5xBl7i/WTY5pb4WtI2iZG3bH9sBW8=,DYNAMIC_QR,cust_5cd1790ef5,C0054
VYOMDEMO0001234567,ORD_VYOM_000674,202609101047246C2446E2F7C3BC,220.00,INR,2026-09-10 10:47:24.0,UPI,UPI,Paytm Payments Bank,198226258159868,TXN_SUCCESS,01,Txn Success,ZbwkpR0+g/EMcKoFWIGK0mFcQop90sdHOLP79ONurCA=,DYNAMIC_QR,cust_a06e38f5f5,C0032
VYOMDEMO0001234567,ORD_VYOM_001084,202609101542257014B3E5A5F92B,260.00,INR,2026-09-10 15:42:25.0,UPI,UPI,Paytm Payments Bank,794413240399275,TXN_SUCCESS,01,Txn Success,SED7S9tVS/FxUzrujwj4i4WBCk4VauVGtwJXf52SU9g=,DYNAMIC_QR,cust_7c85655ba0,C0050
VYOMDEMO0001234567,ORD_VYOM_000764,202609101809477EEAB3DEFA3B9D,250.00,INR,2026-09-10 18:09:47.0,UPI,UPI,Paytm Payments Bank,364725428926998,TXN_SUCCESS,01,Txn Success,QB/Nj2yHUT650ke6ySXwP/v3fe/1wGhV/vnEcfkmJs0=,DYNAMIC_QR,cust_9a8d00481d,C0037
VYOMDEMO0001234567,ORD_VYOM_000446,20260910181544D7406380D756BA,200.00,INR,2026-09-10 18:15:44.0,UPI,UPI,Paytm Payments Bank,702128014253379,TXN_SUCCESS,01,Txn Success,+vOjh9Al6E6T0Yet4cGmJRzyjq9WxQNjd8DFDdkomLE=,DYNAMIC_QR,cust_bb103c6777,C0021
VYOMDEMO0001234567,ORD_VYOM_001638,202609101840082DA51CCD8841DD,140.00,INR,2026-09-10 18:40:08.0,CC,HDFC,HDFC,760643013927410,TXN_SUCCESS,01,Txn Success,NyKhqdjcZLENDsLfEgxwsbGzr6puaod7Ah73VrxfuU4=,DYNAMIC_QR,cust_b7fd70a5c0,C0092
VYOMDEMO0001234567,ORD_VYOM_001752,2026091019145344123AC7CD127C,150.00,INR,2026-09-10 19:14:53.0,UPI,UPI,Paytm Payments Bank,968864546045291,TXN_SUCCESS,01,Txn Success,NY+/hWnonc4SN8xKyiNsr7/PBIK+JSrIzcDslpghr/o=,DYNAMIC_QR,cust_160019570b,C0112
VYOMDEMO0001234567,ORD_VYOM_002291,20260910193253B17C8F5EFEB2F8,100.00,INR,2026-09-10 19:32:53.0,CC,HDFC,HDFC,232894098729063,TXN_SUCCESS,01,Txn Success,t6DMIJB2J/8JhVzU6yAklF9lZLdAIhKaxXWa2p26sMI=,DYNAMIC_QR,cust_697a55941b,C0327
VYOMDEMO0001234567,ORD_VYOM_001842,20260910195715AF6494E49A92D7,400.00,INR,2026-09-10 19:57:15.0,PPI,WALLET,WALLET,299091318641583,TXN_SUCCESS,01,Txn Success,t0r7vSLy0ORgltEnqg/3BE1ciNhIgVO7G60k35bSO4M=,DYNAMIC_QR,cust_a2033d34f3,C0129
VYOMDEMO0001234567,ORD_VYOM_000580,20260910195819B7CB786C133986,300.00,INR,2026-09-10 19:58:19.0,PPI,WALLET,WALLET,443794733014232,TXN_SUCCESS,01,Txn Success,AOVeXjctsRvZXgLFMoyMtAAjDelMmnYWm7Crc9eEk5Q=,DYNAMIC_QR,cust_99e98f2292,C0028
VYOMDEMO0001234567,ORD_VYOM_001043,202609102031380398D2B29DDA3F,320.00,INR,2026-09-10 20:31:38.0,UPI,UPI,Paytm Payments Bank,368912528964660,TXN_SUCCESS,01,Txn Success,NQ7qHPSNZIoM1yxGIWTg1lJnZ3E7yhlhZqMcQMPu41g=,DYNAMIC_QR,cust_c3657372a9,C0048
VYOMDEMO0001234567,ORD_VYOM_001627,202609102051028A2436C54E7E42,250.00,INR,2026-09-10 20:51:02.0,PPI,WALLET,WALLET,954291753472757,TXN_SUCCESS,01,Txn Success,o5AMU5FdWfuSVCulo0Iy73CEbLg1y7ATs/hcXmvbtJ4=,DYNAMIC_QR,cust_fd92466785,C0090
VYOMDEMO0001234567,ORD_VYOM_001262,202609102130514510F167E35AEA,450.00,INR,2026-09-10 21:30:51.0,UPI,UPI,Paytm Payments Bank,549236570912370,TXN_SUCCESS,01,Txn Success,7+Y2e5hmDR8sM0f78KuKFlmd2VO8T9L5PsITgGomXfc=,DYNAMIC_QR,cust_6b44d63f59,C0058
VYOMDEMO0001234567,ORD_VYOM_001681,20260910215052E2ABAC9AD600E2,240.00,INR,2026-09-10 21:50:52.0,DC,ICICI,ICICI,99417233041844,TXN_SUCCESS,01,Txn Success,kHYoTP1qCS1m2400OxS7Lj5QaD8SiovYQiTnamjsIeU=,DYNAMIC_QR,cust_db670996ed,C0099
VYOMDEMO0001234567,ORD_VYOM_001966,2026091021535862EF541A738A2D,380.00,INR,2026-09-10 21:53:58.0,PPI,WALLET,WALLET,645399143924,TXN_SUCCESS,01,Txn Success,kdyQuY252PadpDfOOSfkAYrJ8/SzryJDnnAnEFdTlDs=,DYNAMIC_QR,cust_1ec124b86d,C0154
VYOMDEMO0001234567,ORD_VYOM_001944,20260911082019B3A5CC6FB8A3A7,100.00,INR,2026-09-11 08:20:19.0,UPI,UPI,Paytm Payments Bank,901781867121907,TXN_SUCCESS,01,Txn Success,Rv3h5g7jTYfvqvqAxg7t6Tvi2hXhXNrnVSknPDqaISQ=,DYNAMIC_QR,cust_ae8f8ca329,C0150
VYOMDEMO0001234567,ORD_VYOM_000263,202609110838568C477244F35B81,300.00,INR,2026-09-11 08:38:56.0,UPI,UPI,Paytm Payments Bank,496304619365082,TXN_SUCCESS,01,Txn Success,GcIOmwSuB2oZxQiPhgPpnCFizQQCeyiLvaUJB609g4o=,DYNAMIC_QR,cust_ca9b9b6adf,C0011
VYOMDEMO0001234567,ORD_VYOM_000612,20260911084045CC6265B2B407F9,340.00,INR,2026-09-11 08:40:45.0,UPI,UPI,Paytm Payments Bank,490056680561302,TXN_SUCCESS,01,Txn Success,IDnlBbNgg+XmeQSVfCMgz3U7Fq+h76JOXUnOxXf7qcs=,DYNAMIC_QR,cust_106abbb9b5,C0029
VYOMDEMO0001234567,ORD_VYOM_000168,20260911101716E2063BB1913076,200.00,INR,2026-09-11 10:17:16.0,PPI,WALLET,WALLET,229568800391686,TXN_SUCCESS,01,Txn Success,caszMNKn6EKMXeDshidwFlQp5AiQOinN9khENyU4A9k=,DYNAMIC_QR,cust_8e84008d36,C0008
VYOMDEMO0001234567,ORD_VYOM_000543,20260911125346EBB0A6986617E4,270.00,INR,2026-09-11 12:53:46.0,UPI,UPI,Paytm Payments Bank,442644979157051,TXN_SUCCESS,01,Txn Success,E6WoPNkpaZCoRuKeKYiPJNl1I/xZNCyrmlJpxw5JQc8=,DYNAMIC_QR,cust_41941dbbd4,C0026
VYOMDEMO0001234567,ORD_VYOM_002012,20260911164810974023A313C04F,130.00,INR,2026-09-11 16:48:10.0,UPI,UPI,Paytm Payments Bank,969417505867020,TXN_SUCCESS,01,Txn Success,kaNd1k/6cziGvhLPxD9cpjNg1TjqzeHTp0I3huRjM0k=,DYNAMIC_QR,cust_1a6a0727b9,C0164
VYOMDEMO0001234567,ORD_VYOM_001007,20260911170235000A24270D754D,550.00,INR,2026-09-11 17:02:35.0,UPI,UPI,Paytm Payments Bank,309916034861786,TXN_SUCCESS,01,Txn Success,AxDGzVwEw4w9esRL6ex4GpRMg+gR0xwLh9MOHKtaFPg=,DYNAMIC_QR,cust_f966ed1ab1,C0047
VYOMDEMO0001234567,ORD_VYOM_002135,202609112003299C26406EDC30A9,100.00,INR,2026-09-11 20:03:29.0,UPI,UPI,Paytm Payments Bank,518285131696345,TXN_SUCCESS,01,Txn Success,OC1/+0yZlyKClEbKA9uFLXIzIR/j6Hq/dVSAjFoN32Q=,DYNAMIC_QR,cust_3325a57c29,C0188
VYOMDEMO0001234567,ORD_VYOM_000025,20260911201251B6345750312EA1,300.00,INR,2026-09-11 20:12:51.0,CC,HDFC,HDFC,493998180259595,TXN_SUCCESS,01,Txn Success,NLJ8xCRk1pRp1W7NarpxtXuN/uMxnXTMrztbZRVMpKM=,DYNAMIC_QR,cust_669ee76164,C0002
VYOMDEMO0001234567,ORD_VYOM_000079,202609112015097493E846E25728,350.00,INR,2026-09-11 20:15:09.0,UPI,UPI,Paytm Payments Bank,348872700690508,TXN_SUCCESS,01,Txn Success,MiWqPWw9WHazIJaJK24IQiQMzegF9Y5Pf95CImnsLlk=,DYNAMIC_QR,cust_23bc5b213e,C0004
VYOMDEMO0001234567,ORD_VYOM_000706,20260911204446216C95E026D76C,500.00,INR,2026-09-11 20:44:46.0,DC,ICICI,ICICI,206865402802107,TXN_SUCCESS,01,Txn Success,xBrDLfLKb5GmxMg1/rYb8IUssTn0Jps3ouYefOSbhXw=,DYNAMIC_QR,cust_d4aeae392b,C0034
VYOMDEMO0001234567,ORD_VYOM_001586,20260911213745557A8E93AD021F,280.00,INR,2026-09-11 21:37:45.0,CC,HDFC,HDFC,626456186714924,TXN_SUCCESS,01,Txn Success,rWlvgNoba/KQ4Mbl+blrH8jQpRnuzMQABWfeS2azZn4=,DYNAMIC_QR,cust_bcda63dc06,C0081
VYOMDEMO0001234567,ORD_VYOM_000987,20260912083214EF185ABE0B2C38,290.00,INR,2026-09-12 08:32:14.0,UPI,UPI,Paytm Payments Bank,132981825253214,TXN_SUCCESS,01,Txn Success,1YAqJ41HQ0erKtooVR5Ycv/3aS/mjePNgu0ywDxcNRM=,DYNAMIC_QR,cust_3433633783,C0046
VYOMDEMO0001234567,ORD_VYOM_000523,202609120848020787287896B57E,580.00,INR,2026-09-12 08:48:02.0,UPI,UPI,Paytm Payments Bank,309487038274223,TXN_SUCCESS,01,Txn Success,wMMcDNRWzCxDZKKWoGH35kNt70ACzrS/WA9rNAn/f4s=,DYNAMIC_QR,cust_f28cbf1be8,C0025
VYOMDEMO0001234567,ORD_VYOM_002043,202609121057386327AD6ABB1D03,250.00,INR,2026-09-12 10:57:38.0,UPI,UPI,Paytm Payments Bank,35903390754952,TXN_SUCCESS,01,Txn Success,wllg4LQ9cSZXa+/OF8Tcuo03JbiZAd6FNgutOu7x+RA=,DYNAMIC_QR,cust_486fe721bd,C0168
VYOMDEMO0001234567,ORD_VYOM_002159,2026091212590904EBEAF7ED75FE,200.00,INR,2026-09-12 12:59:09.0,DC,ICICI,ICICI,889198447922605,TXN_SUCCESS,01,Txn Success,+kEXmrXH4UbIWpyVD+VSKkQ9aSLrbtr5PFcf/y5bSuI=,DYNAMIC_QR,cust_fed397b5ed,C0194
VYOMDEMO0001234567,ORD_VYOM_002192,202609121357243F19F93F869477,260.00,INR,2026-09-12 13:57:24.0,UPI,UPI,Paytm Payments Bank,234996639592110,TXN_SUCCESS,01,Txn Success,DgJhUM+GZhCNMjffBd/bwJtsdVjWeMTFK0wo9ELReuA=,DYNAMIC_QR,cust_525ed8a3eb,C0226
VYOMDEMO0001234567,ORD_VYOM_001905,20260912144453267AF32BE5D724,500.00,INR,2026-09-12 14:44:53.0,UPI,UPI,Paytm Payments Bank,765370918700335,TXN_SUCCESS,01,Txn Success,NKNp5E59lKLea92NnaGEKPCmlByyrFNKZO+XztgQZBk=,DYNAMIC_QR,cust_9a8c895375,C0142
VYOMDEMO0001234567,ORD_VYOM_000223,20260912152634C388512B27FCB2,360.00,INR,2026-09-12 15:26:34.0,PPI,WALLET,WALLET,895186602756893,TXN_SUCCESS,01,Txn Success,bng8psomzqPEMHsbKuZAAqy1eQgIYpPg1R1w08Qr0Dw=,DYNAMIC_QR,cust_785ff6e6b2,C0010
VYOMDEMO0001234567,ORD_VYOM_002028,2026091216102672BB45FF200049,300.00,INR,2026-09-12 16:10:26.0,CC,HDFC,HDFC,35258732809126,TXN_SUCCESS,01,Txn Success,meG3WPUgdNYK0yN8KKN48+oYRDQ95saneDq83SAjPW0=,DYNAMIC_QR,cust_b4af432e1d,C0166
VYOMDEMO0001234567,ORD_VYOM_002057,202609121640389A319BC51934B4,220.00,INR,2026-09-12 16:40:38.0,DC,ICICI,ICICI,853079367429808,TXN_SUCCESS,01,Txn Success,5SsPi8Uem6g0xbDk1N2r4agI2pl+Y2/8XN5fyE3uC6s=,DYNAMIC_QR,cust_bf73a29822,C0172
VYOMDEMO0001234567,ORD_VYOM_001312,2026091218093787C93C0B3D3F31,180.00,INR,2026-09-12 18:09:37.0,PPI,WALLET,WALLET,68318229109141,TXN_SUCCESS,01,Txn Success,3eIUht8PBCEgzNuR0rLO2B1lvMOKDDOMwbAC0NEEeCs=,DYNAMIC_QR,cust_2658be5647,C0060
VYOMDEMO0001234567,ORD_VYOM_001867,2026091218140898D7647E3900C3,350.00,INR,2026-09-12 18:14:08.0,UPI,UPI,Paytm Payments Bank,737962567168648,TXN_SUCCESS,01,Txn Success,ErYnFHG23kb+nm5TyK68urS31aE22BkPXh/35tTg51I=,DYNAMIC_QR,cust_c60462553f,C0134
VYOMDEMO0001234567,ORD_VYOM_000901,202609121840373645B9F8A21DB6,190.00,INR,2026-09-12 18:40:37.0,UPI,UPI,Paytm Payments Bank,404019393219186,TXN_SUCCESS,01,Txn Success,2Il3D1MI4YNWmkQJWa1U0t1uVDWlpi5FqL2qsEpfk/E=,DYNAMIC_QR,cust_20281afbd7,C0043
VYOMDEMO0001234567,ORD_VYOM_000099,20260912190419C3DD54ADF53380,370.00,INR,2026-09-12 19:04:19.0,UPI,UPI,Paytm Payments Bank,403259316740766,TXN_SUCCESS,01,Txn Success,WHNzCT9fsuq3pm25PZFddbh9NboxNqJAcaFJcIDLHWU=,DYNAMIC_QR,cust_d97b299d31,C0005
VYOMDEMO0001234567,ORD_VYOM_001783,20260912191624BDABF0C8AA956E,240.00,INR,2026-09-12 19:16:24.0,DC,ICICI,ICICI,544995676789231,TXN_SUCCESS,01,Txn Success,vwykcZL0/f7IQNOh+VfEtXD/d6ApOH5Poa0KBKaFqB8=,DYNAMIC_QR,cust_020257eebe,C0116
VYOMDEMO0001234567,ORD_VYOM_001801,20260912192229A94DA5C70BD21A,300.00,INR,2026-09-12 19:22:29.0,UPI,UPI,Paytm Payments Bank,609750971057401,TXN_SUCCESS,01,Txn Success,ySU+YUH2PG2j1rMToCSHkTvMtWTspGuiYP3hgPcQCV8=,DYNAMIC_QR,cust_318e3c45e9,C0121
VYOMDEMO0001234567,ORD_VYOM_000146,20260912193031B3F6D4E9AC758A,460.00,INR,2026-09-12 19:30:31.0,UPI,UPI,Paytm Payments Bank,671567667586297,TXN_SUCCESS,01,Txn Success,FyG9zA3y6P8CA1Q6pXEShrmKCrrXiK/OooErpC55/tw=,DYNAMIC_QR,cust_eabdbf3bc8,C0007
VYOMDEMO0001234567,ORD_VYOM_000048,20260912193557939269D194E7A5,350.00,INR,2026-09-12 19:35:57.0,PPI,WALLET,WALLET,877783580660569,TXN_SUCCESS,01,Txn Success,DHbHFDRU2kgApSrhoe7EYkHm5Th2Y3LyZpgU2Ta/SKs=,DYNAMIC_QR,cust_c4796bc897,C0003
VYOMDEMO0001234567,ORD_VYOM_000779,20260912195041BE9537D11F3A5D,220.00,INR,2026-09-12 19:50:41.0,DC,ICICI,ICICI,552815434646630,TXN_SUCCESS,01,Txn Success,gms5vRmlfCrVl54yjDU2X91VaVHQmEr0hLyzIRRNan8=,DYNAMIC_QR,cust_40b3e01be6,C0038
VYOMDEMO0001234567,ORD_VYOM_001822,202609122021555981C62B6552C7,360.00,INR,2026-09-12 20:21:55.0,DC,ICICI,ICICI,84534306128180,TXN_SUCCESS,01,Txn Success,dxbHboDmkNq8iAvvlocqL5v5xMZa9kbDILz0BW6g72c=,DYNAMIC_QR,cust_e41964869d,C0126
VYOMDEMO0001234567,ORD_VYOM_000307,202609122026120A7CBEEF85AF2F,190.00,INR,2026-09-12 20:26:12.0,UPI,UPI,Paytm Payments Bank,625728498054181,TXN_SUCCESS,01,Txn Success,WNQw4R/knMSiwLfSlJ1EGYWLcCnxOOjt3fipo2JXuKQ=,DYNAMIC_QR,cust_2db547fcb3,C0013
VYOMDEMO0001234567,ORD_VYOM_001792,20260912203720400ADA634461E1,380.00,INR,2026-09-12 20:37:20.0,CC,HDFC,HDFC,577373323923316,TXN_SUCCESS,01,Txn Success,JO6OOmqda8x0iYtIg6ZiR3VMjJleLLtVzERPp30+ArY=,DYNAMIC_QR,cust_4233a595aa,C0118
VYOMDEMO0001234567,ORD_VYOM_001700,202609122040410F079D64B38496,360.00,INR,2026-09-12 20:40:41.0,UPI,UPI,Paytm Payments Bank,334198182896109,TXN_SUCCESS,01,Txn Success,0+FIdL6th+offNKw4cjc8xw7YORpARS+DEbCVPagFns=,DYNAMIC_QR,cust_705da40a64,C0103
VYOMDEMO0001234567,ORD_VYOM_000565,2026091221305855139B057A8A01,200.00,INR,2026-09-12 21:30:58.0,DC,ICICI,ICICI,353449478106931,TXN_SUCCESS,01,Txn Success,cBNBIH/s18fenqloOIVdA07NNcj/yhRoO/9rP5myDjc=,DYNAMIC_QR,cust_a1b51de3dc,C0027
VYOMDEMO0001234567,ORD_VYOM_000012,20260913082244432F4B272AEB81,480.00,INR,2026-09-13 08:22:44.0,DC,ICICI,ICICI,474355079681314,TXN_SUCCESS,01,Txn Success,2JYILJAgV+F+7u42g8OHCHnqnVEYjJA0j6QdOB/zHXs=,DYNAMIC_QR,cust_639130ba19,C0001
VYOMDEMO0001234567,ORD_VYOM_002001,20260913082825A1C3D5C417DBE5,180.00,INR,2026-09-13 08:28:25.0,DC,ICICI,ICICI,79865830587660,TXN_SUCCESS,01,Txn Success,G+hc3dK+zY3eVIFHnKKlJFZwmxi3To65EYXT7vxd+e4=,DYNAMIC_QR,cust_3594fc7200,C0162
VYOMDEMO0001234567,ORD_VYOM_001852,20260913084409DD24800ED31F87,160.00,INR,2026-09-13 08:44:09.0,UPI,UPI,Paytm Payments Bank,69279664389716,TXN_SUCCESS,01,Txn Success,hPb8BQrc/gmiwT7pT69RpgwhwSglZKUFQs74aEKFQU4=,DYNAMIC_QR,cust_2fc7cb29b6,C0131
VYOMDEMO0001234567,ORD_VYOM_000400,2026091309194394D12E98A358BD,190.00,INR,2026-09-13 09:19:43.0,UPI,UPI,Paytm Payments Bank,506309948800445,TXN_SUCCESS,01,Txn Success,jiIlXp1I5/VnEQ3BWUEOxHNlkmtnUNfNnrJk9l2Y5V4=,DYNAMIC_QR,cust_1758aa28d3,C0018
VYOMDEMO0001234567,ORD_VYOM_001243,20260913093422329AF3C062AEF3,100.00,INR,2026-09-13 09:34:22.0,UPI,UPI,Paytm Payments Bank,685544378941895,TXN_SUCCESS,01,Txn Success,w48M4LahW3ruglBIniH4wPzuAueH9CGs5UzedfYhlvQ=,DYNAMIC_QR,cust_f249fd9c9c,C0057
VYOMDEMO0001234567,ORD_VYOM_001987,202609130934485A59A36FB460DD,250.00,INR,2026-09-13 09:34:48.0,UPI,UPI,Paytm Payments Bank,157355671411634,TXN_SUCCESS,01,Txn Success,uxeBeV+6noN8sgwHGusB3Ib7srqDDuAc6sWoVBwIkiI=,DYNAMIC_QR,cust_5669b8558f,C0158
VYOMDEMO0001234567,ORD_VYOM_001833,20260913094659CE260D7FAD404D,180.00,INR,2026-09-13 09:46:59.0,DC,ICICI,ICICI,974085981407540,TXN_SUCCESS,01,Txn Success,hx8+lkKxg5Wqe3sup62HXZ8IqoU0u43e8I6GjdlfbJE=,DYNAMIC_QR,cust_1dd4421c42,C0128
VYOMDEMO0001234567,ORD_VYOM_000841,20260913095643455BE52B29B276,190.00,INR,2026-09-13 09:56:43.0,UPI,UPI,Paytm Payments Bank,155354142951936,TXN_SUCCESS,01,Txn Success,ARU565BvHR1E41HT0z6PmHAInV0lrmyHX0S/n1lHH2E=,DYNAMIC_QR,cust_8f7c742c92,C0040
VYOMDEMO0001234567,ORD_VYOM_001731,202609131010389C179707051DE0,180.00,INR,2026-09-13 10:10:38.0,CC,HDFC,HDFC,768191833944873,TXN_SUCCESS,01,Txn Success,Qutm4c7Rx7EJEoVf/ZXuzjdZ3fwJ6sA+fdw8gWRaEdk=,DYNAMIC_QR,cust_69691cd29b,C0108
VYOMDEMO0001234567,ORD_VYOM_000875,202609131129416115A429F1219F,180.00,INR,2026-09-13 11:29:41.0,CC,HDFC,HDFC,292421314641365,TXN_SUCCESS,01,Txn Success,zLq2ze0YMetg5Ut8u9aHzcwj+zYCNEe4iBAcc+o2+PE=,DYNAMIC_QR,cust_e2d64a5dd5,C0042
VYOMDEMO0001234567,ORD_VYOM_000933,20260913125927D75584B2409A6A,360.00,INR,2026-09-13 12:59:27.0,UPI,UPI,Paytm Payments Bank,756217363867489,TXN_SUCCESS,01,Txn Success,7RS9N3nZ8GyXnpa0u4jVNIHGZG0sKaT0mLtWipRfnJc=,DYNAMIC_QR,cust_a4d97a4e7d,C0044
VYOMDEMO0001234567,ORD_VYOM_000460,20260913143103C5C929938BC3FB,380.00,INR,2026-09-13 14:31:03.0,UPI,UPI,Paytm Payments Bank,577765129290775,TXN_SUCCESS,01,Txn Success,c8XgVMC0iU7SNc249Zi8P9rXRm0HnFJPJG/cjWK3SYs=,DYNAMIC_QR,cust_c412e8f05c,C0022
VYOMDEMO0001234567,ORD_VYOM_001622,20260913155109849E713745E9F4,240.00,INR,2026-09-13 15:51:09.0,UPI,UPI,Paytm Payments Bank,999403947162646,TXN_SUCCESS,01,Txn Success,xfK781Nsorp997HUj6v8P/7V9sDzk51d9PaEUba01k8=,DYNAMIC_QR,cust_e6f4b63a28,C0087
VYOMDEMO0001234567,ORD_VYOM_000126,20260913155836B89D12628DC8CA,280.00,INR,2026-09-13 15:58:36.0,PPI,WALLET,WALLET,542989344927106,TXN_FAILURE,810,Payment failed due to a technical error.,yTYBr6/acHid+LZOibiQba4lcyfZZvuvOZSMOrjfE+0=,DYNAMIC_QR,cust_4b7feffc40,C0006
VYOMDEMO0001234567,ORD_VYOM_002240,20260913204051E9046928544A52,350.00,INR,2026-09-13 20:40:51.0,DC,ICICI,ICICI,692561708503347,TXN_SUCCESS,01,Txn Success,8i5L7OXSishQLaEW8e4v4iugW1feyglpAGtbsPbmFsE=,DYNAMIC_QR,cust_c3e650e55d,C0274
VYOMDEMO0001234567,ORD_VYOM_000613,2026091320464749B716FE2FB0EE,160.00,INR,2026-09-13 20:46:47.0,UPI,UPI,Paytm Payments Bank,567790059684391,TXN_SUCCESS,01,Txn Success,2rmUFPpfGbBudfAKmVEiAWrESJX99vGKYMZM5lWkdgI=,DYNAMIC_QR,cust_106abbb9b5,C0029
VYOMDEMO0001234567,ORD_VYOM_001610,202609132122454602D563505F13,320.00,INR,2026-09-13 21:22:45.0,UPI,UPI,Paytm Payments Bank,933757681790765,TXN_SUCCESS,01,Txn Success,rLIe9WiyvKemdK+k5NfY4P/H9LSyhr4StEvCN/LJmBU=,DYNAMIC_QR,cust_515446ef47,C0085
VYOMDEMO0001234567,ORD_VYOM_000969,20260914084109A5D07677A2CFB8,380.00,INR,2026-09-14 08:41:09.0,PPI,WALLET,WALLET,9230036882170,TXN_SUCCESS,01,Txn Success,DpKwB9ugddrwy6bfCM4nzleTIqiH1HqjItzavXyFCLY=,DYNAMIC_QR,cust_d544bf3b16,C0045
VYOMDEMO0001234567,ORD_VYOM_001971,20260914090503C3CA6CEF3196B3,230.00,INR,2026-09-14 09:05:03.0,UPI,UPI,Paytm Payments Bank,955533205454035,TXN_SUCCESS,01,Txn Success,35eKqxwG2Jj4pPrIzFr/6Z/a5Z4wbr8jvQvuIrRLetA=,DYNAMIC_QR,cust_a11e480ab9,C0155
VYOMDEMO0001234567,ORD_VYOM_001073,202609140910300947A856BD5CA9,310.00,INR,2026-09-14 09:10:30.0,UPI,UPI,Paytm Payments Bank,316035084321365,TXN_SUCCESS,01,Txn Success,8ry6X7gQxbDxprNHdwnHE2NlU8pls5/3IgXzMYoXoOA=,DYNAMIC_QR,cust_fc7659f04d,C0049
VYOMDEMO0001234567,ORD_VYOM_001133,202609140918008E6F349CEE5617,300.00,INR,2026-09-14 09:18:00.0,CC,HDFC,HDFC,564700334588615,TXN_SUCCESS,01,Txn Success,HB3210Gx/GTJ3uBbN3MVaIFR5xNJZZuDbMQcyIpIDog=,DYNAMIC_QR,cust_009f929355,C0052
VYOMDEMO0001234567,ORD_VYOM_001917,2026091409241181159817C4E032,300.00,INR,2026-09-14 09:24:11.0,PPI,WALLET,WALLET,756455913889748,TXN_SUCCESS,01,Txn Success,oI66x808vrmIxKKK7UdCy6naO/MLPCMBGLt+wrduB6E=,DYNAMIC_QR,cust_d901b93870,C0145
VYOMDEMO0001234567,ORD_VYOM_000488,2026091409331429B7B329CD469A,380.00,INR,2026-09-14 09:33:14.0,UPI,UPI,Paytm Payments Bank,388707469717959,TXN_SUCCESS,01,Txn Success,ReRWTA+v8kbLaK46skyFrhdE7BAC+b8nwWm3LvyVTjY=,DYNAMIC_QR,cust_6e959f4c64,C0023
VYOMDEMO0001234567,ORD_VYOM_002215,20260914094103E90F663B0E6D61,180.00,INR,2026-09-14 09:41:03.0,UPI,UPI,Paytm Payments Bank,863573835503655,TXN_SUCCESS,01,Txn Success,SyZJrusZ7aJedMjZ89CwN9FnjM07L+w0mvnhFKwjQLI=,DYNAMIC_QR,cust_19a5e95aa1,C0249
VYOMDEMO0001234567,ORD_VYOM_000356,20260914094445974774805C18BC,250.00,INR,2026-09-14 09:44:45.0,DC,ICICI,ICICI,473113627700036,TXN_SUCCESS,01,Txn Success,4y2pPXqBZsEOwwTNT2Puln7WIm0j4O/FTizV8i8pYZk=,DYNAMIC_QR,cust_4e741c85b4,C0016
VYOMDEMO0001234567,ORD_VYOM_002184,2026091409544036845CC2E479A0,210.00,INR,2026-09-14 09:54:40.0,CC,HDFC,HDFC,238816181337327,TXN_SUCCESS,01,Txn Success,MvSKIZOYcfhxsokhaIjI2QpGG++0UBNwFJX+vS3/Zl0=,DYNAMIC_QR,cust_a8f151f8ac,C0218
VYOMDEMO0001234567,ORD_VYOM_002053,2026091410181057E7872841B895,150.00,INR,2026-09-14 10:18:10.0,DC,ICICI,ICICI,865813913985612,TXN_SUCCESS,01,Txn Success,ZZ1eD/YGxzB1nZqMq2GwtTFaVPX21WJ1/t+k9cV36q4=,DYNAMIC_QR,cust_7a641dff3b,C0171
VYOMDEMO0001234567,ORD_VYOM_001963,202609141058505F9DB96BDDE026,160.00,INR,2026-09-14 10:58:50.0,UPI,UPI,Paytm Payments Bank,607510892575444,TXN_SUCCESS,01,Txn Success,DFgAxZSZqA73CMkwpWbqdgplcv6lWbj8W2Tux1chTsU=,DYNAMIC_QR,cust_ce8fdf862c,C0153
VYOMDEMO0001234567,ORD_VYOM_000278,202609141701301C6B1189C16B58,400.00,INR,2026-09-14 17:01:30.0,CC,HDFC,HDFC,398590841200246,TXN_SUCCESS,01,Txn Success,4+m5bBW1Kdpt7TXOWWJnzr9Xb0rN5BM8cV0LlKRZLcQ=,DYNAMIC_QR,cust_679aa0bd53,C0012
VYOMDEMO0001234567,ORD_VYOM_001828,20260914183806E290A11F95587D,170.00,INR,2026-09-14 18:38:06.0,UPI,UPI,Paytm Payments Bank,19198175097429,TXN_SUCCESS,01,Txn Success,xe3ZUNIhlFJK45R8J/mlHck+ZVFNBUOuAfQJsL2uNZs=,DYNAMIC_QR,cust_a0433965c0,C0127
VYOMDEMO0001234567,ORD_VYOM_000810,20260914192127396A9A6C4FA51D,300.00,INR,2026-09-14 19:21:27.0,CC,HDFC,HDFC,486329549758698,TXN_SUCCESS,01,Txn Success,zYFCh41J8NJx/xvIm/KMqSBPwp5t8zXsxibMOlgeR5c=,DYNAMIC_QR,cust_0b348a9dd1,C0039
VYOMDEMO0001234567,ORD_VYOM_000264,2026091419363300DB258C524A7B,300.00,INR,2026-09-14 19:36:33.0,UPI,UPI,Paytm Payments Bank,99117125798482,TXN_SUCCESS,01,Txn Success,ehJXgg7U9yib21yIX9dZYVAypFrQLJRGB72dEZ/t6P4=,DYNAMIC_QR,cust_ca9b9b6adf,C0011
VYOMDEMO0001234567,ORD_VYOM_000345,20260914200747702950DEDBB1BB,290.00,INR,2026-09-14 20:07:47.0,UPI,UPI,Paytm Payments Bank,61648225108923,TXN_SUCCESS,01,Txn Success,+X5hF6PrWdYMl8XdVgeOGg2TCvFSau+cd9hd4RIHTk8=,DYNAMIC_QR,cust_240753abf1,C0015
VYOMDEMO0001234567,ORD_VYOM_001808,20260914200908DDD0DDA94E2472,280.00,INR,2026-09-14 20:09:08.0,UPI,UPI,Paytm Payments Bank,162024146952154,TXN_FAILURE,411,Invalid Amount sent to Paytm,PPkMRE0uS+3BfvcyMux5349mjPtm0kb2IyBXxM05gmM=,DYNAMIC_QR,cust_3b4a9b36db,C0123
VYOMDEMO0001234567,ORD_VYOM_000739,20260914202545201FB559747B85,300.00,INR,2026-09-14 20:25:45.0,DC,ICICI,ICICI,224569244960309,TXN_SUCCESS,01,Txn Success,9MnCXrgSB2RbIWz9t2g3kZP/I00VSiVkiKuVzAlI16A=,DYNAMIC_QR,cust_99835ad417,C0036
VYOMDEMO0001234567,ORD_VYOM_001120,2026091420270785B3E30EA1986B,400.00,INR,2026-09-14 20:27:07.0,PPI,WALLET,WALLET,584343435166896,TXN_SUCCESS,01,Txn Success,pRw+a8X2PnKOGs95B4pvcBlmUiudTQE02Sitk7Nph/Y=,DYNAMIC_QR,cust_daf1fef437,C0051
VYOMDEMO0001234567,ORD_VYOM_000728,2026091421080524C49C6FA1196F,450.00,INR,2026-09-14 21:08:05.0,UPI,UPI,Paytm Payments Bank,231846070093747,TXN_SUCCESS,01,Txn Success,J9YQz6qSZ/S9nj6+GtbI4vyR2w3CG3Zj7yTFlxrZf7I=,DYNAMIC_QR,cust_37d415cd87,C0035
VYOMDEMO0001234567,ORD_VYOM_001218,20260914210857E908FC89C2A2D3,260.00,INR,2026-09-14 21:08:57.0,UPI,UPI,Paytm Payments Bank,854989197765409,TXN_SUCCESS,01,Txn Success,Q0CYa8cgkSLhP9YJwbsO5MQjaBGlVs2wqqrUqsA3idg=,DYNAMIC_QR,cust_b981b6cff8,C0056
VYOMDEMO0001234567,ORD_VYOM_000224,20260914213933DDDC2F16A4A57E,380.00,INR,2026-09-14 21:39:33.0,DC,ICICI,ICICI,490608347920457,TXN_SUCCESS,01,Txn Success,sr04sPbH1oEgH7lKZBUOntp2Caq//BnhMtHKEsI3LBk=,DYNAMIC_QR,cust_785ff6e6b2,C0010
VYOMDEMO0001234567,ORD_VYOM_000325,202609151023148B88E62C82380B,360.00,INR,2026-09-15 10:23:14.0,PPI,WALLET,WALLET,539599512587968,TXN_SUCCESS,01,Txn Success,me9YopMTfvKBeC+ssSsK60Wb5AZQ0IJxWsCqL2zW4fA=,DYNAMIC_QR,cust_1ae6b5d45e,C0014
VYOMDEMO0001234567,ORD_VYOM_000686,2026091510282921F61DFFB7072A,260.00,INR,2026-09-15 10:28:29.0,UPI,UPI,Paytm Payments Bank,545266614629167,TXN_SUCCESS,01,Txn Success,vLFjNECbu0aFZ/r/7sVcQmDMY0hAMvVgPpe/va/63AM=,DYNAMIC_QR,cust_e87a5633d4,C0033
VYOMDEMO0001234567,ORD_VYOM_001263,2026091510333603F0FFB9279975,250.00,INR,2026-09-15 10:33:36.0,PPI,WALLET,WALLET,648197436205412,TXN_SUCCESS,01,Txn Success,avrecU2vul2gC/ZDMoWlNqP6Yn4eqhAwvljvYYBrtMo=,DYNAMIC_QR,cust_6b44d63f59,C0058
VYOMDEMO0001234567,ORD_VYOM_002110,202609151038513695F704393074,180.00,INR,2026-09-15 10:38:51.0,UPI,UPI,Paytm Payments Bank,687729950519859,TXN_SUCCESS,01,Txn Success,B2bq4nNT0bVNT6LLWTb3D/T0hzBmQRBAkPIsxklNP5E=,DYNAMIC_QR,cust_fe804be3db,C0183
VYOMDEMO0001234567,ORD_VYOM_000080,20260915110936EFE6926EFF58F2,300.00,INR,2026-09-15 11:09:36.0,UPI,UPI,Paytm Payments Bank,337354268615415,TXN_SUCCESS,01,Txn Success,Pi9TdJb9zPksdivGzRM7zA+9PNHh9v0ZIVY3YiBculQ=,DYNAMIC_QR,cust_23bc5b213e,C0004
VYOMDEMO0001234567,ORD_VYOM_001286,202609151416228AC8FFFB53F07A,520.00,INR,2026-09-15 14:16:22.0,DC,ICICI,ICICI,956720150531320,TXN_SUCCESS,01,Txn Success,JKmT4ikIb7btW0dA6ks2V86w+MLbeoGPhwdNdYEJJhM=,DYNAMIC_QR,cust_4b0cb4e62f,C0059
VYOMDEMO0001234567,ORD_VYOM_001313,20260915180345B09C528EB2A837,380.00,INR,2026-09-15 18:03:45.0,UPI,UPI,Paytm Payments Bank,48094291768279,TXN_SUCCESS,01,Txn Success,mwXJKkiF1JRF0N++Ma/806nbicsgcOFEj1H6Z8JNQeY=,DYNAMIC_QR,cust_2658be5647,C0060
VYOMDEMO0001234567,ORD_VYOM_000566,20260915190200F953FB7CDDE0EB,280.00,INR,2026-09-15 19:02:00.0,DC,ICICI,ICICI,836098410529922,TXN_SUCCESS,01,Txn Success,bscAW1syXmrxRuaMIWRWV6EHi3nMJSGBOm55KhBofec=,DYNAMIC_QR,cust_a1b51de3dc,C0027
VYOMDEMO0001234567,ORD_VYOM_000765,202609151917548D9D70F426DF2D,200.00,INR,2026-09-15 19:17:54.0,PPI,WALLET,WALLET,336167323538130,TXN_SUCCESS,01,Txn Success,Pz1uGA7tRbwHsaOxvcVaibcrY/qtCBeWMfbo8Vxruv0=,DYNAMIC_QR,cust_9a8d00481d,C0037
VYOMDEMO0001234567,ORD_VYOM_000651,202609151943588973D7F66045ED,200.00,INR,2026-09-15 19:43:58.0,UPI,UPI,Paytm Payments Bank,624487046072903,TXN_SUCCESS,01,Txn Success,eQPDgJoUv2pPXHY+nn2Y4wPiXAdhZ90qHvCo+8BCkdI=,DYNAMIC_QR,cust_30c7131331,C0031
VYOMDEMO0001234567,ORD_VYOM_001204,202609152048573AF9F6A164AC13,280.00,INR,2026-09-15 20:48:57.0,UPI,UPI,Paytm Payments Bank,391376544787479,TXN_SUCCESS,01,Txn Success,4f0cL1MvDahELPuihu26GillfWj+Ke7Z1Ge0QELOVIU=,DYNAMIC_QR,cust_4b274e83b3,C0055
VYOMDEMO0001234567,ORD_VYOM_000415,20260915213911D0CCC4A3FE9CC9,300.00,INR,2026-09-15 21:39:11.0,UPI,UPI,Paytm Payments Bank,768613899141311,TXN_SUCCESS,01,Txn Success,R/S0Wifsrp9m9rKh/2kJkf8cazqDp76RqJ+5UIiizY8=,DYNAMIC_QR,cust_7504516d8c,C0019
VYOMDEMO0001234567,ORD_VYOM_002146,202609160932198C6657D78736D3,200.00,INR,2026-09-16 09:32:19.0,UPI,UPI,Paytm Payments Bank,91158451499114,TXN_SUCCESS,01,Txn Success,fhQAq2PeJKExDY6DMopQL3EEYDgj8VRtwyxThqWsxqA=,DYNAMIC_QR,cust_6df5a566e8,C0190
VYOMDEMO0001234567,ORD_VYOM_001244,20260916093437303B036EE3200B,550.00,INR,2026-09-16 09:34:37.0,PPI,WALLET,WALLET,743391119187588,TXN_SUCCESS,01,Txn Success,HdJvvGY5HMiEAF4DN0Izr6kIcK5/NWzqc/bdM5bORZM=,DYNAMIC_QR,cust_f249fd9c9c,C0057
VYOMDEMO0001234567,ORD_VYOM_000447,20260916105006CDB9CBB1180559,250.00,INR,2026-09-16 10:50:06.0,UPI,UPI,Paytm Payments Bank,417235315277848,TXN_SUCCESS,01,Txn Success,fiwOPFWy4AwawTLUwNRYeGclYgcHtyWZvkLDJfWwMDo=,DYNAMIC_QR,cust_bb103c6777,C0021
VYOMDEMO0001234567,ORD_VYOM_000581,202609161112310BE33E1A295E3C,280.00,INR,2026-09-16 11:12:31.0,UPI,UPI,Paytm Payments Bank,385947992768539,TXN_SUCCESS,01,Txn Success,YG3SdpgRSMGXCqAk1iBqO33afhcOZtx3EbR+dkTFSkU=,DYNAMIC_QR,cust_99e98f2292,C0028
VYOMDEMO0001234567,ORD_VYOM_002168,202609161122293B30E7206FDDD5,250.00,INR,2026-09-16 11:22:29.0,UPI,UPI,Paytm Payments Bank,36993715379728,TXN_SUCCESS,01,Txn Success,OwGnc+rddQ0gjZlb1Uoim0ZKsKiLLvGiknyOhNfiEoE=,DYNAMIC_QR,cust_bb9414e584,C0202
VYOMDEMO0001234567,ORD_VYOM_000431,20260916123306164C2ABE591C12,350.00,INR,2026-09-16 12:33:06.0,UPI,UPI,Paytm Payments Bank,572795833688377,TXN_SUCCESS,01,Txn Success,wEDezqi241yKxF3gbtiX+MZl53lLBNpnOi1c+KBkqKs=,DYNAMIC_QR,cust_173fc6de8b,C0020
VYOMDEMO0001234567,ORD_VYOM_001952,202609161311169EF14324C1BC82,150.00,INR,2026-09-16 13:11:16.0,UPI,UPI,Paytm Payments Bank,78135239967898,TXN_SUCCESS,01,Txn Success,F0Bhse3VyVaMeKXvmWE9nOoPCjAvStI+ERLr36VEMhk=,DYNAMIC_QR,cust_0137d9f5bc,C0151
VYOMDEMO0001234567,ORD_VYOM_002235,202609161349146CBC42DEA9CE27,280.00,INR,2026-09-16 13:49:14.0,PPI,WALLET,WALLET,162476094370534,TXN_SUCCESS,01,Txn Success,yY0Db1boo/3G3VqmRpFHe00iqsPgwlr4iquSnLTzXUE=,DYNAMIC_QR,cust_779123002b,C0269
VYOMDEMO0001234567,ORD_VYOM_000633,2026091617480378F2477CF3EEA9,380.00,INR,2026-09-16 17:48:03.0,UPI,UPI,Paytm Payments Bank,184341957746883,TXN_FAILURE,411,Invalid Amount sent to Paytm,egH4qwhFKqSk/U80jJYKbT49NLgDI4C83dG7BPI7YBE=,DYNAMIC_QR,cust_9138b9325b,C0030
VYOMDEMO0001234567,ORD_VYOM_000100,20260916180319518D03F379993A,250.00,INR,2026-09-16 18:03:19.0,CC,HDFC,HDFC,654587423504927,TXN_SUCCESS,01,Txn Success,YTRC9CLrBg5cqR0NN/bOih2Wdl6UharPip+eUS2PLSA=,DYNAMIC_QR,cust_d97b299d31,C0005
VYOMDEMO0001234567,ORD_VYOM_001977,2026091619004405BB8B7EBC3561,150.00,INR,2026-09-16 19:00:44.0,CC,HDFC,HDFC,890197074423284,TXN_SUCCESS,01,Txn Success,W0q44APUFl3Brg/GkT8ggUyudQ3PJsJHmxsXLv5CktY=,DYNAMIC_QR,cust_e707c1682a,C0157
VYOMDEMO0001234567,ORD_VYOM_000934,2026091619411553D7DCFE13A0B3,390.00,INR,2026-09-16 19:41:15.0,UPI,UPI,Paytm Payments Bank,930009605438434,TXN_SUCCESS,01,Txn Success,tx/CSMZtBWgHe2Oxs9WRZTJZ9SzJWWxbJVH4fXr0WHg=,DYNAMIC_QR,cust_a4d97a4e7d,C0044
VYOMDEMO0001234567,ORD_VYOM_000026,202609162021197B1D6174EBA2FA,320.00,INR,2026-09-16 20:21:19.0,DC,ICICI,ICICI,194461936137160,TXN_SUCCESS,01,Txn Success,EZ+Mfr3YnGf7Ic5OI/7GiZC04JqQGsXvsxC2VVLJzdw=,DYNAMIC_QR,cust_669ee76164,C0002
VYOMDEMO0001234567,ORD_VYOM_001761,20260916202756D88892D2F244FF,260.00,INR,2026-09-16 20:27:56.0,PPI,WALLET,WALLET,643859208811248,TXN_SUCCESS,01,Txn Success,6FlLdN4wjV7X2xy4ulSVKrP2ZxRxINDhxGUCOBAVmrw=,DYNAMIC_QR,cust_2454d761f6,C0113
VYOMDEMO0001234567,ORD_VYOM_001616,202609162042320EB83ED5898AEE,190.00,INR,2026-09-16 20:42:32.0,CC,HDFC,HDFC,679333631358219,TXN_SUCCESS,01,Txn Success,UVwjS3NHrE49dAz4g8LfyyCPQWD5Z4g6YzoWQJpUXbA=,DYNAMIC_QR,cust_e457527155,C0086
VYOMDEMO0001234567,ORD_VYOM_001008,20260916210143992E44D8909A2F,450.00,INR,2026-09-16 21:01:43.0,CC,HDFC,HDFC,932309113152796,TXN_SUCCESS,01,Txn Success,sdMVRsAahxnXjA3AC6GP1W8L/HOqryg4+ZnND4LBaOM=,DYNAMIC_QR,cust_f966ed1ab1,C0047
VYOMDEMO0001234567,ORD_VYOM_001889,202609162118031A52FFEF9BD4C2,350.00,INR,2026-09-16 21:18:03.0,DC,ICICI,ICICI,210016685118986,TXN_SUCCESS,01,Txn Success,/JNEPqN0g9onQwNeW1n0aUX3ju0krsTTtu+fEuWWF3M=,DYNAMIC_QR,cust_a75b4607f9,C0137
VYOMDEMO0001234567,ORD_VYOM_001657,20260917081508CB3AC848D9306F,170.00,INR,2026-09-17 08:15:08.0,CC,HDFC,HDFC,665449330945234,TXN_SUCCESS,01,Txn Success,5AKBOiKspjHsXwcHepKT6WFSSa6kJ3+PP+nI2pguu1k=,DYNAMIC_QR,cust_2eabcb6f32,C0095
VYOMDEMO0001234567,ORD_VYOM_001009,20260917082807F0DBD73855CD3A,200.00,INR,2026-09-17 08:28:07.0,UPI,UPI,Paytm Payments Bank,482939717419560,TXN_SUCCESS,01,Txn Success,hOa38N7yK5toT7ekhIANg7HoKawEXJP1hwRoJQygWas=,DYNAMIC_QR,cust_f966ed1ab1,C0047
VYOMDEMO0001234567,ORD_VYOM_000013,2026091709084934A59834FDD544,350.00,INR,2026-09-17 09:08:49.0,DC,ICICI,ICICI,674296884706738,TXN_SUCCESS,01,Txn Success,/Rhij00YugrphOFdmVgF8eY0E7Zpqjk7smLmL2TixJM=,DYNAMIC_QR,cust_639130ba19,C0001
VYOMDEMO0001234567,ORD_VYOM_000169,2026091709481575433491A8C8D5,400.00,INR,2026-09-17 09:48:15.0,UPI,UPI,Paytm Payments Bank,607175722100676,TXN_SUCCESS,01,Txn Success,bWQ1kehsG9mB6MZFyJ+E+gkx9yvb0qCNv5c857pGbLk=,DYNAMIC_QR,cust_8e84008d36,C0008
VYOMDEMO0001234567,ORD_VYOM_002108,202609171044229B3EC0509A70B5,240.00,INR,2026-09-17 10:44:22.0,UPI,UPI,Paytm Payments Bank,965538534889398,TXN_SUCCESS,01,Txn Success,ZYH6qTR1dUAi+XUacfCFLmGo4GwtRqCjitd8NfNvoN4=,DYNAMIC_QR,cust_27d9650e55,C0182
VYOMDEMO0001234567,ORD_VYOM_001044,20260917123549457F2227D49EBE,420.00,INR,2026-09-17 12:35:49.0,UPI,UPI,Paytm Payments Bank,403719285975824,TXN_SUCCESS,01,Txn Success,MVDuWATO0gXsogeO8r//3ImnKoiWfuaaUtXpopraH6s=,DYNAMIC_QR,cust_c3657372a9,C0048
VYOMDEMO0001234567,ORD_VYOM_000811,2026091714482783CE4EF97AC1DC,350.00,INR,2026-09-17 14:48:27.0,UPI,UPI,Paytm Payments Bank,662322414629354,TXN_SUCCESS,01,Txn Success,BJ6wKEfLDaMT8ug4ktswHEA53HWvW/fyQZffGbEVQtc=,DYNAMIC_QR,cust_0b348a9dd1,C0039
VYOMDEMO0001234567,ORD_VYOM_002167,20260917170657E03AD79699E871,200.00,INR,2026-09-17 17:06:57.0,UPI,UPI,Paytm Payments Bank,934448179231404,TXN_SUCCESS,01,Txn Success,cFx5fJViLHRqKPbReTeOW37TQzZqmfTq2naRtoYVh30=,DYNAMIC_QR,cust_12dbc0ffae,C0201
VYOMDEMO0001234567,ORD_VYOM_001851,20260917182719E408E53CE4F76A,220.00,INR,2026-09-17 18:27:19.0,UPI,UPI,Paytm Payments Bank,477360038044118,TXN_SUCCESS,01,Txn Success,388xlW19u4TSpZfMXYxr6IiDQuce6I3D5ajdE+Ux+8U=,DYNAMIC_QR,cust_8a55b6b351,C0130
VYOMDEMO0001234567,ORD_VYOM_001085,20260917190511851E54C42A9672,460.00,INR,2026-09-17 19:05:11.0,UPI,UPI,Paytm Payments Bank,852259980644968,TXN_SUCCESS,01,Txn Success,p/4SjnVsyalIZY2pnHEVAHwn6Z9O7P9Ate6Ac64zW68=,DYNAMIC_QR,cust_7c85655ba0,C0050
VYOMDEMO0001234567,ORD_VYOM_000876,2026091719122555A1A2158AB8C2,300.00,INR,2026-09-17 19:12:25.0,UPI,UPI,Paytm Payments Bank,234574574395672,TXN_SUCCESS,01,Txn Success,Fq47zkG61Co/DxUD2VaynK5c/7byUP4CdRerrzw5hd8=,DYNAMIC_QR,cust_e2d64a5dd5,C0042
VYOMDEMO0001234567,ORD_VYOM_001157,20260917200833B94AF875073822,360.00,INR,2026-09-17 20:08:33.0,PPI,WALLET,WALLET,414506810975923,TXN_SUCCESS,01,Txn Success,3t/MwFvncNTtS7IjY7YZwIl6D01lbWwscpJ5mBQ12AI=,DYNAMIC_QR,cust_82cd81d65f,C0053
VYOMDEMO0001234567,ORD_VYOM_001882,20260917204946B6EADFF54C567E,150.00,INR,2026-09-17 20:49:46.0,UPI,UPI,Paytm Payments Bank,835676345333484,TXN_SUCCESS,01,Txn Success,jNluIsmGsEedX1QSqNFCPoYrc1+RQ74TBAF0UbC6mfg=,DYNAMIC_QR,cust_9be65df5a3,C0136
VYOMDEMO0001234567,ORD_VYOM_002124,20260917213217685769A09248FE,150.00,INR,2026-09-17 21:32:17.0,UPI,UPI,Paytm Payments Bank,809978016478869,TXN_SUCCESS,01,Txn Success,E1tA/xD5H2i2oxjpYK+opC87na5LBJd7ZGry2rVQyQY=,DYNAMIC_QR,cust_8420971346,C0186
VYOMDEMO0001234567,ORD_VYOM_000861,20260918083800C3528DEB99F603,380.00,INR,2026-09-18 08:38:00.0,UPI,UPI,Paytm Payments Bank,562669636725491,TXN_SUCCESS,01,Txn Success,9R+Dn0onWwM1URDK5LLdxfYyRyo1JOIjRWz7WgBBnmQ=,DYNAMIC_QR,cust_d212ee719a,C0041
VYOMDEMO0001234567,ORD_VYOM_000225,202609180842226C1026B080483C,200.00,INR,2026-09-18 08:42:22.0,DC,ICICI,ICICI,191072103798022,TXN_SUCCESS,01,Txn Success,ND0zKVqRfKFMScY2RFZMIlG9JpKg3Vt8puRlH6IyhKo=,DYNAMIC_QR,cust_785ff6e6b2,C0010
VYOMDEMO0001234567,ORD_VYOM_001686,202609180903400898BE48575D07,320.00,INR,2026-09-18 09:03:40.0,CC,HDFC,HDFC,54305039351955,TXN_SUCCESS,01,Txn Success,hv7PwM4RXHAjjuA8IzvKWor8J0iMHp68vldniq6jPAw=,DYNAMIC_QR,cust_30d1fffafe,C0100
VYOMDEMO0001234567,ORD_VYOM_000544,20260918094253CD3AACCF3BFFCF,200.00,INR,2026-09-18 09:42:53.0,UPI,UPI,Paytm Payments Bank,510159750374641,TXN_SUCCESS,01,Txn Success,J3I17vjCFvSLLli3pshgVDphvWwY3TCvvQb13QiKxiA=,DYNAMIC_QR,cust_41941dbbd4,C0026
VYOMDEMO0001234567,ORD_VYOM_001186,20260918102059AD993EFACA5F59,400.00,INR,2026-09-18 10:20:59.0,PPI,WALLET,WALLET,438826150230350,TXN_SUCCESS,01,Txn Success,DAQV4EzU/aDWNJ8O4fvuwlc1bpRPPDJuAIzfgU6zdYw=,DYNAMIC_QR,cust_5cd1790ef5,C0054
VYOMDEMO0001234567,ORD_VYOM_000902,20260918105711A3F7F2B93FCDEC,380.00,INR,2026-09-18 10:57:11.0,DC,ICICI,ICICI,346172652973493,TXN_SUCCESS,01,Txn Success,G62gVWf+W6+4m/udJJckqeljzyD/4ZvD+1BYmRUg0Ik=,DYNAMIC_QR,cust_20281afbd7,C0043
VYOMDEMO0001234567,ORD_VYOM_002233,20260918114625526651F297ABA0,160.00,INR,2026-09-18 11:46:25.0,UPI,UPI,Paytm Payments Bank,928329129771825,TXN_SUCCESS,01,Txn Success,jYw45nX18v4i6US60pOj72kRSzlAyxlaF7DjhwgnJfg=,DYNAMIC_QR,cust_d6f8547909,C0267
VYOMDEMO0001234567,ORD_VYOM_000147,20260918131628C01B4139EF2329,320.00,INR,2026-09-18 13:16:28.0,UPI,UPI,Paytm Payments Bank,386279072659396,TXN_SUCCESS,01,Txn Success,Y3MSN44wSKlo7d70PAUswuyIJeHDg4tja8hIiCLjSUs=,DYNAMIC_QR,cust_eabdbf3bc8,C0007
VYOMDEMO0001234567,ORD_VYOM_001722,2026091813420859CAB95EAADCD1,310.00,INR,2026-09-18 13:42:08.0,UPI,UPI,Paytm Payments Bank,650876538372700,TXN_SUCCESS,01,Txn Success,jqR17GOmarpSyuenMf8f/MvtmdYDs5lCFCUb8Hh+dAg=,DYNAMIC_QR,cust_2b0d3219c3,C0107
VYOMDEMO0001234567,ORD_VYOM_000380,2026091816053008CBDD0A9E66F1,300.00,INR,2026-09-18 16:05:30.0,UPI,UPI,Paytm Payments Bank,245822068630829,TXN_SUCCESS,01,Txn Success,qEYy+9eG3Zfig7Sfldt7J8Shie2hiGTlF9lSicrt4Fk=,DYNAMIC_QR,cust_8fe3b75ae8,C0017
VYOMDEMO0001234567,ORD_VYOM_001158,2026091816500300C44F4F30481E,440.00,INR,2026-09-18 16:50:03.0,CC,HDFC,HDFC,472353551221616,TXN_SUCCESS,01,Txn Success,vUacPp5xO82XuwgKbwNd2onHKU92OUWu+6z8CVJBk+I=,DYNAMIC_QR,cust_82cd81d65f,C0053
VYOMDEMO0001234567,ORD_VYOM_002156,2026091817355218CA12E2261CE1,150.00,INR,2026-09-18 17:35:52.0,PPI,WALLET,WALLET,176000145489236,TXN_SUCCESS,01,Txn Success,TgrO9z37PDTcBOV5KYoO6775R7bDTxMQEeCnlabi6rw=,DYNAMIC_QR,cust_668ddd0245,C0193
VYOMDEMO0001234567,ORD_VYOM_001121,202609181903232FC93F06B2EDBF,250.00,INR,2026-09-18 19:03:23.0,UPI,UPI,Paytm Payments Bank,101694502743905,TXN_SUCCESS,01,Txn Success,ne2lLnaFouG1SOG0GyKCxnQsks+PYIuwAnDoJkqRBmg=,DYNAMIC_QR,cust_daf1fef437,C0051
VYOMDEMO0001234567,ORD_VYOM_000614,20260918214425C0C9FF4F567374,250.00,INR,2026-09-18 21:44:25.0,PPI,WALLET,WALLET,625636799930084,TXN_SUCCESS,01,Txn Success,h2c9cmaFXI5DQhKh2XmOgK5NlkQ+rjUdeFfGnnFnBpo=,DYNAMIC_QR,cust_106abbb9b5,C0029
VYOMDEMO0001234567,ORD_VYOM_001784,20260918214516896D0D72385407,250.00,INR,2026-09-18 21:45:16.0,CC,HDFC,HDFC,602842417034924,TXN_SUCCESS,01,Txn Success,1PJtW+ad0pCaTqbj/zcK/cLhj58cfUoAVD3/W9pcafA=,DYNAMIC_QR,cust_020257eebe,C0116
VYOMDEMO0001234567,ORD_VYOM_000081,20260919083247A528BBFCF37F1A,280.00,INR,2026-09-19 08:32:47.0,UPI,UPI,Paytm Payments Bank,531985388991064,TXN_SUCCESS,01,Txn Success,U8WVHGlSXxQcr5JoVX76SuYYGh2NbCPQc8zFNcFuMqE=,DYNAMIC_QR,cust_23bc5b213e,C0004
VYOMDEMO0001234567,ORD_VYOM_000524,20260919083542A041E242007E2E,400.00,INR,2026-09-19 08:35:42.0,DC,ICICI,ICICI,207864029302786,TXN_SUCCESS,01,Txn Success,lg+hiMdNa4QDOynuYTa2rslOWx0GoNF2tiuqFcQT0dc=,DYNAMIC_QR,cust_f28cbf1be8,C0025
VYOMDEMO0001234567,ORD_VYOM_000049,2026091909191702ADE8A9071071,340.00,INR,2026-09-19 09:19:17.0,UPI,UPI,Paytm Payments Bank,270868383727483,TXN_SUCCESS,01,Txn Success,3HsXP7dG9OK4GeRozEJ0TmNckJT1qB00ioH5j+Z1Q6U=,DYNAMIC_QR,cust_c4796bc897,C0003
VYOMDEMO0001234567,ORD_VYOM_000461,202609190922176F80A9E7D10C60,300.00,INR,2026-09-19 09:22:17.0,UPI,UPI,Paytm Payments Bank,799841792418215,TXN_SUCCESS,01,Txn Success,IBrRjt7bj9WUuBATnLBWgb7uY7YdMDeGP7xc6MBj024=,DYNAMIC_QR,cust_c412e8f05c,C0022
VYOMDEMO0001234567,ORD_VYOM_001662,202609191004334CE3FD93BD63BF,200.00,INR,2026-09-19 10:04:33.0,CC,HDFC,HDFC,710561524635123,TXN_SUCCESS,01,Txn Success,fhc2fUxHQ6r367baMct+t3AEmkqPdI++rg7QT1IgRyg=,DYNAMIC_QR,cust_3a81627454,C0096
VYOMDEMO0001234567,ORD_VYOM_001287,20260919110918A1911BC1AECA36,400.00,INR,2026-09-19 11:09:18.0,DC,ICICI,ICICI,361298405367756,TXN_SUCCESS,01,Txn Success,/nYkEUNHe1DK7SSKDuxvcnHRoCfyXQO3qAMbPbBBryY=,DYNAMIC_QR,cust_4b0cb4e62f,C0059
VYOMDEMO0001234567,ORD_VYOM_000401,20260919111144FCD50647CB9052,180.00,INR,2026-09-19 11:11:44.0,CC,HDFC,HDFC,448463208554752,TXN_SUCCESS,01,Txn Success,huZp/3QI6+qdB8r/c3I7ndVGGKNmrU9TYlrcBTH45MY=,DYNAMIC_QR,cust_1758aa28d3,C0018
VYOMDEMO0001234567,ORD_VYOM_001314,20260919134314ABA6C05BBC5A3F,400.00,INR,2026-09-19 13:43:14.0,UPI,UPI,Paytm Payments Bank,724537523172205,TXN_SUCCESS,01,Txn Success,otSAcsyc6cTkZh15B8M/2Nk4EUj/trs/j+9lJ2ucdYs=,DYNAMIC_QR,cust_2658be5647,C0060
VYOMDEMO0001234567,ORD_VYOM_000308,20260919144439122A3E7CC49AEC,300.00,INR,2026-09-19 14:44:39.0,UPI,UPI,Paytm Payments Bank,683575238299874,TXN_SUCCESS,01,Txn Success,61A0P6t2bxLtAA/71YKTxh+tmncgeG4aJqdIUASEzwk=,DYNAMIC_QR,cust_2db547fcb3,C0013
VYOMDEMO0001234567,ORD_VYOM_000780,20260919181100C1B61930AC98A0,170.00,INR,2026-09-19 18:11:00.0,PPI,WALLET,WALLET,610662174892323,TXN_SUCCESS,01,Txn Success,nbI0xyvMg0aor4lwjMUDx5mXf5lf2hRzyd/uhK9CAG4=,DYNAMIC_QR,cust_40b3e01be6,C0038
VYOMDEMO0001234567,ORD_VYOM_000101,2026091919440031201A8A2FC317,550.00,INR,2026-09-19 19:44:00.0,UPI,UPI,Paytm Payments Bank,494064540883125,TXN_SUCCESS,01,Txn Success,gz8cmF377UVylXgc46GjGmp+NcjwqSn2qVskBnX+2Ak=,DYNAMIC_QR,cust_d97b299d31,C0005
VYOMDEMO0001234567,ORD_VYOM_000970,202609192008170741770C6BA1D9,460.00,INR,2026-09-19 20:08:17.0,DC,ICICI,ICICI,413808291718606,TXN_SUCCESS,01,Txn Success,GzI0Yl/X7mcbQmKfxdJttpX4W1sX/Ty54wbxiZUFqVM=,DYNAMIC_QR,cust_d544bf3b16,C0045
VYOMDEMO0001234567,ORD_VYOM_000988,202609192034380662CA972F4F8D,300.00,INR,2026-09-19 20:34:38.0,PPI,WALLET,WALLET,75135085007521,TXN_FAILURE,810,Payment failed due to a technical error.,uT21GAOwcJG8d6m766Fzq24yKZN3z5uyuoTdKgSkvrc=,DYNAMIC_QR,cust_3433633783,C0046
VYOMDEMO0001234567,ORD_VYOM_000500,20260919210318360D720E1A3872,300.00,INR,2026-09-19 21:03:18.0,DC,ICICI,ICICI,557002534684292,TXN_SUCCESS,01,Txn Success,gVpQTjsrwo4tdjvbolauRsH+5N4uxx4Nnesuk1lSjTY=,DYNAMIC_QR,cust_ecaca9bcdb,C0024
VYOMDEMO0001234567,ORD_VYOM_000842,2026091921182258EBEE69CF47D7,380.00,INR,2026-09-19 21:18:22.0,UPI,UPI,Paytm Payments Bank,440067602211628,TXN_SUCCESS,01,Txn Success,IMF6AlZ9S+X1+IXV8Pt39uWcOZXQspj8OiRY+leDaTg=,DYNAMIC_QR,cust_8f7c742c92,C0040
VYOMDEMO0001234567,ORD_VYOM_002019,202609192118493AF67EDAC8499F,420.00,INR,2026-09-19 21:18:49.0,UPI,UPI,Paytm Payments Bank,153765365409424,TXN_SUCCESS,01,Txn Success,58Lp9xoDDdV1pSVXozPuR7o+i66CQPex8/5PyTupTb0=,DYNAMIC_QR,cust_e008798f73,C0165
VYOMDEMO0001234567,ORD_VYOM_002076,2026091921204042423D00FF118A,350.00,INR,2026-09-19 21:20:40.0,DC,ICICI,ICICI,381701582424457,TXN_SUCCESS,01,Txn Success,Fs/GSOO1DA/tS+n/7u7bTVRNk/VVKEMel1XAXwXh/A0=,DYNAMIC_QR,cust_3b79109ad5,C0176
VYOMDEMO0001234567,ORD_VYOM_000634,20260920090117CED9E0D173036F,290.00,INR,2026-09-20 09:01:17.0,CC,HDFC,HDFC,411079787416681,TXN_SUCCESS,01,Txn Success,BP9uts/S/MJ6b8IdpWNdJosmK/TY2f5wnMkcYOzy6Oo=,DYNAMIC_QR,cust_9138b9325b,C0030
VYOMDEMO0001234567,ORD_VYOM_001936,20260920092643DDB6661FACF671,300.00,INR,2026-09-20 09:26:43.0,PPI,WALLET,WALLET,661262230907572,TXN_SUCCESS,01,Txn Success,xMfi8ufXFcrefu+fNdegjkX6e5It0CVbiD2n59+UKrQ=,DYNAMIC_QR,cust_84f1d1e80b,C0149
VYOMDEMO0001234567,ORD_VYOM_000265,202609200927414D19A277193342,340.00,INR,2026-09-20 09:27:41.0,CC,HDFC,HDFC,418233941778527,TXN_SUCCESS,01,Txn Success,EIftNdRoFUqchIVUnzcmkp6ROWKcQ4JlFqZvEe5r6GE=,DYNAMIC_QR,cust_ca9b9b6adf,C0011
VYOMDEMO0001234567,ORD_VYOM_000935,20260920100434A443F82E881F9A,400.00,INR,2026-09-20 10:04:34.0,UPI,UPI,Paytm Payments Bank,665412139725130,TXN_SUCCESS,01,Txn Success,pB8ffJhPG3QYHmecl7HlmkKPkIg8gi5dW2uI+h+Iay0=,DYNAMIC_QR,cust_a4d97a4e7d,C0044
VYOMDEMO0001234567,ORD_VYOM_002280,20260920101523E7D830BBFF4857,260.00,INR,2026-09-20 10:15:23.0,UPI,UPI,Paytm Payments Bank,660020778926294,TXN_SUCCESS,01,Txn Success,fOiixtlZ5kEXqd8QhHy0gCdCydAlf8u16nWgdLhDE0c=,DYNAMIC_QR,cust_bf02b42e78,C0316
VYOMDEMO0001234567,ORD_VYOM_001086,20260920124047DDA4C0AD69C47B,550.00,INR,2026-09-20 12:40:47.0,UPI,UPI,Paytm Payments Bank,296391983743084,TXN_SUCCESS,01,Txn Success,ttM/mZ6im7rKTyW8A44iROJcTQHhAJ1kOFE+6QzGj1E=,DYNAMIC_QR,cust_7c85655ba0,C0050
VYOMDEMO0001234567,ORD_VYOM_001074,20260920152827E6F7B072278FAF,280.00,INR,2026-09-20 15:28:27.0,UPI,UPI,Paytm Payments Bank,435398413852592,TXN_SUCCESS,01,Txn Success,g9YiPCQR0Lv1XQL9mlMjKLm9kGXamc8cAEv728fU2gU=,DYNAMIC_QR,cust_fc7659f04d,C0049
VYOMDEMO0001234567,ORD_VYOM_002074,2026092016264929811BF38E55C6,270.00,INR,2026-09-20 16:26:49.0,UPI,UPI,Paytm Payments Bank,677587083465586,TXN_SUCCESS,01,Txn Success,V3K6GpUu0ZNWuYq2aVd+MP6l85Bpo0wXL3ukjUwwObg=,DYNAMIC_QR,cust_e15240849f,C0175
VYOMDEMO0001234567,ORD_VYOM_001593,20260920182948F6C4242292EFA5,130.00,INR,2026-09-20 18:29:48.0,CC,HDFC,HDFC,720350423134543,TXN_SUCCESS,01,Txn Success,CT5D2zahupmMSFOo60XCEYm8guW86bvD8HmxQQltxUI=,DYNAMIC_QR,cust_72f28a419b,C0082
VYOMDEMO0001234567,ORD_VYOM_001628,202609201844164F28BBB1B2C9E2,160.00,INR,2026-09-20 18:44:16.0,PPI,WALLET,WALLET,896445013227064,TXN_SUCCESS,01,Txn Success,mBc9NgW3ceTxWY/G2o1KlI8BqbKPaohjr6y4HJlgurc=,DYNAMIC_QR,cust_fd92466785,C0090
VYOMDEMO0001234567,ORD_VYOM_000489,2026092019053202BC9F528C76F7,250.00,INR,2026-09-20 19:05:32.0,DC,ICICI,ICICI,626727124554860,TXN_SUCCESS,01,Txn Success,mJzvW/hWjd1PE0w12rVcIDWEOrxTRh+LaLcrJkl+ktI=,DYNAMIC_QR,cust_6e959f4c64,C0023
VYOMDEMO0001234567,ORD_VYOM_000707,20260920190723D1A693AED9A75F,460.00,INR,2026-09-20 19:07:23.0,UPI,UPI,Paytm Payments Bank,388556342361457,TXN_SUCCESS,01,Txn Success,n1UkTxUf0HHCN5coCp9T3qu9h5Q7v7UFzs4HPkS2r1I=,DYNAMIC_QR,cust_d4aeae392b,C0034
VYOMDEMO0001234567,ORD_VYOM_001245,20260920201446AF115ADDF534A9,550.00,INR,2026-09-20 20:14:46.0,PPI,WALLET,WALLET,405260845200464,TXN_SUCCESS,01,Txn Success,y2gXV/poL7stKTJ2sz4mqMTjdlWONT8+pFfMe6yxNnM=,DYNAMIC_QR,cust_f249fd9c9c,C0057
VYOMDEMO0001234567,ORD_VYOM_000346,20260920201800F9242205292784,280.00,INR,2026-09-20 20:18:00.0,UPI,UPI,Paytm Payments Bank,382889240320258,TXN_SUCCESS,01,Txn Success,yX1Y2TlL7GE7n/SYHs7JFuWdGneWVY9pW/WV8KfP3j4=,DYNAMIC_QR,cust_240753abf1,C0015
VYOMDEMO0001234567,ORD_VYOM_000127,2026092021332205F678A74AA66A,400.00,INR,2026-09-20 21:33:22.0,DC,ICICI,ICICI,563213282267968,TXN_SUCCESS,01,Txn Success,dmVzBqC0s3bN8UaqYbMP8PsFmTkIKHVpSA4GI2Ppq1g=,DYNAMIC_QR,cust_4b7feffc40,C0006
VYOMDEMO0001234567,ORD_VYOM_002164,202609210844327F9D3C28EA0AD7,50.00,INR,2026-09-21 08:44:32.0,CC,HDFC,HDFC,201469238600844,TXN_SUCCESS,01,Txn Success,GTKpVGhcvQGEhiYDNQyiJAI51RaySHlmdfG7sFHQ1wE=,DYNAMIC_QR,cust_e15ba843e2,C0198
VYOMDEMO0001234567,ORD_VYOM_001897,20260921090007767EAFCAA53B05,300.00,INR,2026-09-21 09:00:07.0,DC,ICICI,ICICI,613629942035023,TXN_SUCCESS,01,Txn Success,mv2VCia1sYPX/DJEUXy/3R++w9ufrK5RGJtLEiL5SKo=,DYNAMIC_QR,cust_d25b7ce37d,C0139
VYOMDEMO0001234567,ORD_VYOM_001739,2026092109025671157718B5DDB7,120.00,INR,2026-09-21 09:02:56.0,UPI,UPI,Paytm Payments Bank,794852264084606,TXN_SUCCESS,01,Txn Success,zMEz/6QlOvDISzmHla/OJ2Oa4PYFxim/1uO/MjnTLic=,DYNAMIC_QR,cust_9e0f68731d,C0109
VYOMDEMO0001234567,ORD_VYOM_000766,20260921102403BB5862033C9A3C,450.00,INR,2026-09-21 10:24:03.0,UPI,UPI,Paytm Payments Bank,315943386197268,TXN_SUCCESS,01,Txn Success,NudobRkuV+614JL4LlK8Npg8m1rfT5uwub4vmgoNTlk=,DYNAMIC_QR,cust_9a8d00481d,C0037
VYOMDEMO0001234567,ORD_VYOM_000781,20260921104802F0B07565468A49,250.00,INR,2026-09-21 10:48:02.0,DC,ICICI,ICICI,537989789495729,TXN_SUCCESS,01,Txn Success,UG/wqcIHQSI+3h1KNj7T4yJe1UZyAUkrvxBtldqrGHw=,DYNAMIC_QR,cust_40b3e01be6,C0038
VYOMDEMO0001234567,ORD_VYOM_001823,20260921133735A362EAE31EF504,250.00,INR,2026-09-21 13:37:35.0,DC,ICICI,ICICI,64310368787318,TXN_SUCCESS,01,Txn Success,qL16RWbss93vuQcDK4j21tzMn0XPBACqUw+c4+2NelY=,DYNAMIC_QR,cust_e41964869d,C0126
VYOMDEMO0001234567,ORD_VYOM_001315,2026092114124598B2FA59C0D71F,380.00,INR,2026-09-21 14:12:45.0,UPI,UPI,Paytm Payments Bank,425001279049770,TXN_SUCCESS,01,Txn Success,wbkeHG62zVLcDlPDfYLmYcr1BQ2XnCwug07rr6L8pnU=,DYNAMIC_QR,cust_2658be5647,C0060
VYOMDEMO0001234567,ORD_VYOM_000326,20260921144003306D809E7CD289,360.00,INR,2026-09-21 14:40:03.0,UPI,UPI,Paytm Payments Bank,609052451800084,TXN_SUCCESS,01,Txn Success,aLqj66TgOtTN8gDckK1YnClXHEEItbtrmWlK4LPY8Uo=,DYNAMIC_QR,cust_1ae6b5d45e,C0014
VYOMDEMO0001234567,ORD_VYOM_001915,202609211451153C81B576D6D64C,450.00,INR,2026-09-21 14:51:15.0,UPI,UPI,Paytm Payments Bank,817972503175282,TXN_SUCCESS,01,Txn Success,oVmAMYww2KdaUpyMLMTClzEryzncEJxjYOCkotP55dU=,DYNAMIC_QR,cust_5f6c8a8dea,C0144
VYOMDEMO0001234567,ORD_VYOM_001650,20260921163503C512E8D6E328DC,180.00,INR,2026-09-21 16:35:03.0,UPI,UPI,Paytm Payments Bank,542266459668790,TXN_SUCCESS,01,Txn Success,bElxd5EBhyqTGqcpw8oCmJv2TtKHYQw102yl04+YrzM=,DYNAMIC_QR,cust_3e84afa8ec,C0094
VYOMDEMO0001234567,ORD_VYOM_001264,2026092118182005D7FA19C65DA3,480.00,INR,2026-09-21 18:18:20.0,DC,ICICI,ICICI,886217091042313,TXN_SUCCESS,01,Txn Success,8aslvVYNsFhmLyA1pMvf4R/jKSCb/BiOH07+YKqQ5Qg=,DYNAMIC_QR,cust_6b44d63f59,C0058
VYOMDEMO0001234567,ORD_VYOM_001606,20260921182510C117C5D8E3DAF2,450.00,INR,2026-09-21 18:25:10.0,CC,HDFC,HDFC,797581481205047,TXN_SUCCESS,01,Txn Success,4vBDm62b5eWAjmmTjVFqyQL6ZYIlP5edl9DdwBgzu9M=,DYNAMIC_QR,cust_a7c5e13796,C0084
VYOMDEMO0001234567,ORD_VYOM_001134,20260921190624AEE552CB3D9B25,260.00,INR,2026-09-21 19:06:24.0,UPI,UPI,Paytm Payments Bank,662022307385992,TXN_SUCCESS,01,Txn Success,skjR3vf4A5+rtiACiKDpZi9+lSmMNHqkkCJNxe1pyzc=,DYNAMIC_QR,cust_009f929355,C0052
VYOMDEMO0001234567,ORD_VYOM_000170,202609220831189E761FFB2EB8E5,200.00,INR,2026-09-22 08:31:18.0,DC,ICICI,ICICI,635733827489544,TXN_SUCCESS,01,Txn Success,darBBYWG/N1rwMAa+uUxd+hmwUH/fGth12lx46666Jo=,DYNAMIC_QR,cust_8e84008d36,C0008
VYOMDEMO0001234567,ORD_VYOM_001219,20260922092809A7234E83A9E728,310.00,INR,2026-09-22 09:28:09.0,PPI,WALLET,WALLET,293662766622643,TXN_SUCCESS,01,Txn Success,wf7EGTvh2kz+MUtIrmpHBFN/VHeTayKz/+OkELujocY=,DYNAMIC_QR,cust_b981b6cff8,C0056
VYOMDEMO0001234567,ORD_VYOM_001288,20260922094701D7572499582112,320.00,INR,2026-09-22 09:47:01.0,UPI,UPI,Paytm Payments Bank,836135601750026,TXN_SUCCESS,01,Txn Success,WtL+iczFXukx1+1jOAeeAQ2/elFa67YNu7Iir9ebmOo=,DYNAMIC_QR,cust_4b0cb4e62f,C0059
VYOMDEMO0001234567,ORD_VYOM_000615,2026092210515038CA13A72ECCCA,300.00,INR,2026-09-22 10:51:50.0,UPI,UPI,Paytm Payments Bank,523015164457968,TXN_SUCCESS,01,Txn Success,nAAapghRM+S4tsuACR2AwImaVlVcKeY175/amOqhOac=,DYNAMIC_QR,cust_106abbb9b5,C0029
VYOMDEMO0001234567,ORD_VYOM_001045,20260922132516765D3A5C505F12,450.00,INR,2026-09-22 13:25:16.0,UPI,UPI,Paytm Payments Bank,282507683330099,TXN_SUCCESS,01,Txn Success,v9SIgiUJkaDYAT37l+Jw+JIfioG3nmQZU0lfuHDxNAg=,DYNAMIC_QR,cust_c3657372a9,C0048
VYOMDEMO0001234567,ORD_VYOM_001585,20260922190306C03CAF353401A7,150.00,INR,2026-09-22 19:03:06.0,UPI,UPI,Paytm Payments Bank,745819516246151,TXN_SUCCESS,01,Txn Success,EUfCSdi3HufCo1RjPmB3Pf12yik2u/KzDyDacfuDF0U=,DYNAMIC_QR,cust_caabbd1275,C0080
VYOMDEMO0001234567,ORD_VYOM_000357,20260922194159908CDA87A4323E,220.00,INR,2026-09-22 19:41:59.0,UPI,UPI,Paytm Payments Bank,250736144510718,TXN_SUCCESS,01,Txn Success,cLztGAGmkFhKXpD6pf7ojmIPjQ9YPu4zGfBPUV2udeo=,DYNAMIC_QR,cust_4e741c85b4,C0016
VYOMDEMO0001234567,ORD_VYOM_000567,20260922200237095AD833D5AECC,380.00,INR,2026-09-22 20:02:37.0,UPI,UPI,Paytm Payments Bank,312553553858130,TXN_SUCCESS,01,Txn Success,122MW8pL2Ks5xJOFBO5kyt3xprQRuvxvLL9g0XCEtjg=,DYNAMIC_QR,cust_a1b51de3dc,C0027
VYOMDEMO0001234567,ORD_VYOM_000843,20260922203809C8F28626C80E44,300.00,INR,2026-09-22 20:38:09.0,UPI,UPI,Paytm Payments Bank,497914342457321,TXN_SUCCESS,01,Txn Success,2/E39sasU3gdnK+Zus9S3NM+6cLiGoKJCEwDUFagBT4=,DYNAMIC_QR,cust_8f7c742c92,C0040
VYOMDEMO0001234567,ORD_VYOM_000582,20260922203911F383E126FB03A2,380.00,INR,2026-09-22 20:39:11.0,PPI,WALLET,WALLET,634275944572323,TXN_SUCCESS,01,Txn Success,tCNibiC08ioZfciyvXvuexxXTj2T44nedAJ+O8huuME=,DYNAMIC_QR,cust_99e98f2292,C0028
VYOMDEMO0001234567,ORD_VYOM_001010,2026092220432605081F8E8F8211,460.00,INR,2026-09-22 20:43:26.0,UPI,UPI,Paytm Payments Bank,23114337295155,TXN_SUCCESS,01,Txn Success,Gm5cUV2vZEx/Dwh9yVRhOpbuZ9YoppI+ntSUQecbAYI=,DYNAMIC_QR,cust_f966ed1ab1,C0047
VYOMDEMO0001234567,ORD_VYOM_000102,2026092220465639EF153539A584,600.00,INR,2026-09-22 20:46:56.0,CC,HDFC,HDFC,732658101091482,TXN_FAILURE,810,Payment failed due to a technical error.,8bYAo8eBGvdSpfd5jyvKtG3f8j8nEjpunk76I2zXBDM=,DYNAMIC_QR,cust_d97b299d31,C0005
VYOMDEMO0001234567,ORD_VYOM_000635,202609230834386D7E7235DC3969,240.00,INR,2026-09-23 08:34:38.0,DC,ICICI,ICICI,468926527662374,TXN_FAILURE,810,Payment failed due to a technical error.,wQwXmAxpRFxIGf6nNZR58k3AtZSqGHD9UfyeKKNJg8o=,DYNAMIC_QR,cust_9138b9325b,C0030
VYOMDEMO0001234567,ORD_VYOM_000309,20260923092846DA4418CEE4F1EB,390.00,INR,2026-09-23 09:28:46.0,UPI,UPI,Paytm Payments Bank,465076726088178,TXN_SUCCESS,01,Txn Success,hYSzOg412L8K16YDmuT7VPPuBtZwgQrdVpyPYLQRHVo=,DYNAMIC_QR,cust_2db547fcb3,C0013
VYOMDEMO0001234567,ORD_VYOM_001929,2026092309370447AF73DC88A272,180.00,INR,2026-09-23 09:37:04.0,CC,HDFC,HDFC,895462343999256,TXN_SUCCESS,01,Txn Success,HJ1gCMUTTNTISY27w0ISXJ+gTPNr8zlNZAnzRZDL7pY=,DYNAMIC_QR,cust_1e1fe68a98,C0148
VYOMDEMO0001234567,ORD_VYOM_000490,2026092309542781A4B419C87199,340.00,INR,2026-09-23 09:54:27.0,UPI,UPI,Paytm Payments Bank,702097754424400,TXN_FAILURE,810,Payment failed due to a technical error.,GNolpIkyvV+CAB9qm8XweYMK3oQutedM9/42pG9kdOo=,DYNAMIC_QR,cust_6e959f4c64,C0023
VYOMDEMO0001234567,ORD_VYOM_000266,20260923104325F89C143D32581D,300.00,INR,2026-09-23 10:43:25.0,UPI,UPI,Paytm Payments Bank,639612798467166,TXN_SUCCESS,01,Txn Success,Y4GQ4gMN6BMOmjU0SLT0MATTfx9lhmYNA1BU7PrbiLk=,DYNAMIC_QR,cust_ca9b9b6adf,C0011
VYOMDEMO0001234567,ORD_VYOM_000652,20260923104514B9736B3639C88A,320.00,INR,2026-09-23 10:45:14.0,UPI,UPI,Paytm Payments Bank,324950801950468,TXN_SUCCESS,01,Txn Success,3ANkTY5hjZ+U5JR5YD3nOJsv6gTBX/C0yqM1t75tWEE=,DYNAMIC_QR,cust_30c7131331,C0031
VYOMDEMO0001234567,ORD_VYOM_000729,20260923104612CD94A22F7C6AC5,500.00,INR,2026-09-23 10:46:12.0,UPI,UPI,Paytm Payments Bank,314793632340087,TXN_SUCCESS,01,Txn Success,uW6WlEApJ63PUrT1cfn3JE8biJA9R8BsN8ksCQ31Ryg=,DYNAMIC_QR,cust_37d415cd87,C0035
VYOMDEMO0001234567,ORD_VYOM_001794,202609231257427A5B0E45841E46,400.00,INR,2026-09-23 12:57:42.0,UPI,UPI,Paytm Payments Bank,655444001509871,TXN_SUCCESS,01,Txn Success,M8Y7rhZNLOHQHk9/NDtFhVFeHmiIXtK7xHpAofC4iUU=,DYNAMIC_QR,cust_2c8cb63c6c,C0119
VYOMDEMO0001234567,ORD_VYOM_001159,20260923133012D2B7A131D64B83,500.00,INR,2026-09-23 13:30:12.0,UPI,UPI,Paytm Payments Bank,44997516355393,TXN_SUCCESS,01,Txn Success,P3MG4px9ZFU/IewNA+fdPV5+LfiQ9gSfsGj+6ut915w=,DYNAMIC_QR,cust_82cd81d65f,C0053
VYOMDEMO0001234567,ORD_VYOM_000971,20260923134211902299DB344A62,250.00,INR,2026-09-23 13:42:11.0,PPI,WALLET,WALLET,931159359295615,TXN_SUCCESS,01,Txn Success,wNO7ioyzJT8PpN8w7dMspwuywQNlstN+zSMzH6/iDLU=,DYNAMIC_QR,cust_d544bf3b16,C0045
VYOMDEMO0001234567,ORD_VYOM_001556,202609231356597510E4CABC0FED,250.00,INR,2026-09-23 13:56:59.0,CC,HDFC,HDFC,750788811848549,TXN_SUCCESS,01,Txn Success,9Q7sValcY2s6QeMt53w+kfQasUNgWJxKv6MCIW9FTPs=,DYNAMIC_QR,cust_6a0fae8ba0,C0075
VYOMDEMO0001234567,ORD_VYOM_000027,2026092314154444FEC6F7B6D256,300.00,INR,2026-09-23 14:15:44.0,PPI,WALLET,WALLET,572068857846150,TXN_SUCCESS,01,Txn Success,ze8GNdGePJ5GNvLvtaQFNxWK8DQ/2YnJ9LtAOt/NIWk=,DYNAMIC_QR,cust_669ee76164,C0002
VYOMDEMO0001234567,ORD_VYOM_000448,20260923183914AA72176CA8A602,290.00,INR,2026-09-23 18:39:14.0,CC,HDFC,HDFC,640611424967845,TXN_SUCCESS,01,Txn Success,LvKyXIAscuRj7hQIcTY19wo3fBg+ZbvK5iQv4kXP9iw=,DYNAMIC_QR,cust_bb103c6777,C0021
VYOMDEMO0001234567,ORD_VYOM_001873,20260923184948E44B9E602B0443,300.00,INR,2026-09-23 18:49:48.0,UPI,UPI,Paytm Payments Bank,225989936657426,TXN_FAILURE,810,Payment failed due to a technical error.,ovC1U8OtUezth0Jnk9GiXfe0C3EcAoIRObTzA0gXsXA=,DYNAMIC_QR,cust_13c73423f8,C0135
VYOMDEMO0001234567,ORD_VYOM_001205,202609231954026910BE6D3D50FE,350.00,INR,2026-09-23 19:54:02.0,UPI,UPI,Paytm Payments Bank,986230376921511,TXN_SUCCESS,01,Txn Success,0JSX+XGoOzWH36SS9MsN5QaR7BnCGjgOfusjVilkCyQ=,DYNAMIC_QR,cust_4b274e83b3,C0055
VYOMDEMO0001234567,ORD_VYOM_000082,20260923205446407A99E2EBFF61,600.00,INR,2026-09-23 20:54:46.0,PPI,WALLET,WALLET,259283591028860,TXN_SUCCESS,01,Txn Success,PymRppfuXvDXJODV+ZUm/OkkwtmNZUZVva8gFuc3fwM=,DYNAMIC_QR,cust_23bc5b213e,C0004
VYOMDEMO0001234567,ORD_VYOM_001187,20260923211459A150371718D76C,520.00,INR,2026-09-23 21:14:59.0,UPI,UPI,Paytm Payments Bank,247400819075573,TXN_SUCCESS,01,Txn Success,z65DmkeJciMYG49zw2fiFt8aMzveQB08pZtzWgBV5zk=,DYNAMIC_QR,cust_5cd1790ef5,C0054
VYOMDEMO0001234567,ORD_VYOM_002219,20260924080234D08E2E134DF03B,220.00,INR,2026-09-24 08:02:34.0,UPI,UPI,Paytm Payments Bank,850839288947851,TXN_SUCCESS,01,Txn Success,zxu/53tMbFj3C8CZl8ZhrHxodTwRNguGcZeUSyPWPng=,DYNAMIC_QR,cust_d500e6904e,C0253
VYOMDEMO0001234567,ORD_VYOM_001957,2026092408105252D665FF1E801E,80.00,INR,2026-09-24 08:10:52.0,UPI,UPI,Paytm Payments Bank,33023046278009,TXN_SUCCESS,01,Txn Success,uZzqPrJYK5HgL7s/M8CwP710Y5THXkuhIrnVotmyT2M=,DYNAMIC_QR,cust_45ad7a8f47,C0152
VYOMDEMO0001234567,ORD_VYOM_000402,20260924083007592DE65C4E5FEF,210.00,INR,2026-09-24 08:30:07.0,UPI,UPI,Paytm Payments Bank,146958536608812,TXN_SUCCESS,01,Txn Success,mi61wago8T27Nz5lExU1v5htaqxRDzz0KDrVxckHDnA=,DYNAMIC_QR,cust_1758aa28d3,C0018
VYOMDEMO0001234567,ORD_VYOM_000347,20260924093348FD35F8037AA156,500.00,INR,2026-09-24 09:33:48.0,UPI,UPI,Paytm Payments Bank,591620260300334,TXN_SUCCESS,01,Txn Success,3JxS1TyQoN+zhisMbI36uYJQH4Mh5OldmGvLB8qeMoE=,DYNAMIC_QR,cust_240753abf1,C0015
VYOMDEMO0001234567,ORD_VYOM_000148,202609240944421D7E5BE6786989,500.00,INR,2026-09-24 09:44:42.0,UPI,UPI,Paytm Payments Bank,763885994368386,TXN_SUCCESS,01,Txn Success,QfhICQNKBGhOmbLy1K2dhABSI+iDyte71PSNIIvwR04=,DYNAMIC_QR,cust_eabdbf3bc8,C0007
VYOMDEMO0001234567,ORD_VYOM_000877,20260924094730EE43493FBF29CB,400.00,INR,2026-09-24 09:47:30.0,UPI,UPI,Paytm Payments Bank,176727834149979,TXN_SUCCESS,01,Txn Success,/TPuhjPSmwPqy4JyNM6HKyCcFJQpNyXG46I8q4KLSbQ=,DYNAMIC_QR,cust_e2d64a5dd5,C0042
VYOMDEMO0001234567,ORD_VYOM_000545,202609240951203C87BA71D4A1AA,240.00,INR,2026-09-24 09:51:20.0,CC,HDFC,HDFC,364574301570496,TXN_SUCCESS,01,Txn Success,9Apn4/HddbTBT2on7BzgVSHRuKnMX0k543IfpKKwL5M=,DYNAMIC_QR,cust_41941dbbd4,C0026
VYOMDEMO0001234567,ORD_VYOM_000525,202609241024313759D8BDD9338B,400.00,INR,2026-09-24 10:24:31.0,PPI,WALLET,WALLET,387557715860778,TXN_SUCCESS,01,Txn Success,2lAJJGjBVRoiTj7sSMiEanHipFQsYHA1TGRANLKWE0c=,DYNAMIC_QR,cust_f28cbf1be8,C0025
VYOMDEMO0001234567,ORD_VYOM_000812,2026092410441583FF4169A91C0A,400.00,INR,2026-09-24 10:44:15.0,CC,HDFC,HDFC,564400227345253,TXN_SUCCESS,01,Txn Success,U2BxofExgLznUupsyfbj9rmyGactwgPn8Y/IX7J/G18=,DYNAMIC_QR,cust_0b348a9dd1,C0039
VYOMDEMO0001234567,ORD_VYOM_000972,20260924104420912EABCF87EBA2,300.00,INR,2026-09-24 10:44:20.0,PPI,WALLET,WALLET,664262385867949,TXN_SUCCESS,01,Txn Success,rj4bKRkBX7xn6cX98qi3oN0kjkuZ8T4K8vJPaKvi2ao=,DYNAMIC_QR,cust_d544bf3b16,C0045
VYOMDEMO0001234567,ORD_VYOM_000687,202609241111281D2924B6028EF2,280.00,INR,2026-09-24 11:11:28.0,DC,ICICI,ICICI,329467437315970,TXN_SUCCESS,01,Txn Success,vqJB/Vv6e5p//NfVCpBS3iyJSSiG18PSKlRTVn3i2Og=,DYNAMIC_QR,cust_e87a5633d4,C0033
VYOMDEMO0001234567,ORD_VYOM_001945,202609241221303BB23EBB1F63C5,160.00,INR,2026-09-24 12:21:30.0,UPI,UPI,Paytm Payments Bank,843935126876214,TXN_FAILURE,810,Payment failed due to a technical error.,MnluqDJic/R8T4UZVC8NJ+zEyShUTKeDwCGriFkA7Ek=,DYNAMIC_QR,cust_ae8f8ca329,C0150
VYOMDEMO0001234567,ORD_VYOM_000199,20260924143054D08BA4ECED0ACF,420.00,INR,2026-09-24 14:30:54.0,DC,ICICI,ICICI,302670182375843,TXN_SUCCESS,01,Txn Success,APVaYFC39IO5zMDaisQaGcaGrWvlO7MF1Cq4sYPxnfY=,DYNAMIC_QR,cust_24551de984,C0009
VYOMDEMO0001234567,ORD_VYOM_000675,20260924170918F987D780E24EDC,200.00,INR,2026-09-24 17:09:18.0,UPI,UPI,Paytm Payments Bank,140379517914175,TXN_FAILURE,227,Your payment has been declined by your bank.,OqMcNqBmEBBrt/7B+UqNYTo83p2GJIBKCkZWQ9WAgVE=,DYNAMIC_QR,cust_a06e38f5f5,C0032
VYOMDEMO0001234567,ORD_VYOM_000782,20260924172742AE65ACAF056B0C,350.00,INR,2026-09-24 17:27:42.0,DC,ICICI,ICICI,480143049250036,TXN_SUCCESS,01,Txn Success,zipsFCEYfELGcTNPiXt+t2XAYrrC5apMyGyPV/kshKc=,DYNAMIC_QR,cust_40b3e01be6,C0038
VYOMDEMO0001234567,ORD_VYOM_001624,20260924172859B0C1F7CABA2FE8,350.00,INR,2026-09-24 17:28:59.0,UPI,UPI,Paytm Payments Bank,653864538246611,TXN_SUCCESS,01,Txn Success,UjQwqjIMrzw/0L20cUKSiudcea/R18ypaPKoEV51B+w=,DYNAMIC_QR,cust_51601fff15,C0088
VYOMDEMO0001234567,ORD_VYOM_000653,20260924180012A0C9C618EBF77F,400.00,INR,2026-09-24 18:00:12.0,UPI,UPI,Paytm Payments Bank,41515985892158,TXN_SUCCESS,01,Txn Success,I1kNt4CouCgorza/kpo92CiRb/aGTn5gkh38pZvP/jE=,DYNAMIC_QR,cust_30c7131331,C0031
VYOMDEMO0001234567,ORD_VYOM_002151,20260924181832AB5AA38AF9FD00,340.00,INR,2026-09-24 18:18:32.0,CC,HDFC,HDFC,221112339179125,TXN_SUCCESS,01,Txn Success,kld2F6cUT2TJvPu+MeDO6dTrVxFMeEuPYDEksJj7PyM=,DYNAMIC_QR,cust_8ed7bce16a,C0192
VYOMDEMO0001234567,ORD_VYOM_001087,202609241936591E492C2942BB8C,200.00,INR,2026-09-24 19:36:59.0,UPI,UPI,Paytm Payments Bank,595928227865519,TXN_SUCCESS,01,Txn Success,xGvVEJVPavHNkuYPcIpRsl41I8uBQp3Ym2v/QGI4Zlk=,DYNAMIC_QR,cust_7c85655ba0,C0050
VYOMDEMO0001234567,ORD_VYOM_000989,2026092419440844DA8E7B7F00FE,250.00,INR,2026-09-24 19:44:08.0,UPI,UPI,Paytm Payments Bank,520286660156043,TXN_SUCCESS,01,Txn Success,agVRruQhihTKmGEYWX9dczoXyHZS61KwW45q2WruN9g=,DYNAMIC_QR,cust_3433633783,C0046
VYOMDEMO0001234567,ORD_VYOM_001122,202609241949111EE968B562F23B,350.00,INR,2026-09-24 19:49:11.0,UPI,UPI,Paytm Payments Bank,851110226787787,TXN_SUCCESS,01,Txn Success,JT85Uwi9HcCJeSGDPp1Q6QsPN0EJCYNODBodBf491q0=,DYNAMIC_QR,cust_daf1fef437,C0051
VYOMDEMO0001234567,ORD_VYOM_000740,202609242010539A48E2144471E4,250.00,INR,2026-09-24 20:10:53.0,DC,ICICI,ICICI,343932574491536,TXN_SUCCESS,01,Txn Success,EL9p93WCPU8xlXBmkDJnQW5Oyga6pkxfVxcJYUdYh78=,DYNAMIC_QR,cust_99835ad417,C0036
VYOMDEMO0001234567,ORD_VYOM_000279,20260924202622FDBB2FBD06E9F4,400.00,INR,2026-09-24 20:26:22.0,UPI,UPI,Paytm Payments Bank,340744100954553,TXN_SUCCESS,01,Txn Success,KFvJ1eDH7wPkRStvV/rw2/lSjUr6uLgPMUyDiF3s8fQ=,DYNAMIC_QR,cust_679aa0bd53,C0012
VYOMDEMO0001234567,ORD_VYOM_000583,20260924214314EF7D89F0B37C52,280.00,INR,2026-09-24 21:43:14.0,UPI,UPI,Paytm Payments Bank,692122684818016,TXN_SUCCESS,01,Txn Success,8pHBW5hOmre1v28+/y8eo1Vx2dmABd+EVRZPnNZCTbg=,DYNAMIC_QR,cust_99e98f2292,C0028
VYOMDEMO0001234567,ORD_VYOM_000050,20260924214640E8D4FDBA246A22,360.00,INR,2026-09-24 21:46:40.0,PPI,WALLET,WALLET,173669081701698,TXN_SUCCESS,01,Txn Success,0XIUUwhD8vFnTeEXpF2smHvYSnJJZ6+pzmgXrxQiELY=,DYNAMIC_QR,cust_c4796bc897,C0003
VYOMDEMO0001234567,ORD_VYOM_000432,2026092508384238A58852B7D66C,280.00,INR,2026-09-25 08:38:42.0,DC,ICICI,ICICI,804811088020613,TXN_SUCCESS,01,Txn Success,ss7WbkH7reA8guwsxJXNj1NjEol46E6lJf8de7JOGPY=,DYNAMIC_QR,cust_173fc6de8b,C0020
VYOMDEMO0001234567,ORD_VYOM_000103,202609250845360F67B27DC38894,300.00,INR,2026-09-25 08:45:36.0,UPI,UPI,Paytm Payments Bank,415993863296570,TXN_SUCCESS,01,Txn Success,t2uEtSCrbiVyuUVI0T1ycY4q+qUEmtUQ3Yvh+r1qSls=,DYNAMIC_QR,cust_d97b299d31,C0005
VYOMDEMO0001234567,ORD_VYOM_001289,20260925092508F1D28F8E95A396,400.00,INR,2026-09-25 09:25:08.0,UPI,UPI,Paytm Payments Bank,536599357627591,TXN_SUCCESS,01,Txn Success,yGY7bepxiMwe+FzQ7Xn/sT6QvFLKPu69yEiaYTxxbHc=,DYNAMIC_QR,cust_4b0cb4e62f,C0059
VYOMDEMO0001234567,ORD_VYOM_000462,202609250929295698327E573D71,200.00,INR,2026-09-25 09:29:29.0,DC,ICICI,ICICI,500305548295780,TXN_SUCCESS,01,Txn Success,3m4yuRf43QW/JZY5tFH9j6jTsqr0Br4HHbWi0jIrPbA=,DYNAMIC_QR,cust_c412e8f05c,C0022
VYOMDEMO0001234567,ORD_VYOM_000416,20260925111127626FC5A939EA1F,200.00,INR,2026-09-25 11:11:27.0,UPI,UPI,Paytm Payments Bank,350749430389916,TXN_SUCCESS,01,Txn Success,oUdgryndGeJwbIsn2/uTu+3l+cy4XZQw6SMUNd0K3Tc=,DYNAMIC_QR,cust_7504516d8c,C0019
VYOMDEMO0001234567,ORD_VYOM_001011,202609251126571C0EBE28CBD2A9,400.00,INR,2026-09-25 11:26:57.0,UPI,UPI,Paytm Payments Bank,421423128134026,TXN_SUCCESS,01,Txn Success,ApWthKalAVo3N89V4+ihqnge2WiOES0vREL3ne/77pc=,DYNAMIC_QR,cust_f966ed1ab1,C0047
VYOMDEMO0001234567,ORD_VYOM_002048,202609251143307DFE69AF7F1101,380.00,INR,2026-09-25 11:43:30.0,UPI,UPI,Paytm Payments Bank,820701720295723,TXN_SUCCESS,01,Txn Success,DSvnuMwQp/rzD10oUDxCna6HIRKeKKdS70jtl8E7QtI=,DYNAMIC_QR,cust_124decfc20,C0169
VYOMDEMO0001234567,ORD_VYOM_001567,202609251429461487303F0C1DAE,220.00,INR,2026-09-25 14:29:46.0,PPI,WALLET,WALLET,307638765159725,TXN_SUCCESS,01,Txn Success,Jlxrdarj+rwji1Dr6aq5uzQYoHBjRyKZ4gzty+++mF0=,DYNAMIC_QR,cust_4266a809e4,C0077
VYOMDEMO0001234567,ORD_VYOM_000381,20260925163922378116366702B1,210.00,INR,2026-09-25 16:39:22.0,PPI,WALLET,WALLET,303668808876522,TXN_SUCCESS,01,Txn Success,VtyTy4wTP2/PFHrlGl8qR/Mq6sTJwWlMn3g4cptQfcU=,DYNAMIC_QR,cust_8fe3b75ae8,C0017
VYOMDEMO0001234567,ORD_VYOM_002125,202609251915287A094F2FDF8508,190.00,INR,2026-09-25 19:15:28.0,UPI,UPI,Paytm Payments Bank,109514260601304,TXN_SUCCESS,01,Txn Success,YnKyl9o4/PRAT0l3mA3EdM2aGLvixgbXAfzIxKGxdxU=,DYNAMIC_QR,cust_8420971346,C0186
VYOMDEMO0001234567,ORD_VYOM_001075,202609251922194166C19E603096,250.00,INR,2026-09-25 19:22:19.0,UPI,UPI,Paytm Payments Bank,762035593265190,TXN_SUCCESS,01,Txn Success,fD7QUJxsGfVi3X3EI+4cdYGE8VMKR0RxByf23n3dZx4=,DYNAMIC_QR,cust_fc7659f04d,C0049
VYOMDEMO0001234567,ORD_VYOM_000903,202609251926041C85D32A43974B,360.00,INR,2026-09-25 19:26:04.0,DC,ICICI,ICICI,288325912727800,TXN_SUCCESS,01,Txn Success,av2c3Pc3ZPT5FJLqXJKEhw8yUh2pvSCFpzJ/VF+7n3w=,DYNAMIC_QR,cust_20281afbd7,C0043
VYOMDEMO0001234567,ORD_VYOM_001972,20260925194435C8D3AC56602CB5,100.00,INR,2026-09-25 19:44:35.0,UPI,UPI,Paytm Payments Bank,639888539709529,TXN_SUCCESS,01,Txn Success,N1frmarCLk+QeDnja6iO+JgUEXBKjRsSQsT9Vtuvkgc=,DYNAMIC_QR,cust_a11e480ab9,C0155
VYOMDEMO0001234567,ORD_VYOM_000936,20260925204417B16D8E67873CEE,380.00,INR,2026-09-25 20:44:17.0,UPI,UPI,Paytm Payments Bank,723258879970823,TXN_SUCCESS,01,Txn Success,jbs8M3TEMLX+4EH0TPbsYdgiMg9jZ9lFDN3RO6+URBs=,DYNAMIC_QR,cust_a4d97a4e7d,C0044
VYOMDEMO0001234567,ORD_VYOM_000813,2026092520444657CC1D25316DC7,300.00,INR,2026-09-25 20:44:46.0,PPI,WALLET,WALLET,121826741960670,TXN_SUCCESS,01,Txn Success,YWCfIk5+g9lioFY3NSOHwII4KCI1KYK9ICmyPRS4iUU=,DYNAMIC_QR,cust_0b348a9dd1,C0039
VYOMDEMO0001234567,ORD_VYOM_000708,2026092608010448C96F8B7597FB,450.00,INR,2026-09-26 08:01:04.0,CC,HDFC,HDFC,871205274784448,TXN_SUCCESS,01,Txn Success,9811Ft4oeTkV+GYYoMGgV+mzjG44yMa/Rp+S0OAOVLU=,DYNAMIC_QR,cust_d4aeae392b,C0034
VYOMDEMO0001234567,ORD_VYOM_002081,202609260811110C1A73AAF6D3DB,150.00,INR,2026-09-26 08:11:11.0,UPI,UPI,Paytm Payments Bank,336589388734568,TXN_SUCCESS,01,Txn Success,S74ZOhOf/pIEQA0Fz9zGwEX032S5txY6eXJ74/e28kc=,DYNAMIC_QR,cust_fbcdb6d917,C0178
VYOMDEMO0001234567,ORD_VYOM_000616,20260926082124075B747FE0DA13,250.00,INR,2026-09-26 08:21:24.0,UPI,UPI,Paytm Payments Bank,703707477516639,TXN_SUCCESS,01,Txn Success,edjom2jwLJ6v35aTmQMLk/KMeGhRcF76rHH457jwg60=,DYNAMIC_QR,cust_106abbb9b5,C0029
VYOMDEMO0001234567,ORD_VYOM_001562,20260926082419D84FB0252F3AC5,300.00,INR,2026-09-26 08:24:19.0,DC,ICICI,ICICI,352750958849614,TXN_SUCCESS,01,Txn Success,tIYRND2Mw3SCwZfrkUsTMfR4hjuCKTD5JvmKqkELvpw=,DYNAMIC_QR,cust_c46ad3a524,C0076
VYOMDEMO0001234567,ORD_VYOM_000501,20260926090638233D52E44B8F43,350.00,INR,2026-09-26 09:06:38.0,CC,HDFC,HDFC,591649429703760,TXN_SUCCESS,01,Txn Success,eJQLLA1ourwreXSI4qVm9K97vbLARfd2C3NpeYWy/vY=,DYNAMIC_QR,cust_ecaca9bcdb,C0024
VYOMDEMO0001234567,ORD_VYOM_001135,20260926093932CF07A80E13BF1D,300.00,INR,2026-09-26 09:39:32.0,UPI,UPI,Paytm Payments Bank,24204661919931,TXN_SUCCESS,01,Txn Success,NYJmLj5ceEQqO6M/KjTYvQMBWTcvzK1B/w1252IPT2I=,DYNAMIC_QR,cust_009f929355,C0052
VYOMDEMO0001234567,ORD_VYOM_001904,202609260944494F256C6A797A2E,300.00,INR,2026-09-26 09:44:49.0,PPI,WALLET,WALLET,292475821545358,TXN_SUCCESS,01,Txn Success,QCfJBjy6UbuqSo3gw4OyoJIP8yDVHNE4ZXG9iKWL+Tk=,DYNAMIC_QR,cust_eb1e645a35,C0141
VYOMDEMO0001234567,ORD_VYOM_000028,2026092610182448DE8703685E98,200.00,INR,2026-09-26 10:18:24.0,UPI,UPI,Paytm Payments Bank,272532613723715,TXN_SUCCESS,01,Txn Success,2iCDg3GmHBaZhUCxSClV3g9zTqKXafZo0Cc/6HzBmpo=,DYNAMIC_QR,cust_669ee76164,C0002
VYOMDEMO0001234567,ORD_VYOM_002160,202609261037414FD67A06B55A29,50.00,INR,2026-09-26 10:37:41.0,UPI,UPI,Paytm Payments Bank,188734692045040,TXN_SUCCESS,01,Txn Success,ZQq7u3kDA5YRAlzXOFkbK/2VAjk44ZAc/rZ2/ATcZ74=,DYNAMIC_QR,cust_fed397b5ed,C0194
VYOMDEMO0001234567,ORD_VYOM_001674,202609261051495CBC3B198DB2D7,350.00,INR,2026-09-26 10:51:49.0,CC,HDFC,HDFC,222600104318288,TXN_SUCCESS,01,Txn Success,Ov4owrwMLCsTrIHPhbshJCsXO5OBM5fML7liflv1TCA=,DYNAMIC_QR,cust_727cd2c5c9,C0098
VYOMDEMO0001234567,ORD_VYOM_000128,20260926105250AB7FCA1900762C,440.00,INR,2026-09-26 10:52:50.0,PPI,WALLET,WALLET,621060022513661,TXN_SUCCESS,01,Txn Success,K2ZdwqQjZKau7GKgX4hhO+G7gvBwc9XSaiFz7zJtJNI=,DYNAMIC_QR,cust_4b7feffc40,C0006
VYOMDEMO0001234567,ORD_VYOM_000358,202609261056099F4C5C0BB4A58C,260.00,INR,2026-09-26 10:56:09.0,DC,ICICI,ICICI,192889404265025,TXN_SUCCESS,01,Txn Success,LYT2G4xlljFvWgEHiNWnQ/FFVB+9gz0Zusb5PztfiYo=,DYNAMIC_QR,cust_4e741c85b4,C0016
VYOMDEMO0001234567,ORD_VYOM_001246,202609261436536AE7C2C51CAA0D,500.00,INR,2026-09-26 14:36:53.0,UPI,UPI,Paytm Payments Bank,922611912777473,TXN_SUCCESS,01,Txn Success,2LS2oNRbIDOtw/pP9RrSjqhpxn3SWv9O92gyGqi0ouA=,DYNAMIC_QR,cust_f249fd9c9c,C0057
VYOMDEMO0001234567,ORD_VYOM_000083,20260926161327E9283373563F97,560.00,INR,2026-09-26 16:13:27.0,UPI,UPI,Paytm Payments Bank,558819835151295,TXN_SUCCESS,01,Txn Success,+OOCdsAENqJOdXM2Gq1aBNEmtJn6oki+KKouk8nOB84=,DYNAMIC_QR,cust_23bc5b213e,C0004
VYOMDEMO0001234567,ORD_VYOM_001921,2026092617283553724948870525,190.00,INR,2026-09-26 17:28:35.0,UPI,UPI,Paytm Payments Bank,563548452742736,TXN_SUCCESS,01,Txn Success,P6IvKBDiKA0ErKWMufmQ3fR4g62ntv8yPQkUPKR7v7s=,DYNAMIC_QR,cust_d9c1ef3e68,C0146
VYOMDEMO0001234567,ORD_VYOM_001732,20260926185430A59642911F3393,160.00,INR,2026-09-26 18:54:30.0,UPI,UPI,Paytm Payments Bank,826038574190566,TXN_SUCCESS,01,Txn Success,9H4wSTjoWBTPIUTzY7Qki6XHSSf2pzqx7KNXvThL0Sk=,DYNAMIC_QR,cust_69691cd29b,C0108
VYOMDEMO0001234567,ORD_VYOM_002064,20260926194846525BCA31A5F9F5,250.00,INR,2026-09-26 19:48:46.0,UPI,UPI,Paytm Payments Bank,192613663022662,TXN_SUCCESS,01,Txn Success,ktal07+9lMGAbcJNOSmJX1YaiyQ9Oxyy+SYfFh+HyzM=,DYNAMIC_QR,cust_4d15446b2c,C0173
VYOMDEMO0001234567,ORD_VYOM_000568,20260926200805195AE75D1E77DB,250.00,INR,2026-09-26 20:08:05.0,UPI,UPI,Paytm Payments Bank,254706813612437,TXN_SUCCESS,01,Txn Success,gxpi0LzqDI/6qDUbtKz9x+E1oPK4n03KVRvVBQPMYMM=,DYNAMIC_QR,cust_a1b51de3dc,C0027
VYOMDEMO0001234567,ORD_VYOM_002221,20260926201539338DB1F60FE826,180.00,INR,2026-09-26 20:15:39.0,PPI,WALLET,WALLET,239965935194508,TXN_SUCCESS,01,Txn Success,iWCdhRTLy3qprYnbhDhJzEvc+Y2vQVkP9yydWWrkqrs=,DYNAMIC_QR,cust_8bddfb4103,C0255
VYOMDEMO0001234567,ORD_VYOM_000226,20260926202458E0DC6E6596EE34,500.00,INR,2026-09-26 20:24:58.0,UPI,UPI,Paytm Payments Bank,399803123778098,TXN_SUCCESS,01,Txn Success,Y+1+xnFnMhar3mI8BKLLU4gW8Xm5IQs4AAZy9WyAljY=,DYNAMIC_QR,cust_785ff6e6b2,C0010
VYOMDEMO0001234567,ORD_VYOM_001316,20260926202811E1E4828D31F841,290.00,INR,2026-09-26 20:28:11.0,UPI,UPI,Paytm Payments Bank,663020933886671,TXN_SUCCESS,01,Txn Success,FMAUkoMH05WvtpAxx6G21M8kPL8cqKZiFHYsYI16CNI=,DYNAMIC_QR,cust_2658be5647,C0060
VYOMDEMO0001234567,ORD_VYOM_000014,20260926212428E85C7044465A71,350.00,INR,2026-09-26 21:24:28.0,DC,ICICI,ICICI,191647952283747,TXN_SUCCESS,01,Txn Success,OPx4kHweeFLt+WqMQkXG3NMXjm0eZOT8xmFYED2dUj4=,DYNAMIC_QR,cust_639130ba19,C0001
VYOMDEMO0001234567,ORD_VYOM_001247,20260927134103521C4AAAA12DD6,440.00,INR,2026-09-27 13:41:03.0,DC,ICICI,ICICI,672809832386091,TXN_SUCCESS,01,Txn Success,nKl1plsTY9WWdoBGNVKa849d8kdY3U8PxEyxCT2ycUs=,DYNAMIC_QR,cust_f249fd9c9c,C0057
VYOMDEMO0001234567,ORD_VYOM_002143,202609271400325609B56CAE829C,260.00,INR,2026-09-27 14:00:32.0,DC,ICICI,ICICI,44758966333134,TXN_SUCCESS,01,Txn Success,u8T3bVToBJBAgm+9juaw7BNj54hNRb3e97/CcWEgxF4=,DYNAMIC_QR,cust_0753906ee5,C0189
VYOMDEMO0001234567,ORD_VYOM_002013,2026092715365778E86F6AB5616B,140.00,INR,2026-09-27 15:36:57.0,UPI,UPI,Paytm Payments Bank,268953749989455,TXN_SUCCESS,01,Txn Success,nbytkkqrf7YueH6Q4c2Y2tB1fCdmXf+zEXDzRq8d1JA=,DYNAMIC_QR,cust_1a6a0727b9,C0164
VYOMDEMO0001234567,ORD_VYOM_000171,202609271736527E7A714F2583E5,350.00,INR,2026-09-27 17:36:52.0,PPI,WALLET,WALLET,336197583367109,TXN_SUCCESS,01,Txn Success,woBqMui9jhApV+9bWfUCj88el3NKxLW6A8i7DnIV01Y=,DYNAMIC_QR,cust_8e84008d36,C0008
VYOMDEMO0001234567,ORD_VYOM_001974,2026092717393959207840530A26,200.00,INR,2026-09-27 17:39:39.0,DC,ICICI,ICICI,717959217296084,TXN_SUCCESS,01,Txn Success,S7AtSdlaqwcBcyR8zd9YwGWVYsmhr+dyRQfl68AVzy4=,DYNAMIC_QR,cust_8361061296,C0156
VYOMDEMO0001234567,ORD_VYOM_000730,202609271740123DEA566833A90C,360.00,INR,2026-09-27 17:40:12.0,UPI,UPI,Paytm Payments Bank,256946892094394,TXN_SUCCESS,01,Txn Success,QBIByceGRztNPwoRz2n4syb4aQseVTIXdJBuCiSMPys=,DYNAMIC_QR,cust_37d415cd87,C0035
VYOMDEMO0001234567,ORD_VYOM_002234,202609271825160D8FA6F39FC9E0,260.00,INR,2026-09-27 18:25:16.0,PPI,WALLET,WALLET,986175870017518,TXN_SUCCESS,01,Txn Success,j/ihS4tXRqv0ZNd6PigqeVV6LQAM+LI+nnA8jCF6vhY=,DYNAMIC_QR,cust_0aa8698d93,C0268
VYOMDEMO0001234567,ORD_VYOM_001188,20260927202401E7F7ED384AB87D,300.00,INR,2026-09-27 20:24:01.0,CC,HDFC,HDFC,227176881734711,TXN_SUCCESS,01,Txn Success,CY7DDU+Lr4WWDybZn+6vsbk81vtXeBCOXghZ21ArveA=,DYNAMIC_QR,cust_5cd1790ef5,C0054
VYOMDEMO0001234567,ORD_VYOM_002105,202609272042465A162B027797DF,300.00,INR,2026-09-27 20:42:46.0,CC,HDFC,HDFC,642617756829970,TXN_SUCCESS,01,Txn Success,la7TKe6it8f4IY0x2MEGG8fCy8yQ4oGFPUM9XCCRoes=,DYNAMIC_QR,cust_870942d0e6,C0181
VYOMDEMO0001234567,ORD_VYOM_001572,202609272107463CE1C1681C1B54,270.00,INR,2026-09-27 21:07:46.0,DC,ICICI,ICICI,906349330259078,TXN_SUCCESS,01,Txn Success,Q0MAcdEROeYdz5l1NsJo0JEpM7oJLBjcA1P57T3u2AQ=,DYNAMIC_QR,cust_e8227b8c5e,C0078
VYOMDEMO0001234567,ORD_VYOM_002118,20260928080101CBC26F1F2F428E,240.00,INR,2026-09-28 08:01:01.0,CC,HDFC,HDFC,232697131877748,TXN_SUCCESS,01,Txn Success,JAYzdxJ4663nrWnMq9wvy77d2Yr7d6+J3Sd7q1+2US4=,DYNAMIC_QR,cust_f97bf57005,C0185
VYOMDEMO0001234567,ORD_VYOM_001861,202609280817314D38E0381DF9E7,160.00,INR,2026-09-28 08:17:31.0,PPI,WALLET,WALLET,992386617601194,TXN_SUCCESS,01,Txn Success,UeQe5vS+UbUO5f6fmz7bFSqljzmH1FY8Zywc6VntYuE=,DYNAMIC_QR,cust_0394d626dc,C0133
VYOMDEMO0001234567,ORD_VYOM_002254,20260928084748C5AB6F0B0CACFA,200.00,INR,2026-09-28 08:47:48.0,PPI,WALLET,WALLET,771618857504115,TXN_SUCCESS,01,Txn Success,uJhWLz2rhDvW0tazHo03vUuFKomgC4STgE2NQdkUCpA=,DYNAMIC_QR,cust_00e6e515c6,C0289
VYOMDEMO0001234567,ORD_VYOM_001579,2026092808561383FB6287A9096E,140.00,INR,2026-09-28 08:56:13.0,UPI,UPI,Paytm Payments Bank,860656299806608,TXN_SUCCESS,01,Txn Success,nQBvdjRt28hzpmsniJUJm1EpZkBuX/6Z1bvE8/06+jE=,DYNAMIC_QR,cust_0f60f6842b,C0079
VYOMDEMO0001234567,ORD_VYOM_000433,20260928095438EB6FB443A69857,450.00,INR,2026-09-28 09:54:38.0,UPI,UPI,Paytm Payments Bank,505274843898178,TXN_SUCCESS,01,Txn Success,d0LlhDPltc3ze2fo95l8ffZ6EpX31bD0xPwjrvcfgzE=,DYNAMIC_QR,cust_173fc6de8b,C0020
VYOMDEMO0001234567,ORD_VYOM_000862,202609281005363CC9E05243DC2C,240.00,INR,2026-09-28 10:05:36.0,UPI,UPI,Paytm Payments Bank,312064415219646,TXN_SUCCESS,01,Txn Success,rcdZVxNFmR/QJyRi+0vzbdKaNxuFTIN8iWM+9AeaH3I=,DYNAMIC_QR,cust_d212ee719a,C0041
VYOMDEMO0001234567,ORD_VYOM_000267,202609281019367A85A9FD182019,240.00,INR,2026-09-28 10:19:36.0,CC,HDFC,HDFC,509039165920886,TXN_SUCCESS,01,Txn Success,DPog0PpjWHUepccdxxn43BdUWdwOTDkq6Yg4Yw9LPr0=,DYNAMIC_QR,cust_ca9b9b6adf,C0011
VYOMDEMO0001234567,ORD_VYOM_002097,202609281057518DD2D2451B872D,200.00,INR,2026-09-28 10:57:51.0,UPI,UPI,Paytm Payments Bank,818971129675961,TXN_SUCCESS,01,Txn Success,1qWVjd3rlZqSfuj6S2GOBhM+nh9JpfwcSV2HKOmwE30=,DYNAMIC_QR,cust_fdf604a395,C0180
VYOMDEMO0001234567,ORD_VYOM_000310,202609281119505845AB6829ED0F,500.00,INR,2026-09-28 11:19:50.0,PPI,WALLET,WALLET,407229985842485,TXN_FAILURE,227,Your payment has been declined by your bank.,w9tPHaPVibAAFnj0jDYeNC/iwLOWZyNQ6JvBfhJ6RlQ=,DYNAMIC_QR,cust_2db547fcb3,C0013
VYOMDEMO0001234567,ORD_VYOM_000327,202609281145035BD459BC78903F,420.00,INR,2026-09-28 11:45:03.0,CC,HDFC,HDFC,448794288445609,TXN_SUCCESS,01,Txn Success,ZTY+qEy6bKBPX+X6B4YP1DHVUdlCZk4CZOP6/B0zZt8=,DYNAMIC_QR,cust_1ae6b5d45e,C0014
VYOMDEMO0001234567,ORD_VYOM_000584,20260928140558A0CFCB09B54E7A,240.00,INR,2026-09-28 14:05:58.0,UPI,UPI,Paytm Payments Bank,456529279570036,TXN_SUCCESS,01,Txn Success,2pIAJ0PxK002Ip1jdqYVjIhriULVIaaJKJgwqm505lQ=,DYNAMIC_QR,cust_99e98f2292,C0028
VYOMDEMO0001234567,ORD_VYOM_001317,20260928161244ABC7B9786CC64A,360.00,INR,2026-09-28 16:12:44.0,UPI,UPI,Paytm Payments Bank,883618768547163,TXN_SUCCESS,01,Txn Success,jDr4u4/wNe8gMlvxEtOH1FQLwn3FhDLCB8Zg8N9z86U=,DYNAMIC_QR,cust_2658be5647,C0060
VYOMDEMO0001234567,ORD_VYOM_001994,202609281807397AF9DC74C44395,270.00,INR,2026-09-28 18:07:39.0,UPI,UPI,Paytm Payments Bank,34172800135190,TXN_SUCCESS,01,Txn Success,IIlMjTzNBMawEALl1OZmYpNEhN43gi4NdSV8uM/+p0k=,DYNAMIC_QR,cust_6acbbf9b37,C0159
VYOMDEMO0001234567,ORD_VYOM_000844,20260928193952CA359734E3738F,360.00,INR,2026-09-28 19:39:52.0,UPI,UPI,Paytm Payments Bank,188312626848602,TXN_SUCCESS,01,Txn Success,JtnqcnPYs3rSKxwd0rWmLEealEi0EBWO03RdDbTbyVw=,DYNAMIC_QR,cust_8f7c742c92,C0040
VYOMDEMO0001234567,ORD_VYOM_001701,20260928202531E7E0D8ADBDDD59,250.00,INR,2026-09-28 20:25:31.0,DC,ICICI,ICICI,276351442650416,TXN_SUCCESS,01,Txn Success,FYJ380ucL6FnfCJYM5a4hdDkfzGm3PLDKGgTEfltK68=,DYNAMIC_QR,cust_705da40a64,C0103
VYOMDEMO0001234567,ORD_VYOM_000491,202609282155351C5EEEC106A4E0,380.00,INR,2026-09-28 21:55:35.0,CC,HDFC,HDFC,219448822001409,TXN_SUCCESS,01,Txn Success,LdIJrH7vM8Th7mxPwD/aCeGDu5NhqdgpvGpMNyz01vI=,DYNAMIC_QR,cust_6e959f4c64,C0023
VYOMDEMO0001234567,ORD_VYOM_001265,202609290801312DC0BB53004660,370.00,INR,2026-09-29 08:01:31.0,UPI,UPI,Paytm Payments Bank,586680846919878,TXN_SUCCESS,01,Txn Success,nabUkDcDt6m9Mz2ve+oSpyAly8/b0vn3GuTpVdMpIBY=,DYNAMIC_QR,cust_6b44d63f59,C0058
VYOMDEMO0001234567,ORD_VYOM_001123,2026092908130157730924A9DDA7,380.00,INR,2026-09-29 08:13:01.0,PPI,WALLET,WALLET,551573982665352,TXN_SUCCESS,01,Txn Success,mBFa8lAEc/MksMVHA3Qz/GqKPQpt9fGDTr7zr9eaN78=,DYNAMIC_QR,cust_daf1fef437,C0051
VYOMDEMO0001234567,ORD_VYOM_001012,20260929082302E67AE1FF381711,270.00,INR,2026-09-29 08:23:02.0,UPI,UPI,Paytm Payments Bank,264803841171897,TXN_SUCCESS,01,Txn Success,ymv+xcssG5s3o6S/jE4OgvozK8UjGryleQsn1ZDWnoo=,DYNAMIC_QR,cust_f966ed1ab1,C0047
VYOMDEMO0001234567,ORD_VYOM_000636,2026092908332062A40FEDA9492C,290.00,INR,2026-09-29 08:33:20.0,UPI,UPI,Paytm Payments Bank,679725436725678,TXN_SUCCESS,01,Txn Success,ol1pnnhRpBt75z+d+8Djjoxk8w5JDKpG8ILQmhonyIY=,DYNAMIC_QR,cust_9138b9325b,C0030
VYOMDEMO0001234567,ORD_VYOM_001805,2026092908453797CF2D88751026,90.00,INR,2026-09-29 08:45:37.0,DC,ICICI,ICICI,446132144767214,TXN_SUCCESS,01,Txn Success,s9LKkA3MGz/H1CM+eQwPngok8GF8a52jsh7XSq/027g=,DYNAMIC_QR,cust_976835e55f,C0122
VYOMDEMO0001234567,ORD_VYOM_001206,20260929090253A0656996FF384B,140.00,INR,2026-09-29 09:02:53.0,UPI,UPI,Paytm Payments Bank,313305867200924,TXN_SUCCESS,01,Txn Success,VZRcQGEP5CV/pNX1aFuZKzVOZQmtfBqBtmxcyTqWrIs=,DYNAMIC_QR,cust_4b274e83b3,C0055
VYOMDEMO0001234567,ORD_VYOM_000676,202609290916464CF5719D85E333,270.00,INR,2026-09-29 09:16:46.0,UPI,UPI,Paytm Payments Bank,455042227249389,TXN_SUCCESS,01,Txn Success,Xn8plv42Cv7oyiYVeIitnvbBMLa03NaX4VYiSF3p6PY=,DYNAMIC_QR,cust_a06e38f5f5,C0032
VYOMDEMO0001234567,ORD_VYOM_000741,20260929102648024AFFD389CC49,340.00,INR,2026-09-29 10:26:48.0,DC,ICICI,ICICI,853501432626246,TXN_SUCCESS,01,Txn Success,ympANvb3YpE8TaW1IBfYkrpa27ngp8AhMigwjQKXE20=,DYNAMIC_QR,cust_99835ad417,C0036
VYOMDEMO0001234567,ORD_VYOM_000904,202609291120400D89D78D990BF9,330.00,INR,2026-09-29 11:20:40.0,UPI,UPI,Paytm Payments Bank,731898024613062,TXN_SUCCESS,01,Txn Success,KcOlJB3Nrw+rJQb+tvepF3Nmxvz0a6j76/ssPEcC8Wc=,DYNAMIC_QR,cust_20281afbd7,C0043
VYOMDEMO0001234567,ORD_VYOM_001719,20260929122406462AC5735ABB4A,240.00,INR,2026-09-29 12:24:06.0,UPI,UPI,Paytm Payments Bank,957279753346668,TXN_SUCCESS,01,Txn Success,KgfWqafsmd8ryiHp41+jUYTVEs1mKu6cMYNSXUALA/8=,DYNAMIC_QR,cust_8426b31243,C0106
VYOMDEMO0001234567,ORD_VYOM_001290,20260929124628B56280016B4C2E,230.00,INR,2026-09-29 12:46:28.0,UPI,UPI,Paytm Payments Bank,774619012464492,TXN_SUCCESS,01,Txn Success,4nLi8kMU+gn+E17yjdSWQ0GaxnV8RAOQbBggNg1OOVw=,DYNAMIC_QR,cust_4b0cb4e62f,C0059
VYOMDEMO0001234567,ORD_VYOM_000526,20260929135410012F7CF9B0BD4A,190.00,INR,2026-09-29 13:54:10.0,UPI,UPI,Paytm Payments Bank,445404456106471,TXN_SUCCESS,01,Txn Success,LX5MmNJLb3IcEd46kMoWXLjDQH38c75KDsy5WOuXN0w=,DYNAMIC_QR,cust_f28cbf1be8,C0025
VYOMDEMO0001234567,ORD_VYOM_000767,202609291903598EC274852864FE,260.00,INR,2026-09-29 19:03:59.0,CC,HDFC,HDFC,741903354048425,TXN_SUCCESS,01,Txn Success,8Uy5ZkRbPJ8iI2fC5nqz6wBnhQPcjwxWtwOd+jsK6zw=,DYNAMIC_QR,cust_9a8d00481d,C0037
VYOMDEMO0001234567,ORD_VYOM_001160,20260929200746087E5393B7F920,350.00,INR,2026-09-29 20:07:46.0,CC,HDFC,HDFC,550424228808171,TXN_SUCCESS,01,Txn Success,BEQHx1+rbTGK1IaRPPYzLoTgh7rheoiOhBooM8ZOrzg=,DYNAMIC_QR,cust_82cd81d65f,C0053
VYOMDEMO0001234567,ORD_VYOM_000227,202609292052495EE47D39A573F1,200.00,INR,2026-09-29 20:52:49.0,UPI,UPI,Paytm Payments Bank,117547943798911,TXN_SUCCESS,01,Txn Success,pbbFyOLG/Vbs1JqlOdnBlzjRaWAzXyjeUZ2lB65qOl0=,DYNAMIC_QR,cust_785ff6e6b2,C0010
VYOMDEMO0001234567,ORD_VYOM_000449,20260929214325715B957D23A401,150.00,INR,2026-09-29 21:43:25.0,UPI,UPI,Paytm Payments Bank,660835362308707,TXN_SUCCESS,01,Txn Success,4SVJ3iFHraS/7vpfRnRc4oyuSHKUofMJ5iLOO/SPIHQ=,DYNAMIC_QR,cust_bb103c6777,C0021
VYOMDEMO0001234567,ORD_VYOM_000783,202609300931445562B59A01C565,210.00,INR,2026-09-30 09:31:44.0,UPI,UPI,Paytm Payments Bank,459919111909174,TXN_SUCCESS,01,Txn Success,15v0JJwJRuiVp7YgjHf6dHrQMPic5DKhg5rZrFCwkJ0=,DYNAMIC_QR,cust_40b3e01be6,C0038
VYOMDEMO0001234567,ORD_VYOM_002050,202609300938367D3A325DEC3527,230.00,INR,2026-09-30 09:38:36.0,UPI,UPI,Paytm Payments Bank,270103503846636,TXN_SUCCESS,01,Txn Success,e+0LPDlypr+OYs8pOCB+Ktj/DTjHoSZ0s1VZI4Eg7F4=,DYNAMIC_QR,cust_6ebc548473,C0170
VYOMDEMO0001234567,ORD_VYOM_000878,20260930100238BE8AC99AE3A103,290.00,INR,2026-09-30 10:02:38.0,UPI,UPI,Paytm Payments Bank,418693911013585,TXN_SUCCESS,01,Txn Success,Vt9KddIqgb4qDUeO4CfrejKKqsWI6Isnt5YmOrmPIn0=,DYNAMIC_QR,cust_e2d64a5dd5,C0042
VYOMDEMO0001234567,ORD_VYOM_001769,20260930101623A5D605793B3531,240.00,INR,2026-09-30 10:16:23.0,UPI,UPI,Paytm Payments Bank,919184889218231,TXN_SUCCESS,01,Txn Success,GnxcI7EFb90ztljVlMuWmxazd24a43BVxaf+PhzAScI=,DYNAMIC_QR,cust_b789d332da,C0114
VYOMDEMO0001234567,ORD_VYOM_000051,2026093010252180207A8D56EF01,300.00,INR,2026-09-30 10:25:21.0,UPI,UPI,Paytm Payments Bank,382400101681774,TXN_SUCCESS,01,Txn Success,ma8YQsRejA9qwzcWHbHDUU+Fy5SXtfgFeTJDO4SKFU4=,DYNAMIC_QR,cust_c4796bc897,C0003
VYOMDEMO0001234567,ORD_VYOM_000280,202609301025430ED5EC449BE584,270.00,INR,2026-09-30 10:25:43.0,DC,ICICI,ICICI,640280345076988,TXN_SUCCESS,01,Txn Success,wEqPLTpSWq1SZJSe0gMCwflms4F2YH2PhH4N3k8+5X0=,DYNAMIC_QR,cust_679aa0bd53,C0012
VYOMDEMO0001234567,ORD_VYOM_001046,202609301314364CB2B0BCB03351,250.00,INR,2026-09-30 13:14:36.0,UPI,UPI,Paytm Payments Bank,262283745989237,TXN_SUCCESS,01,Txn Success,eVaL4/h6knjwJCZQ1FOoMAjNX1UcBMqmaJJfaVML89E=,DYNAMIC_QR,cust_c3657372a9,C0048
VYOMDEMO0001234567,ORD_VYOM_000654,2026093014351231DBD76B5404EF,190.00,INR,2026-09-30 14:35:12.0,PPI,WALLET,WALLET,983669245646465,TXN_SUCCESS,01,Txn Success,oXsZKDqYQUGQmQCGtKnxvR4+G3GIAPt1rlg06Hd7v5Q=,DYNAMIC_QR,cust_30c7131331,C0031
VYOMDEMO0001234567,ORD_VYOM_000617,20260930164840FB3A19A028DB28,130.00,INR,2026-09-30 16:48:40.0,UPI,UPI,Paytm Payments Bank,444944486871413,TXN_SUCCESS,01,Txn Success,FOpOBKUWgUnTlsRZFTRzryxUhlhjSfAHrqq4W8hOhgI=,DYNAMIC_QR,cust_106abbb9b5,C0029
VYOMDEMO0001234567,ORD_VYOM_000688,20260930170550F8D712D4DCF9A1,270.00,INR,2026-09-30 17:05:50.0,DC,ICICI,ICICI,120736417335894,TXN_SUCCESS,01,Txn Success,YOeF/6X21STgCqiRsmOf76Kio5J3/SZ0d1jEvRUf25g=,DYNAMIC_QR,cust_e87a5633d4,C0033
VYOMDEMO0001234567,ORD_VYOM_000417,202609301723028BE6FA8500796B,170.00,INR,2026-09-30 17:23:02.0,UPI,UPI,Paytm Payments Bank,707097309855777,TXN_SUCCESS,01,Txn Success,sSzecxafxiciRvM7ADh1Kt0T2th1SoNb/x1dY42l04I=,DYNAMIC_QR,cust_7504516d8c,C0019
VYOMDEMO0001234567,ORD_VYOM_001926,2026093018333449D6A6EEECB415,150.00,INR,2026-09-30 18:33:34.0,UPI,UPI,Paytm Payments Bank,608660646432625,TXN_SUCCESS,01,Txn Success,NqkS9QRwQpdGUed4KcncExPh103VG5fTmOnodoQUweo=,DYNAMIC_QR,cust_5a59e13d58,C0147
VYOMDEMO0001234567,ORD_VYOM_001220,2026093019383026BC3AD256F60F,180.00,INR,2026-09-30 19:38:30.0,PPI,WALLET,WALLET,235816026376950,TXN_SUCCESS,01,Txn Success,iXAhvBoN/EWwPio2ngXE/xkBFHP7w0TK4xmZ1AmlC4w=,DYNAMIC_QR,cust_b981b6cff8,C0056
VYOMDEMO0001234567,ORD_VYOM_002004,202609301949250FC3DF424C7FCE,170.00,INR,2026-09-30 19:49:25.0,UPI,UPI,Paytm Payments Bank,56051587244588,TXN_SUCCESS,01,Txn Success,laV8L4HgoIGkGMteS6TYIhNWDgNpyH5eh8KHRu+WA2s=,DYNAMIC_QR,cust_9802878c14,C0163
VYOMDEMO0001234567,ORD_VYOM_000973,20260930201014D5FD40AB64A253,240.00,INR,2026-09-30 20:10:14.0,PPI,WALLET,WALLET,722109126113642,TXN_SUCCESS,01,Txn Success,vcPeOzUujmUsn2nOciVsaY1tgveEZ13FCCukDqiEf7w=,DYNAMIC_QR,cust_d544bf3b16,C0045
VYOMDEMO0001234567,ORD_VYOM_000990,2026093020221240F7CFCCC15565,270.00,INR,2026-09-30 20:22:12.0,UPI,UPI,Paytm Payments Bank,578133400401736,TXN_SUCCESS,01,Txn Success,OzyNUtX1iRHBzkSSY5z2TcZEyE4A8tIwA+O32WKaEFg=,DYNAMIC_QR,cust_3433633783,C0046
VYOMDEMO0001234567,ORD_VYOM_000709,202609302025024B75A55BD51FA6,310.00,INR,2026-09-30 20:25:02.0,UPI,UPI,Paytm Payments Bank,457619604194812,TXN_SUCCESS,01,Txn Success,jys8OLK28K3uhVLmpKx7AzJwk9utsMJAd9NK5R4Rhsg=,DYNAMIC_QR,cust_d4aeae392b,C0034
VYOMDEMO0001234567,ORD_VYOM_001868,20260930210430342FDA046A4476,150.00,INR,2026-09-30 21:04:30.0,UPI,UPI,Paytm Payments Bank,410689397219404,TXN_SUCCESS,01,Txn Success,yNsHUK+nK0CH1cgvjeIz/uWf1OZTXLGheo11aiLuq7g=,DYNAMIC_QR,cust_c60462553f,C0134
VYOMDEMO0001234567,ORD_VYOM_002136,20261001080508266CA531DA2E67,190.00,INR,2026-10-01 08:05:08.0,UPI,UPI,Paytm Payments Bank,934064119336,TXN_SUCCESS,01,Txn Success,DlUgpS0i6lxuAOuCaMttmGnave2zgCzfO8UAHwUMfn8=,DYNAMIC_QR,cust_3325a57c29,C0188
VYOMDEMO0001234567,ORD_VYOM_001088,20261001082037A6C8B619EA6935,300.00,INR,2026-10-01 08:20:37.0,UPI,UPI,Paytm Payments Bank,218321306156529,TXN_SUCCESS,01,Txn Success,sPR1BZ9cvzNhk9pG/9LfjUin0QeC3/EQjIm20Jk0cy8=,DYNAMIC_QR,cust_7c85655ba0,C0050
VYOMDEMO0001234567,ORD_VYOM_000149,202610010824522DC507B54E7BFF,380.00,INR,2026-10-01 08:24:52.0,PPI,WALLET,WALLET,464349750245951,TXN_SUCCESS,01,Txn Success,Oolo+JaQVZo69L+oL1xrOyeks459PIAcvt75vs0vi14=,DYNAMIC_QR,cust_eabdbf3bc8,C0007
VYOMDEMO0001234567,ORD_VYOM_001665,20261001082911CE385A0E42DB63,240.00,INR,2026-10-01 08:29:11.0,UPI,UPI,Paytm Payments Bank,897594767084245,TXN_SUCCESS,01,Txn Success,o3aYQwOClBwrFkOVstcPwxo+nw/Eulujbr0Gj6QO9wU=,DYNAMIC_QR,cust_ada5a925e9,C0097
VYOMDEMO0001234567,ORD_VYOM_001682,202610010836543D5708F008A6E1,170.00,INR,2026-10-01 08:36:54.0,UPI,UPI,Paytm Payments Bank,41570492796151,TXN_SUCCESS,01,Txn Success,KswxBUvJhjsnK5qQxhVoqQtaLVfnn6x4xYWTRIAmN+w=,DYNAMIC_QR,cust_db670996ed,C0099
VYOMDEMO0001234567,ORD_VYOM_001699,20261001090855B9DAFD33AFB55C,150.00,INR,2026-10-01 09:08:55.0,DC,ICICI,ICICI,814453781491943,TXN_SUCCESS,01,Txn Success,+7CqgjX1sFsf8/bKXQhimtDIlPsLvv6UmixnGvrQlTs=,DYNAMIC_QR,cust_e5084e5c52,C0102
VYOMDEMO0001234567,ORD_VYOM_000200,2026100109170359CB32C43D9679,170.00,INR,2026-10-01 09:17:03.0,UPI,UPI,Paytm Payments Bank,540689837212744,TXN_SUCCESS,01,Txn Success,fEmhcDGgWs3MYNLmInzZkd53xlD6P075zBjUp2TIn8A=,DYNAMIC_QR,cust_24551de984,C0009
VYOMDEMO0001234567,ORD_VYOM_000937,202610011038183326C259F40FE2,270.00,INR,2026-10-01 10:38:18.0,PPI,WALLET,WALLET,743482817311685,TXN_SUCCESS,01,Txn Success,6HES4Tf79wtyZ3HioH+Yxakh2l+l/e7iXvkMmZGy2iI=,DYNAMIC_QR,cust_a4d97a4e7d,C0044
VYOMDEMO0001234567,ORD_VYOM_000104,2026100111164915EBB334348CB6,230.00,INR,2026-10-01 11:16:49.0,PPI,WALLET,WALLET,358147123050877,TXN_SUCCESS,01,Txn Success,GJ4Te/bUc5YWB5XwlibquCm1VsNSPTiMHZq7EMu42bs=,DYNAMIC_QR,cust_d97b299d31,C0005
VYOMDEMO0001234567,ORD_VYOM_001189,2026100112121387FE1F4CF8A1FF,310.00,INR,2026-10-01 12:12:13.0,UPI,UPI,Paytm Payments Bank,169330141489018,TXN_SUCCESS,01,Txn Success,74oJgQSPEes2RihS6BPR52dZicDtj6/SEEWtDamkbfs=,DYNAMIC_QR,cust_5cd1790ef5,C0054
VYOMDEMO0001234567,ORD_VYOM_001799,20261001134342A4ECEF7C3BBA9C,200.00,INR,2026-10-01 13:43:42.0,UPI,UPI,Paytm Payments Bank,700556195199760,TXN_FAILURE,411,Invalid Amount sent to Paytm,orwqXuFyC0QEAxXFB5lzohXmTgr2WUavegfIb+dViO8=,DYNAMIC_QR,cust_d1e31bd680,C0120
VYOMDEMO0001234567,ORD_VYOM_000403,20261001142552B579C3D6FF0640,260.00,INR,2026-10-01 14:25:52.0,UPI,UPI,Paytm Payments Bank,629607469031803,TXN_SUCCESS,01,Txn Success,eHRQiUo8DW1fE3Kb0pWR4yrwQTLPKMr5JWJFgAV0L1k=,DYNAMIC_QR,cust_1758aa28d3,C0018
VYOMDEMO0001234567,ORD_VYOM_000084,202610011836540B79B2C8182126,250.00,INR,2026-10-01 18:36:54.0,UPI,UPI,Paytm Payments Bank,393984894380397,TXN_SUCCESS,01,Txn Success,IG9SRrzQZVfYLQNDyiLg/msfTM6COKGvD2h6XHn3lFU=,DYNAMIC_QR,cust_23bc5b213e,C0004
VYOMDEMO0001234567,ORD_VYOM_000463,20261001183957F57D11D4C7B253,300.00,INR,2026-10-01 18:39:57.0,CC,HDFC,HDFC,738325203132681,TXN_SUCCESS,01,Txn Success,Crw+rnNo1FETBIQ9xAoK6J/rea+IWTUCAwv7/pjVIjI=,DYNAMIC_QR,cust_c412e8f05c,C0022
VYOMDEMO0001234567,ORD_VYOM_000905,20261001185402A94FA88737F293,180.00,INR,2026-10-01 18:54:02.0,DC,ICICI,ICICI,789744764858755,TXN_SUCCESS,01,Txn Success,cMN9w/P3Bfh0J8WTEGo+x1HB8dSdLhL9sYfyM1aFaww=,DYNAMIC_QR,cust_20281afbd7,C0043
VYOMDEMO0001234567,ORD_VYOM_001221,20261001192909F4677179C2964F,550.00,INR,2026-10-01 19:29:09.0,DC,ICICI,ICICI,784407910963912,TXN_SUCCESS,01,Txn Success,GTX5voFo8kpPlVqVr1b5RNNF2cI7BXIDNNMrpMfl5/o=,DYNAMIC_QR,cust_b981b6cff8,C0056
VYOMDEMO0001234567,ORD_VYOM_001843,2026100119365433A5379E016902,230.00,INR,2026-10-01 19:36:54.0,PPI,WALLET,WALLET,241244578395890,TXN_SUCCESS,01,Txn Success,5eR5c+vRFQTSLwgOc+F/V3LFE+K+qV9xANTEbwnMf6E=,DYNAMIC_QR,cust_a2033d34f3,C0129
VYOMDEMO0001234567,ORD_VYOM_002149,20261001195118B19A3545C3022C,200.00,INR,2026-10-01 19:51:18.0,CC,HDFC,HDFC,197787234474537,TXN_SUCCESS,01,Txn Success,buH0EFAovoR1TnhKE0EpGSi+i2DUy95BZWRRv/Cl6DY=,DYNAMIC_QR,cust_85fc1f75d5,C0191
VYOMDEMO0001234567,ORD_VYOM_000845,20261001195916B548569201886B,250.00,INR,2026-10-01 19:59:16.0,DC,ICICI,ICICI,168088689507740,TXN_SUCCESS,01,Txn Success,7ug2F6YBQKURakv6Lq+nJ2r1hJ9rWXiOe5MqALgiYT8=,DYNAMIC_QR,cust_8f7c742c92,C0040
VYOMDEMO0001234567,ORD_VYOM_000546,2026100119592702355306E4902E,260.00,INR,2026-10-01 19:59:27.0,UPI,UPI,Paytm Payments Bank,155843281590420,TXN_SUCCESS,01,Txn Success,VrVjs/fM5UpB7can1dTPQYe8ueSO1kQLO8y3KSmcPzs=,DYNAMIC_QR,cust_41941dbbd4,C0026
VYOMDEMO0001234567,ORD_VYOM_000311,20261001210317FFB3C760D24598,50.00,INR,2026-10-01 21:03:17.0,UPI,UPI,Paytm Payments Bank,281964037787622,TXN_SUCCESS,01,Txn Success,oYOI9/a2drHq0Aw3wBcyvmxAygavO3JepBB5IvzIb6g=,DYNAMIC_QR,cust_2db547fcb3,C0013
VYOMDEMO0001234567,ORD_VYOM_001641,20261001211025CDE07CDE1B6D46,290.00,INR,2026-10-01 21:10:25.0,UPI,UPI,Paytm Payments Bank,509888812534705,TXN_SUCCESS,01,Txn Success,Tz8QxnwWu1G2tr/A8g3uNz9EEeVe3TE4bHGi9SgJVu8=,DYNAMIC_QR,cust_05e9cc6642,C0093
VYOMDEMO0001234567,ORD_VYOM_000569,2026100121174790DB561066474C,290.00,INR,2026-10-01 21:17:47.0,UPI,UPI,Paytm Payments Bank,554243057734872,TXN_SUCCESS,01,Txn Success,5EZHdQ12chTJjjf2ndwAyuf/kMjDDndx39hJ+AUX4pg=,DYNAMIC_QR,cust_a1b51de3dc,C0027
VYOMDEMO0001234567,ORD_VYOM_002005,20261002080412D5008F51716245,190.00,INR,2026-10-02 08:04:12.0,CC,HDFC,HDFC,651473332408152,TXN_SUCCESS,01,Txn Success,PWJJYiOJIzdm+ImD0qc7u4SqMoaQi4fmFfmIha1KN6Q=,DYNAMIC_QR,cust_9802878c14,C0163
VYOMDEMO0001234567,ORD_VYOM_001248,20261002084617115156BF17DA02,150.00,INR,2026-10-02 08:46:17.0,PPI,WALLET,WALLET,730656572631784,TXN_SUCCESS,01,Txn Success,gKjHu/ZjMa2a9TXgoNyVebuC+n+I+KoxqzG6ZiJoa40=,DYNAMIC_QR,cust_f249fd9c9c,C0057
VYOMDEMO0001234567,ORD_VYOM_001076,20261002091040B0375C718B9855,300.00,INR,2026-10-02 09:10:40.0,UPI,UPI,Paytm Payments Bank,819882333510883,TXN_SUCCESS,01,Txn Success,l+p6raqyowXx6eQCz23qep9v7nnI2/XAAMrVjWPTwGA=,DYNAMIC_QR,cust_fc7659f04d,C0049
VYOMDEMO0001234567,ORD_VYOM_001753,20261002092015BF75703CAD989C,110.00,INR,2026-10-02 09:20:15.0,PPI,WALLET,WALLET,669328301922856,TXN_SUCCESS,01,Txn Success,KDnBlsR1H3de/sGX7CtDgdE8YlPjDbJoeQVtGdO72gI=,DYNAMIC_QR,cust_160019570b,C0112
VYOMDEMO0001234567,ORD_VYOM_000228,20261002100506E38D4C4320281B,420.00,INR,2026-10-02 10:05:06.0,UPI,UPI,Paytm Payments Bank,417084187921346,TXN_SUCCESS,01,Txn Success,casStdWCM39uhuxn9HsG3PKM1QEGIOMANJFpbZZ0bDw=,DYNAMIC_QR,cust_785ff6e6b2,C0010
VYOMDEMO0001234567,ORD_VYOM_000974,20261002101449B011439DA1CE21,360.00,INR,2026-10-02 10:14:49.0,CC,HDFC,HDFC,422572881991207,TXN_SUCCESS,01,Txn Success,Zr/GfBY2haOcdrbmOjgqipy9l8pwmyHGiAce8Nl5yPY=,DYNAMIC_QR,cust_d544bf3b16,C0045
VYOMDEMO0001234567,ORD_VYOM_001978,20261002105657352466955FFAD8,210.00,INR,2026-10-02 10:56:57.0,UPI,UPI,Paytm Payments Bank,832350334177591,TXN_SUCCESS,01,Txn Success,1g4en3fpFwauyg7c9xKHiMsEIsmXv3aE6WCRncYB70k=,DYNAMIC_QR,cust_e707c1682a,C0157
VYOMDEMO0001234567,ORD_VYOM_000814,2026100212171244174753EC764D,290.00,INR,2026-10-02 12:17:12.0,UPI,UPI,Paytm Payments Bank,473595003202894,TXN_SUCCESS,01,Txn Success,sgcfOZyp2cSwVgAPu0UnakvEe1qk3FdPWtrNarvF05w=,DYNAMIC_QR,cust_0b348a9dd1,C0039
VYOMDEMO0001234567,ORD_VYOM_002044,20261002135550C7490DA21EF9F8,230.00,INR,2026-10-02 13:55:50.0,UPI,UPI,Paytm Payments Bank,833436266851527,TXN_SUCCESS,01,Txn Success,KtC/bZNHDIsLD3S16OpF/0RcHWsxWKChqzFvbbJDxNA=,DYNAMIC_QR,cust_486fe721bd,C0168
VYOMDEMO0001234567,ORD_VYOM_000359,202610021359520975E285C01E92,300.00,INR,2026-10-02 13:59:52.0,UPI,UPI,Paytm Payments Bank,402532340898539,TXN_SUCCESS,01,Txn Success,cueGbNQYOi0tt8Vu37acnxE60hNe/7jsdK+Zu8DpYUA=,DYNAMIC_QR,cust_4e741c85b4,C0016
VYOMDEMO0001234567,ORD_VYOM_001918,202610021423242D45E08E746EAC,270.00,INR,2026-10-02 14:23:24.0,UPI,UPI,Paytm Payments Bank,814302654135441,TXN_SUCCESS,01,Txn Success,MW0HoXbRxRZT/YkzKxEn2wW82zUw4aZtTmPHGqLCVXw=,DYNAMIC_QR,cust_d901b93870,C0145
VYOMDEMO0001234567,ORD_VYOM_001715,20261002165245534D32A5748C18,270.00,INR,2026-10-02 16:52:45.0,DC,ICICI,ICICI,970014299902472,TXN_SUCCESS,01,Txn Success,uAkSoN9c9F2W2rf/EO1E0jGUMoqk04qyz9Cn6OlFMYE=,DYNAMIC_QR,cust_14d4752a6b,C0105
VYOMDEMO0001234567,ORD_VYOM_000029,2026100221304852448958104B96,290.00,INR,2026-10-02 21:30:48.0,UPI,UPI,Paytm Payments Bank,330379353969408,TXN_SUCCESS,01,Txn Success,YSlSUaww5jUXD+WQQk9rVitUqO0f/EHKe7sYf/ZsYMA=,DYNAMIC_QR,cust_669ee76164,C0002
VYOMDEMO0001234567,ORD_VYOM_001772,202610022143397A3238BAB1C08A,120.00,INR,2026-10-02 21:43:39.0,UPI,UPI,Paytm Payments Bank,791930336436719,TXN_SUCCESS,01,Txn Success,m2eBaxmw6R2WlGekskuAaaCSHLLHooW/dUOCmpqCWIE=,DYNAMIC_QR,cust_34e09df104,C0115
VYOMDEMO0001234567,ORD_VYOM_000450,2026100309023717383CFAB1848E,350.00,INR,2026-10-03 09:02:37.0,UPI,UPI,Paytm Payments Bank,689393467697575,TXN_SUCCESS,01,Txn Success,3l1dZn/+hlaDu6F2Sii01uD6JRt2zJK6plDilPlTnv0=,DYNAMIC_QR,cust_bb103c6777,C0021
VYOMDEMO0001234567,ORD_VYOM_002029,2026100309141716DFFD01FBB8F9,150.00,INR,2026-10-03 09:14:17.0,UPI,UPI,Paytm Payments Bank,113393231578926,TXN_SUCCESS,01,Txn Success,agImm/WUauhS0pGHu7XAsAYAX/KKR3jrnjeA1Kf8N/A=,DYNAMIC_QR,cust_b4af432e1d,C0166
VYOMDEMO0001234567,ORD_VYOM_001318,20261003094053D2CAEEA196288B,300.00,INR,2026-10-03 09:40:53.0,PPI,WALLET,WALLET,2982098078390,TXN_SUCCESS,01,Txn Success,SoHkIM0LezUXUMQFp0mdYAKhMGJGTGw96663uB4vQ8g=,DYNAMIC_QR,cust_2658be5647,C0060
VYOMDEMO0001234567,ORD_VYOM_001967,2026100310063920A0988DA90963,330.00,INR,2026-10-03 10:06:39.0,UPI,UPI,Paytm Payments Bank,594776346019640,TXN_SUCCESS,01,Txn Success,3GiB30jUCCsM/ovKVj8cUOa7B2r6PP63veozuzQyfjg=,DYNAMIC_QR,cust_1ec124b86d,C0154
VYOMDEMO0001234567,ORD_VYOM_002298,202610031050155A451D2BE7EB59,230.00,INR,2026-10-03 10:50:15.0,PPI,WALLET,WALLET,573891793460081,TXN_SUCCESS,01,Txn Success,wXmFRYFblQLbSjpmnv7M2OA7lJ5mU/+Jo23SBLXIoHQ=,DYNAMIC_QR,cust_fc45cd2c38,C0334
VYOMDEMO0001234567,ORD_VYOM_002039,202610031145541511525C3A69BE,300.00,INR,2026-10-03 11:45:54.0,UPI,UPI,Paytm Payments Bank,380551828567276,TXN_SUCCESS,01,Txn Success,u1FQNZ+lpQOdtVPbtkRr0Grg6MZdGyJqj5T/1qHwvdM=,DYNAMIC_QR,cust_a3cf8e4c75,C0167
VYOMDEMO0001234567,ORD_VYOM_000527,20261003124322E5C01D10605194,320.00,INR,2026-10-03 12:43:22.0,CC,HDFC,HDFC,703247508281581,TXN_SUCCESS,01,Txn Success,TYtIOdPJjnXot90X9GHJ6rfNa/cIn9lPbhIMnl2e3k4=,DYNAMIC_QR,cust_f28cbf1be8,C0025
VYOMDEMO0001234567,ORD_VYOM_000382,202610031551111BB4B416BEE233,290.00,INR,2026-10-03 15:51:11.0,UPI,UPI,Paytm Payments Bank,786317741299513,TXN_SUCCESS,01,Txn Success,jc7ZtJlt2YjDKVGuIkDzosP80aNQCH0VfPkpeAIRZkw=,DYNAMIC_QR,cust_8fe3b75ae8,C0017
VYOMDEMO0001234567,ORD_VYOM_000784,20261003161344D22F81C48A9043,320.00,INR,2026-10-03 16:13:44.0,CC,HDFC,HDFC,597927628336519,TXN_SUCCESS,01,Txn Success,CsUA9pgyQqK1Klyqa78P1vis72C9lg63oYZx9PT7nHI=,DYNAMIC_QR,cust_40b3e01be6,C0038
VYOMDEMO0001234567,ORD_VYOM_001883,20261003175746998D78BC5C438E,230.00,INR,2026-10-03 17:57:46.0,UPI,UPI,Paytm Payments Bank,135765549277648,TXN_SUCCESS,01,Txn Success,L7PhgZwQ/z4ofbbA10jjnXcloftwtKq09n1Bcs86xRY=,DYNAMIC_QR,cust_9be65df5a3,C0136
VYOMDEMO0001234567,ORD_VYOM_001854,202610031838463B13A08455931F,190.00,INR,2026-10-03 18:38:46.0,CC,HDFC,HDFC,130796253675250,TXN_SUCCESS,01,Txn Success,svuJhoQbzxTQMLCMiC78WR42AbQoM0ynJJlOGO7rVx4=,DYNAMIC_QR,cust_d5f3bd7cb0,C0132
VYOMDEMO0001234567,ORD_VYOM_001089,20261003191519B3767B9116F3FB,340.00,INR,2026-10-03 19:15:19.0,CC,HDFC,HDFC,839525434089164,TXN_SUCCESS,01,Txn Success,SsQsMsh/KbrHDllkRdroKOv66bEKZi1Ks5emYargfj0=,DYNAMIC_QR,cust_7c85655ba0,C0050
VYOMDEMO0001234567,ORD_VYOM_002087,20261003193800037A41FA01671C,190.00,INR,2026-10-03 19:38:00.0,DC,ICICI,ICICI,808828262621688,TXN_SUCCESS,01,Txn Success,vQHg8ecJFP6iSbbTkjrr8buekIXznxjM3STK/JQ/Qew=,DYNAMIC_QR,cust_576bb1d029,C0179
VYOMDEMO0001234567,ORD_VYOM_001124,202610031940203DFB3ED491F2C5,380.00,INR,2026-10-03 19:40:20.0,UPI,UPI,Paytm Payments Bank,597077981722700,TXN_SUCCESS,01,Txn Success,GJHhL4l3qp8x0zn9LRI4GV3dRnmgbkvShRfTjZqgoC0=,DYNAMIC_QR,cust_daf1fef437,C0051
VYOMDEMO0001234567,ORD_VYOM_000348,202610031942017B110319CD629D,190.00,INR,2026-10-03 19:42:01.0,UPI,UPI,Paytm Payments Bank,292084016177899,TXN_SUCCESS,01,Txn Success,ZcrJRGo3MUKqPHU37s/DImLIz8rFQSFz6Or9f3U/c2c=,DYNAMIC_QR,cust_240753abf1,C0015
VYOMDEMO0001234567,ORD_VYOM_000015,20261003200711F26CC4473694FF,140.00,INR,2026-10-03 20:07:11.0,CC,HDFC,HDFC,133801212038054,TXN_SUCCESS,01,Txn Success,KG9YwxGpS2zcJwoh6zPjoH7m07zXNriUrkjV5dUn6SE=,DYNAMIC_QR,cust_639130ba19,C0001
VYOMDEMO0001234567,ORD_VYOM_001637,20261003201716F0996AC6B9BDD2,170.00,INR,2026-10-03 20:17:16.0,UPI,UPI,Paytm Payments Bank,522623359090509,TXN_SUCCESS,01,Txn Success,uoCt3VmAbajTzHWbWAhqCAAi9sVIpb07O56VVj0srAc=,DYNAMIC_QR,cust_fb813d4ecf,C0091
VYOMDEMO0001234567,ORD_VYOM_002130,20261003204432464E70643A946E,240.00,INR,2026-10-03 20:44:32.0,DC,ICICI,ICICI,64402066911415,TXN_SUCCESS,01,Txn Success,JHtO57Y0YZA2nO9M/LzVVnE8EavXP4sF+Ct7kHupmic=,DYNAMIC_QR,cust_7604c83193,C0187
VYOMDEMO0001234567,ORD_VYOM_000710,202610040835423B373F7269485A,330.00,INR,2026-10-04 08:35:42.0,UPI,UPI,Paytm Payments Bank,219599949357911,TXN_SUCCESS,01,Txn Success,C0UsteeqYARh3dhbc1/M1pPou3KpA+pt99be8wSYEy8=,DYNAMIC_QR,cust_d4aeae392b,C0034
VYOMDEMO0001234567,ORD_VYOM_000528,20261004085740F5EAB457EBBEF9,240.00,INR,2026-10-04 08:57:40.0,DC,ICICI,ICICI,220598575858590,TXN_SUCCESS,01,Txn Success,WltG9abyIq5F+glXxLEkcqcwy8ftB3TV0CXqFAfDwwc=,DYNAMIC_QR,cust_f28cbf1be8,C0025
VYOMDEMO0001234567,ORD_VYOM_000637,20261004090911F15672E8E6A07C,240.00,INR,2026-10-04 09:09:11.0,UPI,UPI,Paytm Payments Bank,546997205248929,TXN_SUCCESS,01,Txn Success,eO1t2Lneqp1I47/JqRPDDhfPSWsvMecH1xJvzYh3rkM=,DYNAMIC_QR,cust_9138b9325b,C0030
VYOMDEMO0001234567,ORD_VYOM_000585,202610041015331D52419826A97C,230.00,INR,2026-10-04 10:15:33.0,UPI,UPI,Paytm Payments Bank,398682539324343,TXN_SUCCESS,01,Txn Success,40phiksmFaNf6H4gWWNtkm/1ERAwp6H5NBmTCJ336Xk=,DYNAMIC_QR,cust_99e98f2292,C0028
VYOMDEMO0001234567,ORD_VYOM_000172,20261004111954A5886FE6973ABE,300.00,INR,2026-10-04 11:19:54.0,UPI,UPI,Paytm Payments Bank,783165746164118,TXN_SUCCESS,01,Txn Success,loNWg98SotbrsF0vSsgBXX3Zg3RNAfV1Eu7ocvJL8uw=,DYNAMIC_QR,cust_8e84008d36,C0008
VYOMDEMO0001234567,ORD_VYOM_000731,202610041547271E1741E6D48534,520.00,INR,2026-10-04 15:47:27.0,UPI,UPI,Paytm Payments Bank,376310221625621,TXN_SUCCESS,01,Txn Success,LqkYSDpcVLg0KFWCgOLHpMUpq/T+Eecwmia198qJjLg=,DYNAMIC_QR,cust_37d415cd87,C0035
VYOMDEMO0001234567,ORD_VYOM_001013,202610041549476E25FA86866067,360.00,INR,2026-10-04 15:49:47.0,DC,ICICI,ICICI,244579903831035,TXN_SUCCESS,01,Txn Success,sgG373hyA1DHpHyOyOohLxHgc6wT8hBDKlomd5kicqA=,DYNAMIC_QR,cust_f966ed1ab1,C0047
VYOMDEMO0001234567,ORD_VYOM_001266,202610041550493D6D78E51F29BA,280.00,INR,2026-10-04 15:50:49.0,DC,ICICI,ICICI,204588133100046,TXN_SUCCESS,01,Txn Success,OUB5X92wS8k+wtB7qPF0dQGKLqgwC5YhX1zxQT3NUEw=,DYNAMIC_QR,cust_6b44d63f59,C0058
VYOMDEMO0001234567,ORD_VYOM_000991,202610041714260D549422C88491,300.00,INR,2026-10-04 17:14:26.0,DC,ICICI,ICICI,570518563986316,TXN_SUCCESS,01,Txn Success,CkF6tXUB4r86h0P6js4OkNXsJuwP2y9v3VV/6J4dYdg=,DYNAMIC_QR,cust_3433633783,C0046
VYOMDEMO0001234567,ORD_VYOM_002292,20261004172644DB72755E175227,190.00,INR,2026-10-04 17:26:44.0,CC,HDFC,HDFC,915757865658989,TXN_SUCCESS,01,Txn Success,uzvsu4uizL95gehra/bE2YR9ScpyLeSb3f5KG3/Kdpo=,DYNAMIC_QR,cust_6f5d8a7bd3,C0328
VYOMDEMO0001234567,ORD_VYOM_001161,20261004182900CCD3A9FDC5AA35,320.00,INR,2026-10-04 18:29:00.0,UPI,UPI,Paytm Payments Bank,135802740497752,TXN_SUCCESS,01,Txn Success,A4f5MNrbKNK3aHDnBG2wZZtzDZjHB8sEJOMCXmDEhGY=,DYNAMIC_QR,cust_82cd81d65f,C0053
VYOMDEMO0001234567,ORD_VYOM_000052,2026100418380886DC91F198B23F,230.00,INR,2026-10-04 18:38:08.0,UPI,UPI,Paytm Payments Bank,134950965895235,TXN_SUCCESS,01,Txn Success,B1LIpRbbr9/PdELPwvf4j+84oIfYJwW9MAehkNVwZLU=,DYNAMIC_QR,cust_c4796bc897,C0003
VYOMDEMO0001234567,ORD_VYOM_000938,20261004191020E1092D818E0C1A,260.00,INR,2026-10-04 19:10:20.0,DC,ICICI,ICICI,801329557557378,TXN_SUCCESS,01,Txn Success,DjsMQvVL2tczVEHzQL/NvYcKk7tw4/miVY05XsKf1Bo=,DYNAMIC_QR,cust_a4d97a4e7d,C0044
VYOMDEMO0001234567,ORD_VYOM_000570,20261004191633311756884C6FDC,200.00,INR,2026-10-04 19:16:33.0,UPI,UPI,Paytm Payments Bank,176636136025882,TXN_SUCCESS,01,Txn Success,ipVnRFV44ynM+IjeTNb9PhCrzwvathkEuTMI01Yf7GE=,DYNAMIC_QR,cust_a1b51de3dc,C0027
VYOMDEMO0001234567,ORD_VYOM_001743,202610042001582EA9ACB96914F8,170.00,INR,2026-10-04 20:01:58.0,UPI,UPI,Paytm Payments Bank,807586810640410,TXN_SUCCESS,01,Txn Success,4GiV7N+HipCK3mSXNBz6Dg0dpwToE4ve+NUe9Xu2y7E=,DYNAMIC_QR,cust_b1e65edfc8,C0111
VYOMDEMO0001234567,ORD_VYOM_000268,20261004200747651FDD6FD68D83,300.00,INR,2026-10-04 20:07:47.0,UPI,UPI,Paytm Payments Bank,451192425675193,TXN_SUCCESS,01,Txn Success,rjsWicQsTFKEqWdhRHDyb1KVIM9Ipep2RtOie0gjQ3w=,DYNAMIC_QR,cust_ca9b9b6adf,C0011
VYOMDEMO0001234567,ORD_VYOM_002152,202610042034015A67D4C8DD9CB5,210.00,INR,2026-10-04 20:34:01.0,UPI,UPI,Paytm Payments Bank,12381319199049,TXN_SUCCESS,01,Txn Success,oEQzFNYzNi/PdLy0wVzSpuDP11Q5uGWxjSvlQML5pEs=,DYNAMIC_QR,cust_8ed7bce16a,C0192
VYOMDEMO0001234567,ORD_VYOM_001741,202610042046154AD52C9038BA81,140.00,INR,2026-10-04 20:46:15.0,CC,HDFC,HDFC,858416221324651,TXN_SUCCESS,01,Txn Success,DR23g3TrEIlRODdhgqnWgbdL5XUyR/6tvcYAq1dv3ps=,DYNAMIC_QR,cust_f474c644c8,C0110
VYOMDEMO0001234567,ORD_VYOM_000863,202610050822487E8EBA6E15A93E,240.00,INR,2026-10-05 08:22:48.0,UPI,UPI,Paytm Payments Bank,103333395239570,TXN_SUCCESS,01,Txn Success,Rgil272zBZu1avwxJqdW7NV7olBnWSFSzUH3ooM5gtM=,DYNAMIC_QR,cust_d212ee719a,C0041
VYOMDEMO0001234567,ORD_VYOM_001709,202610050836277DA51C7DD31427,190.00,INR,2026-10-05 08:36:27.0,DC,ICICI,ICICI,442253173789592,TXN_SUCCESS,01,Txn Success,0YXt0Fa4uicHxYiHFurRQXtJ/FPjamjiJRtnid6v53w=,DYNAMIC_QR,cust_86651a9c66,C0104
VYOMDEMO0001234567,ORD_VYOM_000085,202610050859549FC431F6846DF5,320.00,INR,2026-10-05 08:59:54.0,UPI,UPI,Paytm Payments Bank,876633826803388,TXN_SUCCESS,01,Txn Success,GUwl0Xu0UBhEP44Fv91G6W+698+LbLZjWyoYOH4paH4=,DYNAMIC_QR,cust_23bc5b213e,C0004
VYOMDEMO0001234567,ORD_VYOM_000846,2026100509092402CBF051A58C71,150.00,INR,2026-10-05 09:09:24.0,CC,HDFC,HDFC,110241949262047,TXN_SUCCESS,01,Txn Success,eNbjNfVOjgc1/eFIQG+4/AdzYKXUAQIdKX0C8SUAeWg=,DYNAMIC_QR,cust_8f7c742c92,C0040
VYOMDEMO0001234567,ORD_VYOM_002147,20261005092055B219E71A307E49,230.00,INR,2026-10-05 09:20:55.0,UPI,UPI,Paytm Payments Bank,57493512888938,TXN_SUCCESS,01,Txn Success,J01E8zcamhMAtCzROumlJ4po5diuCB5gUq7rAoJayHg=,DYNAMIC_QR,cust_6df5a566e8,C0190
VYOMDEMO0001234567,ORD_VYOM_001812,20261005092604285468863A3632,230.00,INR,2026-10-05 09:26:04.0,DC,ICICI,ICICI,174758693507958,TXN_SUCCESS,01,Txn Success,33zVBdMtlvPKmgvlja/Y4s3GZYuvTwAy21Jtd8ZXot4=,DYNAMIC_QR,cust_35506736a0,C0124
VYOMDEMO0001234567,ORD_VYOM_000492,202610050946577068DBF0301361,300.00,INR,2026-10-05 09:46:57.0,UPI,UPI,Paytm Payments Bank,624027076837845,TXN_SUCCESS,01,Txn Success,s8Fm9ESY+8wVU6OEkP6g/zf38h8oNFpXiRgLwaJc4Ps=,DYNAMIC_QR,cust_6e959f4c64,C0023
VYOMDEMO0001234567,ORD_VYOM_000618,202610051053495DF4813FAAD478,230.00,INR,2026-10-05 10:53:49.0,UPI,UPI,Paytm Payments Bank,612902253374280,TXN_SUCCESS,01,Txn Success,2Zr2uxS198i0ctEGAMKtjBCKs8t1XEQl9jDS0AlhPDg=,DYNAMIC_QR,cust_106abbb9b5,C0029
VYOMDEMO0001234567,ORD_VYOM_000906,202610051610332C454072B42919,250.00,INR,2026-10-05 16:10:33.0,UPI,UPI,Paytm Payments Bank,358907199529297,TXN_SUCCESS,01,Txn Success,kj+0/1yb27/LmFAnfZk/VA9lkRe8J1sqDelvHdQW9us=,DYNAMIC_QR,cust_20281afbd7,C0043
VYOMDEMO0001234567,ORD_VYOM_001291,20261005161513449984825A2437,380.00,INR,2026-10-05 16:15:13.0,UPI,UPI,Paytm Payments Bank,475082768342057,TXN_SUCCESS,01,Txn Success,DqFuKJ+X2QrxGz2nSkrpuocLB0uG24jQPbf+NquJuKU=,DYNAMIC_QR,cust_4b0cb4e62f,C0059
VYOMDEMO0001234567,ORD_VYOM_000404,202610051625372A1FC4F1F4C45B,150.00,INR,2026-10-05 16:25:37.0,UPI,UPI,Paytm Payments Bank,161661510988121,TXN_SUCCESS,01,Txn Success,h2lC6/Ab9F9NU2Dd1VPznhVanDqeVLTTwFNh+akBmj8=,DYNAMIC_QR,cust_1758aa28d3,C0018
VYOMDEMO0001234567,ORD_VYOM_002002,202610051756134D9624D18F94BB,190.00,INR,2026-10-05 17:56:13.0,PPI,WALLET,WALLET,146856811386947,TXN_SUCCESS,01,Txn Success,ePtDxg+++dT4uT4/z0g85LpnjwFjDgjsLn3YRfEIwhs=,DYNAMIC_QR,cust_3594fc7200,C0162
VYOMDEMO0001234567,ORD_VYOM_001014,202610051809245AB52B2E4007BA,350.00,INR,2026-10-05 18:09:24.0,UPI,UPI,Paytm Payments Bank,216021798442167,TXN_SUCCESS,01,Txn Success,8/T9T1CPBpLL9Ubd8uv4561VKBhXTj1wUPHDM1UvowA=,DYNAMIC_QR,cust_f966ed1ab1,C0047
VYOMDEMO0001234567,ORD_VYOM_001136,202610051810363A4398E1537175,220.00,INR,2026-10-05 18:10:36.0,CC,HDFC,HDFC,571217083243633,TXN_SUCCESS,01,Txn Success,F3uqmz5sjP3w2o1YDIu/PhBr6AFcYwrcQ1efNYQ/Te8=,DYNAMIC_QR,cust_009f929355,C0052
VYOMDEMO0001234567,ORD_VYOM_000655,20261005190816BAEBF50841C5D2,210.00,INR,2026-10-05 19:08:16.0,DC,ICICI,ICICI,611752499517099,TXN_SUCCESS,01,Txn Success,U1hvFmf5TFfMFrurEYhfMu0d0PT37/J/h4YKiF8Hq+s=,DYNAMIC_QR,cust_30c7131331,C0031
VYOMDEMO0001234567,ORD_VYOM_002058,202610051933193D39D493D83260,300.00,INR,2026-10-05 19:33:19.0,CC,HDFC,HDFC,910926107675501,TXN_SUCCESS,01,Txn Success,0dE15Lh1/6j6UC/zLhae5aVPDpNhsdtsGMUlTShAL7o=,DYNAMIC_QR,cust_bf73a29822,C0172
VYOMDEMO0001234567,ORD_VYOM_001594,20261005193338FF1625A8C52B42,230.00,INR,2026-10-05 19:33:38.0,PPI,WALLET,WALLET,778197163380236,TXN_SUCCESS,01,Txn Success,P6B1nqxpUlxyMMt2hkTIjXNz4PndxyOPS90aPazKKEg=,DYNAMIC_QR,cust_72f28a419b,C0082
VYOMDEMO0001234567,ORD_VYOM_001222,20261005201607654667DFFC01B4,440.00,INR,2026-10-05 20:16:07.0,PPI,WALLET,WALLET,842254651209605,TXN_SUCCESS,01,Txn Success,1y3nM1W6R12f2qU7UQQSH5sWHsx3Gf0maMX6KLBvLbE=,DYNAMIC_QR,cust_b981b6cff8,C0056
VYOMDEMO0001234567,ORD_VYOM_001629,20261005203932BF43A335CC44DC,140.00,INR,2026-10-05 20:39:32.0,UPI,UPI,Paytm Payments Bank,698976731936500,TXN_SUCCESS,01,Txn Success,51pt3RMo7Nmoz2xT7iyk4U78jfax0ldc5KGEZ/vjPns=,DYNAMIC_QR,cust_fd92466785,C0090
VYOMDEMO0001234567,ORD_VYOM_000768,202610052058545DDFA212FF64E3,300.00,INR,2026-10-05 20:58:54.0,PPI,WALLET,WALLET,557632890074010,TXN_SUCCESS,01,Txn Success,b/w/DPt1FJIIAsUCRsV8MjIg7FsDDHj5zTepxYEahNs=,DYNAMIC_QR,cust_9a8d00481d,C0037
VYOMDEMO0001234567,ORD_VYOM_002067,2026100608332027C42DFB09CDB7,450.00,INR,2026-10-06 08:33:20.0,CC,HDFC,HDFC,943303754809586,TXN_SUCCESS,01,Txn Success,aKhiV3WW7tMp0NnsOu3MAfC5xCLpSzpR+U+NjUay87w=,DYNAMIC_QR,cust_7ba332abbf,C0174
VYOMDEMO0001234567,ORD_VYOM_000105,2026100608545541A0C15DC88DBC,440.00,INR,2026-10-06 08:54:55.0,UPI,UPI,Paytm Payments Bank,657683367173312,TXN_SUCCESS,01,Txn Success,ZLhPvRzzQczFycc6nnmCfXmixGrwp+ovyUHDJ1DmuQU=,DYNAMIC_QR,cust_d97b299d31,C0005
VYOMDEMO0001234567,ORD_VYOM_001190,202610060913078540479B8F8C66,260.00,INR,2026-10-06 09:13:07.0,CC,HDFC,HDFC,426091603674546,TXN_SUCCESS,01,Txn Success,dg0Dy12culTV2ruv+Ngb59yVpHQiUt+lBZ1UpEkV+Bw=,DYNAMIC_QR,cust_5cd1790ef5,C0054
VYOMDEMO0001234567,ORD_VYOM_001249,2026100609251353909E49D378F7,300.00,INR,2026-10-06 09:25:13.0,UPI,UPI,Paytm Payments Bank,788503312877477,TXN_SUCCESS,01,Txn Success,D9LKBnY/TJJu5UDhNhJCaq7g7GwIpAZ6QTQ9lcQl1e0=,DYNAMIC_QR,cust_f249fd9c9c,C0057
VYOMDEMO0001234567,ORD_VYOM_001770,2026100610231877CAF11DC798DF,100.00,INR,2026-10-06 10:23:18.0,UPI,UPI,Paytm Payments Bank,861338148972538,TXN_SUCCESS,01,Txn Success,1Qya3h/dHsCLPsPTOZRLveX0PpEWnYEPtosn033J9h4=,DYNAMIC_QR,cust_b789d332da,C0114
VYOMDEMO0001234567,ORD_VYOM_001090,20261006111811EAD004087AA692,380.00,INR,2026-10-06 11:18:11.0,UPI,UPI,Paytm Payments Bank,460010810033271,TXN_SUCCESS,01,Txn Success,Ha45wHm6X+7+ZPhdbHcBeqVKc5BFrP8mLSOie5MqA1A=,DYNAMIC_QR,cust_7c85655ba0,C0050
VYOMDEMO0001234567,ORD_VYOM_000815,202610061133190AE6E10A3EA250,280.00,INR,2026-10-06 11:33:19.0,UPI,UPI,Paytm Payments Bank,531441743448587,TXN_SUCCESS,01,Txn Success,83SJ9qr+VOKfyRM3eHC7fsYHqG/avHDbPlQ3GBFNtnw=,DYNAMIC_QR,cust_0b348a9dd1,C0039
VYOMDEMO0001234567,ORD_VYOM_000502,20261006113437A916C382283DCC,240.00,INR,2026-10-06 11:34:37.0,CC,HDFC,HDFC,466197310541933,TXN_FAILURE,411,Invalid Amount sent to Paytm,ULAtixH+CdDF+jiPWLw6m/H3F91nDkeSAoDpfaWjP6U=,DYNAMIC_QR,cust_ecaca9bcdb,C0024
VYOMDEMO0001234567,ORD_VYOM_000418,202610061444059FF61F23729C6F,400.00,INR,2026-10-06 14:44:05.0,UPI,UPI,Paytm Payments Bank,441554654532275,TXN_SUCCESS,01,Txn Success,im8dxIOAYA+Vzc5R3hJfmfKoGhXbBiKacYfiFvAzhvY=,DYNAMIC_QR,cust_7504516d8c,C0019
VYOMDEMO0001234567,ORD_VYOM_000229,20261006181355498A9F3DDCC56E,340.00,INR,2026-10-06 18:13:55.0,UPI,UPI,Paytm Payments Bank,208353167941270,TXN_SUCCESS,01,Txn Success,k4n7lxVryTROFZwa/chrsG1xsqZKshkZ7o9aDHKr/Ag=,DYNAMIC_QR,cust_785ff6e6b2,C0010
VYOMDEMO0001234567,ORD_VYOM_001988,20261006191004FCD5364050EEB0,200.00,INR,2026-10-06 19:10:04.0,UPI,UPI,Paytm Payments Bank,99508931165941,TXN_SUCCESS,01,Txn Success,f0NNxrStgaEClJBz0Y91rNyPyFnWcbZzcRKliMah5CA=,DYNAMIC_QR,cust_5669b8558f,C0158
VYOMDEMO0001234567,ORD_VYOM_001762,20261006193904B5D47B7E7AD856,240.00,INR,2026-10-06 19:39:04.0,UPI,UPI,Paytm Payments Bank,701705949056941,TXN_SUCCESS,01,Txn Success,szisJ45c+/r9xXx6cQvS6LoIrmJIXfXtTzj/ARiYeTY=,DYNAMIC_QR,cust_2454d761f6,C0113
VYOMDEMO0001234567,ORD_VYOM_001267,2026100620341128822D2B671240,550.00,INR,2026-10-06 20:34:11.0,UPI,UPI,Paytm Payments Bank,79322185045183,TXN_SUCCESS,01,Txn Success,nfYTDF/uAu6TBMPor5n/7Gi1VMlWO5noyow6qeqCzYY=,DYNAMIC_QR,cust_6b44d63f59,C0058
VYOMDEMO0001234567,ORD_VYOM_001047,20261006213921E55C03DBF49B70,500.00,INR,2026-10-06 21:39:21.0,UPI,UPI,Paytm Payments Bank,204437005743544,TXN_SUCCESS,01,Txn Success,zA4qkUKi+TYrNqmmws6WjFN3Pibc/0EjacC+r8FxTKY=,DYNAMIC_QR,cust_c3657372a9,C0048
VYOMDEMO0001234567,ORD_VYOM_001964,202610062151377D27A4B67BC931,260.00,INR,2026-10-06 21:51:37.0,UPI,UPI,Paytm Payments Bank,665357632821137,TXN_SUCCESS,01,Txn Success,+u6siDYzQiiLYu36QoMUmRtF2tnYZBuIFd1J3JAMpAU=,DYNAMIC_QR,cust_ce8fdf862c,C0153
